"현대차, 승용 점유율 30%선 무너지나",http://www.bobaedream.co.kr/view?code=nnews&No=163457,"
 현대자동차가 올 3월 국내 승용 시장에 4만4,629대를 내보내며 점유율이 30.1%에 그쳤다. 내달엔 마지노선으로 파악되는 30%선 마저 붕괴될 우려가 관측된다.   
 7일 한국자동차산업협회와 한국수입차협회 통계자료에 따르면 2016년 3월 국내 판매된 승용차(상용차 제외)는 총 14만8,287대다. 현대차가 4만4,629대로 가장 많지만 기아차가 4만4,611대로 바짝 따라붙었다. 각각 점유율도 30.1%로 동일하다. 이어 수입차가 2만4,094대를 등록해 16.2%를 차지했다. 한국지엠이 1만5,549대로 10.6%, 르노삼성이 1만235대로 6.9%, 쌍용차가 9,069대로 6.1%를 획득했다. 
 

  지난 5년 전과 비교해 현대차는 7.5%P, 기아차는 2.7%P 점유율이 줄었지만 나머지는 모두 증가했다. 수입차의 경우 2011년 3월보다 두 배 정도 점유율이 높아졌고, 한국지엠은 1.5%P, 르노삼성은 4.6%P, 쌍용차는 2.3%P 각각 상승했다. 
 다만 기아차는 현대차와의 간극을 좁히며 입지를 강화하고 있다. 3월에는 단 18대 차이로 따라잡았다. 경차 모닝과 미니밴 카니발 등을 통해 현대차의 틈새 시장을 정확히 파고든 까닭이다. 올 들어 기아차는 전년대비 10%가 넘는 성장률을 기록, 한 자리 수 성장에 불과한 현대차를 뛰어넘는 것은 시간 문제라는 게 업계 판단이다. 
 발등에 불이 떨어진 현대차는 긴급 방어태세에 나섰다. 영업일선에 공문을 보내 시장점유율 35%선을 막아야 한다고 호소한 것. 특히 르노삼성의 SM6와 쉐보레 스파크 및 임팔라 등을 견제했다. 1분기 공격적으로 투입한 수입 신차와 할인 차종에 대해서도 주의를 요망했다. 
 물론 하반기 신형 그랜저의 출시가 남아있는 만큼 반등의 여지가 남아있다는 게 업계 시각이다. 업계 관계자는 ""2010년 3월에는 10대 중 4대가 현대차였는데 최근엔 3대로 줄었다""며 ""영업일선에 실적을 촉구하는 등 다급해진 분위기가 역력하다""고 말했다. 특히 ""하반기 대형 신차인 그랜저가 출시되기 전까지 어떻게 버틸 것인지가 관건""이라며 ""상반기에만 잘 버텨준다면 뒷심 발휘는 어렵지 않을 것으로 본다""고 전했다.     
 
오아름 기자 or@autotimes.co.kr 
출처-오토타임즈
 
 
 
<본 기사의 저작권은 오토타임즈에 있으며, 무단 전재 및 재배포를 금합니다>
 
                  "
"제네시스, 미국서 BMW 5시리즈 제쳤다",http://www.bobaedream.co.kr/view?code=nnews&No=163377,"

 
 현대자동차의 고급 세단 제네시스의 판매가 미국 시장에서 급증했다. 판매량으로 BMW 5시리즈를 제쳤다. 지난해 고급차 브랜드 제네시스의 출범 이후 이름값 효과를 보고 있는 것으로 분석된다.
 
 5일 자동차업계에 따르면 제네시스는 지난 3월 한 달간 미국 시장에서 전년 대비 32.4% 늘어난 3197대가 판매됐다. 
월 평균 2000여대 수준에 머물렀던 제네시스의 미국 판매는 2012년 7월 3103대를 기록한 이후 약 4년 만에 다시 3000대 고지를 밟았다.
 
 제네시스의 판매 급증으로 미국 중형 고급차 시장의 선두 다툼이 치열해졌다. 제네시스는 2월에 이어 3월에도 미국 중형 고급차 시장에서 차급 2위에 올랐다. 
 
 지난 2월 벤츠 E클래스를 제치고 처음으로 차급 2위에 오르며 업계를 놀라게 한 제네시스는 3월에는 3157대가 판매된 BMW 5시리즈를 근소한 차이로 제치고 2위 자리를 유지했다. 3월 한 달 간 1위는 E클래스가 차지했다.
 
 미국 중형 고급차 시장은 벤츠 BMW에 최근 급부상한 제네시스까지 3강 체제를 구축했다. 제네시스는 특히 올해 들어 1월 1559대, 2월 2532대, 3월 3197대로 판매 상승곡선을 그리고 있어서 조만간 차급 1위에 오를 가능성도 점쳐지고 있다. 
 
 업계에서는 제네시스의 급부상 이유를 ""럭셔리 브랜드 효과""라 분석한다. 지금까지 제네시스에 대해 '성능 좋고 경쟁력 있는 차'라고만 생각해 왔던 미국 소비자들이 제네시스 브랜드 론칭 이후 '고급차'로 받아들이기 시작했다는 설명이다. 
 
 현대차 관계자는 ""고급차 이미지가 더해지면서 제네시스가 미국 시장에서 유럽 프리미엄 모델들과 당당히 경쟁하고 있다""며 ""하반기 EQ900(해외명 G90)이 미국 시장에 투입되고 제네시스의 차명도 G80으로 변경되면 제네시스 돌풍은 더 확대될 것""이라고 말했다. 
 
 
안혜원 기자 anhw@hankyung.com 출처-한국경제
 
 
 
<본 기사의 저작권은 한국경제에 있으며, 무단 전재 및 재배포를 금합니다>
                  "
"쌍용차 티볼리 에어, 한 달 만에 5,000대 계약 돌파",http://www.bobaedream.co.kr/view?code=nnews&No=163528,"
 쌍용자동차가 티볼리 에어 출시 한 달 만에 5,000대 계약을 넘어섰다고 11일 밝혔다.
 
 쌍용차에 따르면 티볼리 에어는 3월8일 출시 후 4월8일까지 영업일 기준 일 평균 180~200대의 계약을 이어가고 있다. 이에 따라 출시 한 달 만에 5,100대를 돌파하면서 올해 내수 판매목표 1만대의 절반을 넘어선 것.
 
 티볼리 에어의 지난달 출고 상황은 남성 56.4%, 여성 43.6%로 고른 분포였다. 연령별로는 20대 21.8%, 30대 28.3%, 40대 27.9%였다. 50대와 60대 이상도 각각 18%, 4%로 집계됐다. 회사는 안전성, 720ℓ의 적재공간, 다양한 수납공간 등 SUV 본연의 활용성이 주효한 것으로 보고 있다.
 
 티볼리도 티볼리 에어와 같은 기간 누적 계약 대수 6,200대를 포함해 티볼리 브랜드 전체 1만1,300대를 넘어섰다. 가지치기 제품 출시로 인한 판매 간섭과 경쟁사의 마케팅에도 영향을 받지 않고 있다는 게 회사 설명이다.
 
 한편, 국내 소형 SUV 시장은 최근 기아차 니로가 가세해 경쟁이 치열해지고 있다. 올해 1분기 수요는 1만4,922대로 전년 동기대비 9.8% 증가했다. 이 가운데 티볼리는 9,954대로 66.7%를 점유했다.
 

 
안효문 기자 yomun@autotimes.co.kr 출처-오토타임즈
 
 
 
<본 기사의 저작권은 오토타임즈에 있으며, 무단 전재 및 재배포를 금합니다>
                  "
"폭스바겐, 국산차 수리비의 3배..보험료 상승의 주범(?)",http://www.bobaedream.co.kr/view?code=nnews&No=163513,"

파사트 
 
작년 국내 수입차 판매는 24만3900대로 국산차 판매량 157만9706대의 6분의 1 수준으로 성장했다. 이같은 급격한 성장에는 수입 프리미엄 브랜드의 공격적 마케팅과 국산 중형차 가격에 구입할 수 있는 보급형 수입차의 판매 확대가 전체적인 성장을 주도한 것이라는 판단이다.
 
하지만 부작용도 만만치 않다. 최근 국내 자동차 보험사는 잇따라 보험료 인상시켜 서민들에게 부담을 전가하고 있는데, 이면에는 수입차의 급격한 판매 확대와 이로 인한 손해율 상승이 주된 원인이라는 것이 업계의 분석이다. 보험개발원의 국산·외산별 평균수리비 현황에 따르면 수입차 평균수리비는 2014년 기준 275만원으로 국산차의 96만원 대비 3배를 기록했다.
 
비교적 저렴한 수입차도 수리비는 국산차 보다 월등히 높아 주의가 요구된다. 폭스바겐의 경우에는 작년 한햇동안 국내 시장에서 3만5778대를 판매해 수입차 전체 브랜드 중 판매 3위를 기록했다. 배출가스 조작 파문으로 글로벌 시장에서 인기가 크게 떨어진 것에 비하면 아이러니다. 할인 판매 등 폭스바겐의 대대적인 이벤트에 더해 친환경을 외치면서도 다른 행동을 보이는 국내 소비자들의 소비 형태가 맞물린 까닭이다.
 
파사트, 스크래치 부위 
 
최근 입수한 폭스바겐코리아의 파사트 수리비 견적서를 살펴보면 수입차 수리비에 대한 단상을 그대로 확인할 수 있다. 견적서 상에는 리어하우스 패널과 리어도어 캐치의 손상에 대한 견적 금액으로 약 123만원이 청구됐다. 스크래치 치고는 정비 수리비용이 예상을 뛰어넘는 액수다.
 
대상 차량은 2015년 등록된 차량가격 3890만원의 폭스바겐 파사트 2.0 TDI 모델이다. 123만6993원의 청구 금액 중 부품은 19만4039원, 공임은 93만500원이 발생됐다. 교체 부품인 도어핸들캐치의 부품 가격은 국산차 범퍼 값 수준인 10만292원, 몇 백원짜리 소모품인 브라켓의 가격은 3만7345원이다.
 
청구된 금액의 대부분을 차지하는 부분은 공임이다. 폭스바겐코리아의 자체 견적 프로그램을 이용해 산정된 금액으로 견적서 상의 TU는 시간단위를 나타낸다. 100TU는 한 시간을 의미한다. 일반적인 폭스바겐의 시간당 공임은 6만8000원, 보험사의 경우 할인율이 적용돼 5만6000원의 시간당 공임이 적용된다.
 
파사트, 스크래치 견적서 
 
단순히 정비로 인한 소요 시간에 대한 금액이라고 가정하면 크게 비싸다는 느낌은 없다. 하지만 시간당 공임의 산정 방법을 살펴보면 얘기가 달라진다. 판금과 도색, 도어핸들 교체를 위한 정비 작업에는 각각의 탈부착 시간으로 산정돼 합산된다. 특히 5분 남짓 소요되는 비닐 마스킹 작업에 13만4400원이 책정됐다.
 
페인트 재료대는 31만4500원이 청구됐다. 폭스바겐에서 사용되는 블랙컬러 페인트는 2리터 기준 소매가가 4만원 수준이다. 2리터는 차량 전체 도색이 가능한 용량으로 차량당 1판의 도색을 기준으로 수십대의 도색이 가능한 용량을 한 명의 소비자에게 부가한 셈이다.
 
폭스바겐 골프를 타고다니는 김모 씨는 “폭스바겐 서비스센터에서는 사설업체에서 손톱만큼이라도 도색한 흔적이 확인되면 보증수리를 해주지 않는다”며 “보증수리를 받기 위해서는 경미한 스크래치의 수리도 공식 서비스센터를 이용해야 해 시간과 비용의 부담이 크다”며 혀를 내둘렀다.
 
파사트, 스크래치 견적서 
 
고가의 수입차 수리비는 국내 자동차보험사의 수익성 악화, 그리고 전체 자동차 보험료의 인상으로 이어져 국민 전체의 재정적 부담으로 전가됐다. 올해 수입차 상위 업체들의 매출액은 2~3조원 수준으로 일부 국산차 제조사의 매출액을 넘보는 수준으로 성장했다. 성장에 걸맞는 합리적인 수리비 책정이 요구되는 시점이다.
 
 
이한승 기자   hslee@dailycar.co.kr출처-데일리카
 
 
 
<본 기사의 저작권은 데일리카에 있으며, 무단 전재 및 재배포를 금합니다>
                  "
"현대기아차, 글로벌 누적판매 1억대 임박",http://www.bobaedream.co.kr/view?code=nnews&No=163529,"
 현대기아차가 이달 중 글로벌 누적판매 대수 1억대를 넘어설 전망이다.
 
 11일 회사에 따르면 1억대 판매는 기아차가 1962년 자동차 판매를 시작한 이후 54년 만에 달성한 기록이다. 지난 1962년부터 올해 3월까지 세계 자동차 시장에서 현대차 6,402만대, 기아차 3,568만대 등 총 9,970만대를 판매한 것으로 집계됐다. 이에 따라 회사는 이달 중 1억대 누적판매를 이룰 수 있을 것으로 보고 있다.
 
 현대기아차는 1993년 1,000만대를 돌파했다. 해마다 연간 판매 기록을 경신하며 2008년 5,000만대, 지난해 1월 9,000만대를 넘어섰다. 회사는 1억대 달성을 수출 중심의 해외 판매가 주도한 것으로 분석했다. 산업 기반이 취약하고 기술력이 부족한 후발주자로서의 어려움과 협소한 내수시장의 한계를 해외시장 공략을 통해 극복한 것.
 
 1998년부터 해외 판매가 국내 판매를 넘어섰으며 지난 한 해 동안 판매된 802만대 중 해외 판매 비중이 84%에 달한다. 지난달까지 국내 총 판매는 2,982만대, 수출·해외공장 판매를 합한 해외 판매는 6,988만대로, 해외에서만 70% 이상 판매했다. 또한, 내수와 수출을 합한 국내공장 생산 판매대수와 해외공장 생산 판매대수로 나누면 각각 6,886만대, 3,084만대로 국내공장 생산 판매대수가 전체 누적판매의 약 69%를 차지했다는 게 회사 설명이다.
 
 제품별로는 현대차 아반떼(엘란트라 포함)가 1990년 출시 이후 1,119만대가 판매돼 가장 많이 팔렸다. 이어 엑센트 824만대, 쏘나타 783만대가 뒤를 이었다. 기아차는 1986년 출시된 프라이드가 422만대, 1993년 선보인 스포티지가 403만대 판매됐다.
 

 
오아름 기자 or@autotimes.co.kr 출처-오토타임즈
 
 
 
<본 기사의 저작권은 오토타임즈에 있으며, 무단 전재 및 재배포를 금합니다>
                  "
"BMW, ‘5시리즈 프로 에디션’ 출시..안전사양 강화",http://www.bobaedream.co.kr/view?code=nnews&No=163588&bm=1,"

BMW 5시리즈 
 
 BMW코리아는 베스트셀링 모델인 5시리즈에 프리미엄 옵션인 드라이빙 어시스턴트 플러스를 추가한 ‘5시리즈 프로(PRO) 에디션’을 출시했다고 11일 전했다.
 
 5시리즈 프로 에디션은 동급 수입차 세그먼트에 적용되지 않았던 ‘드라이빙 어시스턴트 플러스’가 기본으로 장착된 것이 가장 큰 특징이다. 이는 차선 이탈 경고, 전방 충돌 방지, 보행자 인지 기능 등 주행 안전을 강화한 기능 및 액티브 크루즈 컨트롤을 포함한 플래그십 모델에 장착되어온 프리미엄 옵션이다.
 
 차선 이탈 경고는 차체에 장착된 카메라를 통해 좌우 차선을 인지, 70km/h 이상에서 방향 지시등 작동 없이 차선을 변경하거나 넘어갈 경우 스티어링 휠에 진동을 발생시켜 운전자에게 경고해주는 기능이다. 10~60km/h에서 작동되는 전방 충돌 방지 기능은 전방 카메라를 통해 앞 차량과의 충돌이 예상되면 브레이크가 개입함으로써 충돌과 제동 거리를 최소화하며, 보행자 인지 기능은 마찬가지로 전방 카메라를 통해 보행자를 인지하고 보행자와의 거리가 가까워질 경우 경고음 작동, 충돌이 예상될 경우 브레이크가 개입해 보행자의 피해를 최소화한다.
 
 또한, 액티브 크루즈 콘트롤은 약 30~210km/h 속도에서 앞 차와의 간격이 좁아지면 출력을 감소시키고 브레이크를 개입시켜 차량의 속도를 줄이고, 만약 앞 차가 정지하면, 탑승자의 차량 역시 완전히 정지시킨다. 이를 통해 운전자는 최소한의 주의만으로 편안한 주행이 가능해진다.
 
 이와 함께, 실내 인테리어와 외관 디자인도 더욱 고급스럽게 업그레이드됐다. 먼저 520d 와 520d xDrive M 에어로다이내믹 프로 에디션의 경우, 더욱 스포티한 디자인과 그립감을 자랑하는 M 스포츠 스티어링 휠이 추가됐다. 528i 와 528i xDrive M 에어로다이내믹 프로 에디션 모델에는 M 스포츠 스티어링 휠 뿐만 아니라 LED 헤드라이트가 적용됐다. 530d xDrive M 에어로다이내믹 프로 모델에는 M 스포츠 스티어링 휠과 함께 강력한 외관 이미지를 더해줄 수 있는 블랙 키드니 그릴과 카본 미러캡이 적용됐으며, 휠 역시 19인치 M 더블 스포크 스타일 휠로 업그레이드 됐다.
 
 한편, 새롭게 출시된 5시리즈 프로 에디션의 가격은 ▲520d M 에어로다이나믹 프로 6330만원 ▲520d x드라이브 M 에어로다이나믹 프로 6730만원 ▲520d 럭셔리 플러스 프로 6930만원 ▲520d x드라이브 럭셔리 플러스 프로 7320만원 ▲528i M 에어로다이나믹 프로 6820만원 ▲528i x드라이브 M 에어로다이나믹 프로 7210만원 ▲528i 럭셔리 플러스 프로 7350만원 ▲528i x드라이브 럭셔리 플러스 프로 7750만원 ▲530d x드라이브 M 에어로다이나믹 프로 8240만원이다(개소세 인하 가격).
 
 
김송이 기자   sykim@dailycar.co.kr출처-데일리카
 
 
 
<본 기사의 저작권은 데일리카에 있으며, 무단 전재 및 재배포를 금합니다>
                  "
"[시승기] SM6 TCe, 3천만원대로 즐기는 수입차 감성",http://www.bobaedream.co.kr/view?code=nnews&No=163587&bm=1,"

 
 르노삼성자동차 SM6 1.6 TCe를 시승했다. 르노의 탈리스만의 국내형 모델인 SM6는 고급스러운 외관 디자인과 고속에서의 주행 안정감이 특징이다. 특히 국산 중형차 최초로 LED 헤드램프와 19인치 휠, 액티브 댐핑 컨트롤을 적용해 수입 고급세단과 비견되는 감성을 담아 매력적이다.
 
 르노삼성 SM6의 인기가 예상을 뛰어넘고 있다. 출시 첫달인 3월 SM6는 국내에서 6751대가 판매돼 현대차 쏘나타를 바짝 추격했다. 쏘나타의 3월 판매량 7053대에는 전 세대 모델인 YF쏘나타가 611대 포함돼 사실상 SM6가 중형차 판매 1위를 달성한 분위기다.
 
 SM6는 르노그룹의 글로벌 전략 모델로 르노와 르노삼성이 5년간 7억 유로(약 9162억원)를 투자해 개발했다. SM6는 르노-닛산 얼라이언스가 공동으로 사용하는 CMF 플랫폼의 최상위 아키텍처 CMF D를 기반으로 설계됐으며, 공용 플랫폼을 통해 절감된 생산 비용을 디자인과 품질 강화에 투자한 것으로 알려졌다.
 

 
■ 감각적인 외관 디자인
 
 SM6의 외관 디자인은 낮고 넓은 이미지가 강하다. 평평한 보닛과 함께 상대적으로 낮게 위치한 헤드램프와 그릴은 스포티한 이미지를 연출한다. 중세시대 기사의 투구를 연상케하는 LED 주간주행등은 향후 출시될 르노와 르노삼성 신차에 공통적으로 적용될 아이템이다. 탈리스만과 SM6는 보닛과 그릴이 만나는 부분의 형상이 일부 다른데, 르노와 르노삼성의 엠블럼이 다르기 때문이다.
 
 측면은 면을 강조한 디자인으로 완만한 후방 유리면을 통해 쿠페형 실루엣을 갖는다. C필러에 오페라 글래스를 적용해 개방감을 높였다. 또한 뒤로 갈수록 숄더 라인의 볼륨감이 풍부해지는 디자인을 적용해 역동성을 강조했다. 디자인 초기부터 대형 휠이 고려돼 19인치에 달하는 휠이 부담스럽지 않아 보인다.
 
 후면에서는 리어램프를 얇게 처리하고 콤비네이션 램프를 길게 위치시켜 와이드한 이미지를 강조했다. 상위 트림에는 3D 타입 LED 리어 콤비네이션 램프와 일체형 머플러팁이 적용된다. 번호판이 범퍼로 이동한 간결한 디자인으로 경쟁 모델과는 다른 이미지를 연출한다.
 
■ 스마트폰과 유사한 유저 인터페이스
 

 
 실내는 8.7인치 세로형 인포테인먼트 모니터가 분위기를 주도한다. 전기차 제조사 테슬라나 신형 볼보 XC90과 유사한 구성으로 태블릿 PC와 유사한 인터페이스가 특징이다. 대시보드와 도어트림에 인조가죽을 덧대 고급감을 높였으며, RE 트림에 적용된 퀼팅시트와 윙 타입 헤드레스트는 대형차에서나 볼 수 있던 아이템으로 매력적이다. 기존 르노삼성차와 다르게 시트포지션은 적절하다.
 
 시승한 모델은 SM6 1.6 TCe로 1.6리터 4기통 가솔린 터보엔진이 적용된다. 5750rpm에서 최고출력 190마력, 2500rpm에서 최대토크 26.5kgm를 발휘해 2.7리터급 자연흡기 엔진과 유사한 출력을 갖는다. 게트락사의 습식 7단 듀얼클러치 변속기와 조합된다. 19인치 기준 공차중량은 1435kg으로 SM6 2.0 대비 15kg 무겁다. 복합연비는 12.8km/ℓ(도심 11.6, 고속 14.8)다.
 
 SM6의 일상주행에서의 주행감각은 부드럽다. 낮은 회전부터 발생되는 여유 있는 토크로 인해 매끄러운 발진 가속이 가능하다. 특히 외부에서 발생되는 소음의 유입을 상당히 잘 차단하고 있는데, 차음 윈드실드의 적용과 꼼꼼한 윈드실드의 마감처리가 돋보인다. 차체 바닥으로부터 유입되는 소음도 효과적으로 차단했다. 다만 정차시 엔진 진동이 다소 전달되는 점은 개선이 필요해 보인다.
 

 
■ 멀티센스를 통한 다양한 주행감각
 
 SM6 상급 트림에는 5가지 주행모드를 제공하는 멀티센스가 지원된다. 4가지 기본모드와 1가지 사용자 설정모드를 통해 엔진과 변속기의 반응, 엔진 사운드, 조향감, 승차감, 계기판의 디자인과 엠비언트 라이트 등 서로 다른 주행감각과 실내 분위기를 연출한다. 각각의 모드는 세부적인 설정을 변경할 수 있어 사용자의 취향을 반영하는 것이 가능하다.
 
 멀티센스의 설정 중 가장 크게 다가오는 부분은 엔진음과 액티브 댐핑 컨트롤의 변화다. 각각의 기능은 컴포트와 뉴트럴, 스포츠의 3가지 모드를 지원하는데, 컴포트와 스포트의 감각 변화는 확연히 전달된다. 일상주행에서 가장 만족감이 큰 설정은 엔진음과 서스펜션을 컴포트에 맞추는 것으로 경쟁 중형차 대비 고급스러운 감각이 특징이다.
 
 SM6는 기본적으로 롤을 다소 강하게 억제한다. 이는 유럽차에서 공통적으로 나타나는 특징으로 좌우측 바퀴에 불규칙한 요철이 전달되는 상황에서의 좌우 움직임이 거칠다. 스포츠 모드에서는댐퍼의 압이 높아져 노면의 굴곡을 보다 직접적으로 전달한다. 이런 특성으로 인해 고속주행에서 노면과의 밀착력이 높아지는데 결과적으로 안정감이 향상되는 반면 승차감은 떨어진다.
 
 굽이진 길에서는 프랑스차 특유의 민첩한 핸들링 감각을 보인다. 전자식 스티어링 휠이 적용됐으나 이로 인한 이질감은 느껴지지 않는다. 19인치 휠과 타이어는 무난한 그립감을 보이나 타이어 그립의 한계가 불분명하게 느껴진다. 코너링 한계에서의 전반적인 움직임은 기존 프랑스차와 비교할때 다소 둔한 감각도 보이는데, 리어 스티어링 조향 시스템의 부재가 아쉽다.
 
■ 수준 높은 고속 주행감각
 
 SM6는 고속 영역에서의 펀치력이 인상적이다. 특히 80~160km/h에서의 가속은 제원상 수치를 앞선다. 가상 엔진사운드는 일상적인 엔진회전 영역인 2000rpm 부근에서는 단순히 엔진음이 커진 것으로 느껴져 크게 매력이지 않은 반면, 4000-5700rpm의 고회전에서는 고성능 터보차를 연상케하는 매력적인 엔진 사운드를 만들어낸다.
 
 고속주행에서는 효과적인 외부 소음 유입의 억제와 단단한 차체, 그리고 서스펜션의 감각이 맞물려 실제 속도보다 낮은 속도감이 특징이다. 또한 잦은 제동에서도 쉽게 지치지 않는 브레이크 시스템은 경쟁모델 대비 앞서는 부분이다. 차의 기본기에 해당하는 잘 달리고, 잘 돌고, 잘 서는 부분에서 SM6 1.6 TCe의 만족감은 상당히 높은 수준이다.
 
 SM6는 전반적인 차의 완성도가 상당히 높은 것으로 판단된다. 그러나 일부 단점도 확인되는데, 과속방지턱을 빠르게 넘어서는 동작에서는 전륜에서 충격이 전달된다. 전륜의 댐퍼가 수축되는 과정과 달리 이완되는 속도가 느리게 느껴진다.
 
 반면 출시 초기 논란이 됐던 리어 서스펜션은 승차감 부분에서 좌우 연결형 서스펜션 특유의 거친 움직임은 느껴지지 않는다. 아이들링 스탑 상황에서 스티어링 휠이 조작되지 않는 점과 룸미러의 일부 시야를 천정의 콘솔이 가리는 점 등은 개선이 필요해 보인다.
 
 시승기간 동안 SM6 TCe는 누적 평균 11km/ℓ를 기록했다. 도심보다는 고속주행에서의 연비가 인상적인데, 80km/h에서는 19km/ℓ 전후의 평균 연비를 기록했다. 동력손실이 적은 듀얼클러치 변속기와 퓨얼컷을 적극적으로 활용하는 특성이 항속주행에서의 좋은 연비로 나타났다.
 





 
 
이한승 기자   hslee@dailycar.co.kr출처-데일리카
 
 
 
<본 기사의 저작권은 데일리카에 있으며, 무단 전재 및 재배포를 금합니다>
                  "
"르노삼성은 '실속', 쉐보레와 쌍용차는 '빈속'",http://www.bobaedream.co.kr/view?code=nnews&No=163586&bm=1,"
 지난해 국산차 하위 3사의 경영 실적이 극명하게 엇갈렸다. 내수 판매 '5위'를 기록한 르노삼성자동차가 유일하게 순이익을 기록해 실속을 챙겼고, 한국지엠과 쌍용차는 적자가 컸던 것으로 나타났다.  
 
 11일 완성차 업계 실적에 따르면 르노삼성은 지난해 매출액 5조183억원을 달성하며 전년 대비 26.3% 성장했다. 완성차 매출액이 4조455억원으로 전년보다 1조원 가량 증가했고, 영업이익은 3,262억원으로 220% 이상 늘었다. 당기순이익도 27.7% 오른 2,512억원을 기록했다. 이는 내수보다 수출 실적을 끌어올리며 전체 판매를 확대한 결과라는 게 업계 설명이다. 실제 르노삼성은 지난해 내수가 전년과 비슷한 8만대였지만 수출은 65.9% 늘어난 14만9,065대를 기록했다.  
 
 같은 기간 쌍용차는 티볼리 선전으로 내수에 44.4% 증가한 9만0,664대를 내보냈지만 해외 시장이 37.4% 줄어든 4만5,100대에 그쳤다. 매출액은 전년 대비 1.9% 늘어난 3조3,900억원을 달성했지만 영업손실액은 358억1,179만원으로 집계됐다. 금융비용 증가로 당기순손실도 619억원을 냈다. 영업손실은 그나마 줄었지만 당기순손실은 110억원 늘었다. 
 
 한국지엠은 지난해 국내 소비자에게 15만8,404대를 인도해 내수 3위를 지켰다. 다만 수출에서 부진해 전체 판매는 1.4% 감소한 62만1,872만대에 머물렀다. 매출은 11조9,317억원으로 전년 대비 7.6% 감소했고, 영업손실은 5,943억원, 당기순손실은 9,868억원으로 각각 400%, 279% 크게 늘었다. 러시아 시장 철수, 주요국 수출 악화, 환율 변동 등이 영향을 미쳤다. 이로써 지난해 내수 판매 성적표는 한국지엠, 쌍용차, 르노삼성 순이었지만 재무제표 상에선 완전히 뒤집혔다. 
 
 완성차 업계는 ""제조업에선 매출 및 영업이익률이 중요한데 이는 판매 성적뿐 아니라 비용 측면에서 출혈이 없어야 가능하다""며 ""올해 하위 3사의 경영실적도 수입이 아니라 지출에서 판가름 될 것으로 관측된다""고 말했다.  
 

 
오아름 기자 or@autotimes.co.kr
출처-오토타임즈
 
 
 
<본 기사의 저작권은 오토타임즈에 있으며, 무단 전재 및 재배포를 금합니다>
                  "
"렉서스, 초소형 콘셉트카 ‘LF-SA’ 공개..카리스마 ‘눈길’",http://www.bobaedream.co.kr/view?code=nnews&No=163585&bm=1,"

렉서스 LF-SA 
 
 렉서스는 오는 6월 15일까지 서울 잠실 롯데월드몰에 위치한 ‘CONNECT TO ’ 에서 렉서스의 초소형 콘셉트 카 ‘LF-SA’를 전시한다고 12일 밝혔다.
 
 지난해 제네바 모터쇼에서 처음 공개된 LF-SA는‘Lexus Future Small Adventurer (미래의 작은 모험가)’를 의미한다. 자동화 운전 기술이 널리 보급될 미래의 생활 방식 안에서도 운전의 즐거움을 추구하는 정신을 그 이름에 담았다.
 
 LF-SA는 일상생활에서 최신 기술에 의한 자율주행이 진행되는 가운데서도 운전자가 스스로 운전하는 기쁨을 표현한 스터디 모델이다.
 
 프랑스 니스에 거점을 둔 디자인 스튜디오 ED2(ED 스퀘어)가 기획에서부터 모델 제작까지 담당했으며, 전체적인 외관은 각이 진 차체 조형에 의해서 보는 각도와 시간에 따라 표정이 변화하는 듯 다른 느낌으로 보이는 것이 특징이다.
 
렉서스 LF-SA 
 
 전면은 엠블럼을 중심으로 한 방사 패턴의 스핀들 그릴이 입체적으로 전면 펜더에 이어져 차체의 안정감을 강조하고, 측면은 휠 아치 위의 대담한 깎아 내기에 의한 구성 면이 다이나믹하면서도 전진하는 강력함을 표현하고 있다.
 
 후면 디자인은 스핀들 그릴 형상을 표현한 L자형의 램프 클러스터와 조화를 이루는 2단 형의 스타일링이 특징이다. 또한, 렉서스의 트레이드마크인 화살촉 모티브도 디자인에 곳곳에 적용됐다.
 
 렉서스 관계자는 “LF-SA는 렉서스가 지금까지 발을 들여 놓지 않았던 영역인 2+2인승의 울트라 콤팩트 클래스에서 대담하고 가슴을 두근거리게 하는 최첨단 디자인 트렌드와 렉서스가 추구하는 궁극의 고객감동을 구현한 모델”이라고 말했다.
 
 한편, 지난 2014년 10월 오픈 이후 자동차와 함께 다양한 문화요소를 결합해 새로운 라이프 스타일을 제안해온 ‘CONNECT TO’는 개장 1년 6개월째인 4월 초 기준으로 누적 방문객 40만명을 돌파했다.
 
렉서스 LF-SA 
 
 
김송이 기자 sykim@dailycar.co.kr
출처-데일리카
 
 
 
<본 기사의 저작권은 데일리카에 있으며, 무단 전재 및 재배포를 금합니다>
                  "
"[기자파일] 자율주행차, 효율 측정에 도입된다면...",http://www.bobaedream.co.kr/view?code=nnews&No=163578&bm=1,"
 자율주행 기술이 강화된 환경 규제를 돌파하기 위한 자동차 제조사의 새로운 해결책으로 떠오르고 있다.
 
 자율주행 기술은 이미 우리 운전 생활을 바꿔놨다. 자동차 업계에선 2020년이면 스스로 완전히 통제하는 자율주행차가 상용화될 것이란 전망을 일찌감치 내놨다. 여기에 자율주행차에 적용될 다양한 기술은 이미 도로 위를 달리는 수많은 자동차에 적용돼 있다. 방향지시등을 켜지 않고 차선을 옮길 때 각종 경고음과 진동 등으로 운전자에게 신호를 보내는 차선이탈경보 시스템, 충돌 위험이 감지되면 미리 브레이크를 작동시켜 속도를 줄이거나 완전히 차를 멈춰 세우는 자동 긴급제동 시스템, 페달만 조작하면 좁은 공간에도 손쉽게 차를 세울 수 있는 자동 주차 어시스트 등이 대표적이다.
 

 이처럼 안전분야에서 각광을 받는 자율주행 기술이 최근 연료효율 개선과 배출가스 저감에서 두각을 나타내고 있다. 전문가들은 자율주행차가 더 많이 보급될수록 도로 위에서 낭비하는 연료가 획기적으로 줄어들 것이라고 강조한다.
 자율주행차의 핵심은 연결성이다. 차와 차, 차와 도로 등이 서로 정보를 주고 받으면서 교통 흐름을 예측하게 된다. 내비게이션의 실시간 교통정보를 확인하고 덜 막히는 우회로를 찾아가듯 차가 스스로 원활한 도로를 선택해 달릴 수 있다는 것. 자연스럽게 교통량이 분산되고 급제동이나 급출발 등이 줄면서 운송분야 전체의 효율이 개선되는 효과를 기대할 수 있다.
 

 따라서 자율주행 기술은 자동차 제작사들에게 실질적인 친환경 혜택을 제공할 수 있다. 카네기멜론대학 기계공학 연구진에 따르면 자율주행 기술을 기반으로 연료효율을 측정할 경우 현행 미국 환경보호청(EPA) 기준으로 수치가 10% 개선되는 효과가 있다. 세계적으로 자동차 연료효율과 배출가스에 대한 규제가 강화되는 상황에서 이런 연구 결과는 희소식이 아닐 수 없다.
 
 우리나라의 경우 2009년부터 2020년까지 단계적으로 평균 효율과 배출가스 기준이 점차 강화된다. 2020년이면 국내에서 자동차 회사가 판매하는 승용차의 평균 효율이 ℓ당 24.3㎞ 이상 또는 평균 온실가스 배출량은 ㎞당 97g 이하를 충족해야 한다. 미국의 경우 평균 효율 기준을 2025년까지 ℓ당 약 23.9㎞, 일본은 2020년까지 ℓ당 20.3㎞, 유럽연합은 2020년 ℓ당 26.5㎞까지 기준을 끌어올릴 계획이다. 이러한 각국의 규제는 효율이 떨어지는 몇몇 차종을 퇴출하고 소수의 친환경차를 추가하는 것만으로는 결코 통과할 수 없다. 시판 중인 차의 평균치로 판단하기 때문이다.
 
 아직까지 효율 측정 기준에 자율주행 기술을 적용한 나라는 없다. 그러나 자율주행차는 먼 미래의 이야기가 아니다. 스스로 달리는 자동차가 도로 위의 현실이 된다면, 그리고 지금보다 친환경적이라면 선제적인 고민이 필요하지 않을까. 더불어 규제 강화가 기업의 적극적인 연구 개발을 이끌어 낼 수 있는 흔치 않은 사례이니 말이다.
 
 
안효문 기자 yomun@autotimes.co.kr출처-오토타임즈
 
 
 
<본 기사의 저작권은 오토타임즈에 있으며, 무단 전재 및 재배포를 금합니다>
                  "
"아시아 스피드페스티벌(AFOS), 내달 13~15일 영암서 열려",http://www.bobaedream.co.kr/view?code=nnews&No=163577&bm=1,"
 전라남도와 전남개발공사가 오는 5월13~15일 영암 국제자동차경주장에서 'AFOS(Asia Festival of Speed)' 대회를 개최한다고 밝혔다.
 
 11일 전남개발공사에 따르면 이번 AFOS 대회는 GT3, GTM 등 2개 클래스로 구성된다. 페라리 458, 아우디 R8, 애스턴마틴 밴티지, 벤틀리 컨티넨탈, 맥라렌 650S 등 8개 메이커 20대 이상의 경주차가 출전한다.
 
 경주차들은 공정한 경쟁을 위해 국제자동차연맹(FIA)의 경주차 등록(Homologation)을 통해 성능 평준화를 거치게 된다. 참가 차종별로 시험을 통해 엔진에 들어가는 공기의 양이나 차의 무게 및 높이 등의 조정을 통해 최대한 평준화되도록 규정하는 것. 지난해 성적이 좋았다면 올해는 성능을 떨어뜨리기 위한 규정도 적용하게 된다.
 
 대회는 1시간 동안 누가 더 멀리 주행했는가에 따라 순위를 결정하는 '주행거리 시스템'을 적용한다. 규정상 경주거리는 90~140㎞, 특별한 상황이 발생할 경우 40~60분 동안 주행 후 경주를 마친다. 그렇지 않을 경우 팀에 페널티가 부과된다.
 
'플래티넘, 골드, 실버, 브론즈'로 드라이버 기량 차이에 따라 구분하는 선수 조합도 특징이다. 능력 있는 선수가 특정 팀으로 쏠리는 것을 막기 위한 조처다. 플래티넘과 골드는 브론즈와만 짝을 구성할 수 있다. 브론즈는 등급의 상관없이 다른 운전자와 조를 짤 수 있다.
 
 한편, 이번 대회를 관람 할 수 있는 티켓 온라인 구매는 옥션(:http://www.auction.co.kr), G마켓(http://www.gmarket.co.kr)에서 가능하다. 자세한 사항은 전남개발공사 KIC사업소(www.koreacircuit.kr, 061-288-4242, 4243)로 문의하면 된다.
 

 
안효문 기자 yomun@autotimes.co.kr 출처-오토타임즈
 
 
 
<본 기사의 저작권은 오토타임즈에 있으며, 무단 전재 및 재배포를 금합니다>
                  "
"총선 D-1, 자동차 관련 공약의 쟁점은?",http://www.bobaedream.co.kr/view?code=nnews&No=163576&bm=1,"
 제 20대 총선이 하루 앞으로 다가왔다. 선거 때마다 등장하는 경제 활성화 관련 공약이 올해도 어김없이 등장하는 가운데 '야(野) vs 야(野)'의 대결이 벌어지는 광주에서는 자동차 관련 공약을 놓고 공방이 한창이다. 자동차 산업은 일자리 창출 능력이 뛰어나기 때문에 언제나 초미의 관심사여서다. 하지만 자동차업계에선 이들 공약(公約)을 놓고 '현실 가능성 없는 공약(空約)'이 될 수 있다는 현실론이 제기되는 중이다.  
 
 지난 2월 광주시는 대선 공약 사업인 자동차 100만대 생산기지 조성을 20대 총선 공약으로 채택해 달라고 각 정당에 건의했다. 광주의 미래 먹거리 및 일자리 창출과 직결된 지역의 현안사업이기 때문이다. 이에 따라 광주 지역에 출마하는 각 후보 간 자동차 관련 공약이 쏟아지고 있다.  
 

  더불어민주당은 삼성의 전장사업부를 광주로 이전하겠다는 약속을 내걸었다. 삼성전자의 전장산업 핵심사업부를 광주에 유치하면 향후 5년간 2만개 일자리를 창출할 수 있다는 것. 이를 위해 당은 삼성전자 출신 양향자 후보를 전면에 내세웠다. 광주 서구 을에 출마하는 양 후보는 리튬전지·수소연료·모터엔진·경량소재 등 전장사업의 광주 투자유치와 강력한 보조금 정책을 통한 전기차 시장성 확보, 그린카·스마트카 전진기지를 위한 사업플랫폼 구축 등을 핵심공약으로 제시했다 .   같은 지역구에 출마하는 국민의당 천정배 후보 역시 자동차 100만대 상산기지 구축에 따른 일자리 창출을 약속했다. 이를 위해 자동차 전용 임대산단 조성, 친환경 자동차 혁신 클러스터 조성, 특화분야 유망기술 개발 등을 공약으로 내세웠다. 이를 통한 경제 유발효과는 생산 1조5,000억원, 부가가치 4,600억원, 고용 1만5,000여명의 달성이 가능하다는 주장이다. 여기에 매월동 일원에 자동차 에너지관련 연구소를 유치해 산학연 혁신 클러스터를 조성하고, 핀란드 알토대학을 모델로하는 융합과학기술대학원을 설립한다는 방침이다.   여당인 새누리당의 광주 핵심 공약도 자동차 100만대 도시 조성이다. 광산구을에 출마하는 심정우 후보는 광주빛그린산단 미래자동차 특구 지정, 수완지구 복합문화공연장 건립, 광주 자동차 100만대 생산도시 완성 등을 공약으로 제시했다. 
 
 이 같은 자동차 관련 공약은 중요 현안인 만큼  각 당의 차원에서도 지원사격에 나섰다. 더불어민주당 김종인 비상대책위 대표는 ""광주는 기아차 공장에서 연간 62만대의 생산능력을 보유한 자동차 생산기반 최적합지""라며 ""광주 경제 살리기와 일자리 창출에 모든 것을 걸 것""이라고 말했다. 이에 국민의당 안철수 대표는 ""정당이 선거 앞두고 특정 기업의 공장 유치를 얘기한다 것은 정치가 시키면 기업이 무조건 따라야 한다고 생각하는 5공식 발상""이라고 견제에 나섰다. 
 
 그런데 전문가들은 정당 및 후보들의 공약에 대해 현실 가능성을 낮게 보고 있다. 특히 국내의 경우 자동차 생산이 포화 상태여서 더 이상 생산이 늘지 않고 있어서다. 비용 경쟁력 측면에서 해외 공장 건설이 국내보다 기업에겐 유리하다는 얘기다. 최근 현대기아차가 해외 공장에 적극 투자한 것도 결국 국내와 해외 생산량의 비중 조절을 위한 조치로 해석되기 때문이다. 더불어 삼성전자의 전장사업 유치도 마찬가지다. 아직 사업의 내용조차 구체화되지 않은 상황에서 공장 유치를 언급하는 것 자체가 지나치게 앞서 간다는 분석이다. 
 
 이와 관련, 자동차업계 관계자는 ""정치권이 기본적인 자동차산업의 특성을 제대로 이해하는 정당과 후보가 별로 없는 것 같다""며 ""지금 자동차업계에 중요한 것은 미래를 위한 연구개발이지 생산능력 확대가 아니다""라고 설명했다. 
 
 한편, 광주는 기아자동차 공장 및 현대모비스 공장, 현대기아자동차기술연구소 및 자동차부품연구원 등이 들어서 있다. 지난해에는 자동차분야의 창업생태계 조성과 수소연료전지기술 등 미래산업 발전을 위해 현대차그룹이 광주광역시와 함께 설립한 광주창조경제혁신센터가 출범하는 등 자동차의 도시로 불리고 있다. 자동차업계 관계자는 ""지금 갖추어진 인프라를 어떻게 활성화시킬지 고민하는 게 우선""이라며 ""공장 유치와 생산량 증대는 지키지 못할 약속이 될 가능성이 높다""고 지적했다. 
 
 
김성윤 기자 sy.auto@autotimes.co.kr 
출처-오토타임즈
 
 
 
<본 기사의 저작권은 오토타임즈에 있으며, 무단 전재 및 재배포를 금합니다>
                  "
"포르쉐, WEC 타이틀 방어전..919 하이브리드 투입",http://www.bobaedream.co.kr/view?code=nnews&No=163573&bm=1,"

포르쉐 919 하이브리드 
 
 포르쉐는 오는 17일 실버스톤에서 열리는 ‘2016 FIA 세계 내구 레이스 챔피언십(WEC) ’에서 타이틀 방어에 나선다고 11일 전했다.
 
 오는 6월에 열리는 르망 24시는 챔피언십 시리즈 세 번째 레이스로 시즌 하이라이트가 될 전망이다. 포르쉐 919 하이브리드는 혁신적 파워트레인 컨셉에 2리터 V4 터보차지 가솔린 엔진, 두 개의 에너지 회생 시스템을 탑재하면서 효율성이 크게 개선됐다. 그 결과, 8%의 연료소비 감축을 요구하는 올해 규정을 적용하고도 르 까스텔레(Le Castellet) 서킷에서 열린 공식 WEC 합동테스트(Prologue) 에서 지난해와 거의 동일한 랩타임을 기록했다.
 
 포르쉐는 까다로운 조건의 실버스톤 포뮬러 원 서킷에서 6시간 동안 펼쳐질 레이스에 대비해 공기역학적 특성을 최적화한 차체개선을 통해 코너링 시 높은 다운포스를 유지할 수 있게 했다.
 
포르쉐 팀 
 
 프리츠 엔칭어(Fritz Enzinger) LMP1 부사장은 “포르쉐의 타이틀 방어전이 실버스톤에서 시작된다”며 “결과를 떠나 919 하이브리드가 레이스에서 승리할 수 있는 경쟁력을 갖추고 있다는 것을 증명하는 것이 우리의 목표이며, 집중적인 테스트 끝에 목표를 달성할 수 있다는 자신감을 얻었다”고 전했다.
 
 엔칭어 부사장과 팀 리더인 안드레아스 세이들(Andreas Seidl)이 이끄는 260명 규모의 포르쉐 팀은 세 시즌 연속 동일한 드라이버 라인업으로 레이스에 나선다. 1번 차량은 현 세계 챔피언 티모 베른하르트(Timo Bernhard, 독일), 브랜든 하틀리(Brendon Hartley, 뉴질랜드), 마크 웨버(Mark Webber, 호주)가, 2번 차량은 로맹 뒤마(Romain Dumas, 프랑스), 닐 쟈니(Neel Jani, 스위스), 마크 리브(Marc Lieb, 독일)가 핸들을 맡는다.
 
 
김송이 기자   sykim@dailycar.co.kr
출처-데일리카
 
 
 
<본 기사의 저작권은 데일리카에 있으며, 무단 전재 및 재배포를 금합니다>
                  "
"테슬라 모델3, 정부 보조금 진짜 받을까",http://www.bobaedream.co.kr/view?code=nnews&No=163570&bm=1,"
테슬라모터스 신형 전기차 모델3.
 
 미국 테슬라모터스의 반값 전기차 '모델3'를 사전 예약한 사람들 상당 수가 미 연방 정부의 보조금 혜택을 받기는 어려울 것이란 전망이 나왔다. 모델3의 출고 시점인 2017년 말에는 미 연방정부의 보조금이 거의 소진될 것으로 보여서다. 
 
 11일 미국 자동차 업계에 따르면 모델3의 일부 사전 예약자들 외 대부분 구매자들은 미 정부의 친환경차 보조금 혜택을 받지 못할 것으로 관측됐다. 구체적으로 친환경차에 지원하는 연방정부 보조금 최대 7500달러와 캘리포니아주에서 테슬라 전기차에 지원하는 2500달러 등이다.
 
 현지 업계에선 친환경차에 대한 연방정부의 지원은 해당 제조사 차량이 미국 내에서 20만대 이상 팔리는 시점부터 끊길 것으로 보고 있다. 테슬라는 지금까지 '모델S'와 '모델X'를 세계 시장에서 총 12만대 팔았다. 앨론 머스크 최고경영자(CEO)는 올해만 8만~9만대가량 팔 수 있을 것으로 예상했다. 이에 따라 모델3 출고 시점으로 예정된 2017년 말 실제 연방 보조금을 받을 수 있는 사전 주문자는 극히 일부에 그칠 수밖에 없다는 계산이다.
 
 캘리포니아 주정부 혜택도 마찬가지다. 자동차 가격정보업체인 트루카닷컴의 알란 온스먼 연구원은 ""캘리포니아 정부는 2012년부터 예산을 초과하는 보조금을 지급했다""며 ""모델3 사전예약자들이 사용 가능한 보조금이 언제 동날지 모르는 상황""이라고 말했다. 
 
 이는 모델3 판매에 새로운 변수로 작용할 수 있다는 분석이다. 모델3 돌풍에는 3만5000달러(옵션 제외)의 정가에 각 주정부 보조금 혜택을 더하면 2만5000달러 선에서 살 수 있다는 점이 크게 작용했다.
 
 국내 시장에서도 보조금 혜택을 받는 것은 어려울 전망이다. 전기차에 대한 정부 보조금은 제조사 인증이 선결 조건이기 때문. 
 
 자동차 업계 관계자는 ""모델3는 해외에서 직접 구매할 경우 전기차 보조금 혜택을 받을 수 없다""며 ""사전예약 전에 구매자들은 보조금 지급 조건을 꼼꼼히 체크해야 한다""고 지적했다. 이어 ""단, 테슬라가 국내 시장에서 제조사로 등록해 정식 수입통관 절차를 거친 차량을 판매할 경우 보조금 지급이 가능해진다""고 설명했다.
 
 
안혜원 기자 anhw@hankyung.com 출처-한국경제
 
 
 
<본 기사의 저작권은 한국경제에 있으며, 무단 전재 및 재배포를 금합니다>
                  "
"카오디오, 어떤 스피커 선택해야 하나?",http://www.bobaedream.co.kr/view?code=nnews&No=163569&bm=1,"
 최근 자동차 내에서 멀티미디어 기기 사용 빈도가 늘면서 카오디오의 중요도가 높아지고 있다. 일반적으로 고급차의 경우 제품 개발 당시부터 내부의 소리에 대한 노력을 기울이기 마련이지만 대중차의 경우 비용 문제가 얽혀 쉽지 않다. 기본적인 것 외에 무엇을 덧댄다거나 더 좋은 것을 장착하는 일은 대부분 가격과 연결되기 때문이다. 다시 말해 가격 상승 저항이 적은 고급차에는 상대적으로 월등한 카오디오가 적용되는 한편, 가격 저항이 심한 대중차는 좋은 오디오를 설치할 여지가 크지 않다는 뜻이다. 
 
 그럼에도 불구하고 좋은 소리를 찾는 소비자는 점점 증가하는 추세다. 자동차는 특성상 바람이나 노면에 따라 필연적으로 외부 소음이 안에 들어올 수밖에 없어 침입 소음을 효과적으로 줄이면 운전 스트레스를 덜 수 있어서다. 여기에 귀를 채우는 아름답고 농밀한 음악은 운전의 즐거움을 배로 늘린다.  
 

  하지만 어떤 카오디오를 선택해야 하는 지에 대해선 늘 의문부호가 따라 붙는다. 정보가 적은 탓이다. 카오디오 마니아 층이 늘면서 자연스레 정보의 양이 많아지긴 했지만 초급자가 접근하기에는 여전히 어렵다. 미리 준비돼 있지 않다면 낭패를 볼 수도 있다는 이야기다.
 
 가장 중요한 부분은 예산이다. 옷이나 가방, 신발을 살 때도 예산은 가장 먼저 해결해야 하는 것이지만 자동차 분야에 있어 예산은 늘 '공임'까지 생각해야 한다. 카오디오 역시 공임을 반드시 예산에 포함시켜야 하는데, 단순 장착에 대한 공임 뿐 아니라 스피커 제작에 들어가는 비용도 고려해야 한다. 
 
 우리가 일반적으로 접하는 오디오 스피커는 '스피커 유닛+상자'로 이뤄진다. 하지만 카오디오는 스피커 유닛만을 판매한다. 상자 역할을 하는 것은 자동차의 문이다. 조금 들여다보면 자동차의 문은 원래 음향 기기로 설계된 물체가 아니다. 때문에 카오디오를 위한 스피커를 장착하려면 음향 기기로서 활용하기 위한 준비가 필요하다. 단순하게 스피커를 달아 놓는다고 끝나는 것이 아니라는 이야기다. 그래서 카오디오를 설치하기 위해선 문을 스피커 상자로 만드는 부대 비용까지 감안해야 한다. 
 
 예산 검토가 끝났다면 어떤 스피커가 어떤 소리를 내는 지를 본인의 귀로 직접 들어야 한다. 결국 인간의 청각이라는 것은 지극히 개인적인 감각이 아닐 수 없으며, 이는 타인의 평가에 우선하는 부분이기 때문이다. 따라서 청음이 가능한 데모 버전의 카오디오 시스템을 갖춘 장착점을 찾아봐야 한다. 이 때는 꼭 자신이 좋아하는 음악 CD 등을 챙겨가는 것이 중요한데, 평상시에 자주 듣는 음악이 어떻게 표현되는지 확인할 필요가 있어서다. 
 
 본격적인 카오디오 설치에 앞서 전문가들은 스펙에 크게 신경쓰지 말 것을 권고한다. 정격 입력, 재생 주파수 대역 등 오디오의 우월성을 보여주는 각종 수치들보다 실제 귀에 어떻게 들리는 지가 더 중요해서다. 참고 정도로 활용하면 적당하다는 이야기다. 
 
 하지만 간과해선 안되는 숫자가 있다. 바로 얼마나 깊게 설치되느냐다. 고급 스피커일수록 깊은 설치 깊이를 요구하는데, 스피커를 설치할 문의 두께는 한계가 있다. 따라서 스피커를 어떤 형태로 달 것인지가 매우 중요하다. 물론 문 두께와 관계없이 스피커 스펙에 적절하도록 설치한다면 관계가 없지만 무엇이 툭 튀어나오는 게 싫다면 꼭 스피커의 설치 깊이를 확인하면 된다. 보통은 전문점에서 본인의 차에 설치할 수 있는 크기를 미리 살펴볼 수 있다.
 

 
박진우 기자 kuhiro@autotimes.co.kr 출처-오토타임즈
 
 
 
<본 기사의 저작권은 오토타임즈에 있으며, 무단 전재 및 재배포를 금합니다>
                  "
"한국자동차튜너협회, 튜닝 시장 활성화 나서",http://www.bobaedream.co.kr/view?code=nnews&No=163567&bm=1,"
 한국자동차튜너협회가 창립을 통해 튜닝 시장 활성화에 나섰다고 11일 밝혔다.
 
 협회에 따르면 튜너협회는 2011년부터 튜너들의 기술력 향상과 친목도모를 위한 단체로 활동을 시작했다. 지난해 정식 인가 법인으로 활동하기로 결정, 1년여 간의 검증 끝에 국토교통부의 정식 인가를 받았다.
 
 협회는 튜닝 시장 활성화, 안전한 튜닝 문화 구축을 위한 활동을 개시할 계획이다. 먼저 튜닝 자동차에 대한 신뢰도 제고에 나선다. 우수 튜너의 기술력을 확산해 전반적인 튜닝업계의 기술력을 끌어올리는 것. 규제개선이 필요한 영역에 대한 조사연구, 튜닝 문화에 대한 인식 개선 활동도 펼칠 방침이다. 더불어 오는 9월에 있을 자동차튜닝·애프터마켓 전시회 '2016 오토모티브위크'에 협회단체관 참여와 홍보에 나설 예정이다.
 
 한편, 협회는 9일 킨텍스에서 창립 기념회를 열었다. 카오디오존, 레이싱카존, 드레스업카존, 오프로드카 체험 존, 푸드카존 등 참가자들이 체험할 수 있는 프로그램들을 무료로 운영한 것. 이 외에도 튜닝카 촬영회, 보물찾기 등의 부대행사와 푸드카를 통해 간식과 다과를 무상 제공했다.
 

 
안효문 기자 yomun@autotimes.co.kr 출처-오토타임즈
 
 
 
<본 기사의 저작권은 오토타임즈에 있으며, 무단 전재 및 재배포를 금합니다>
 
                  "
"캠시스, 유럽에서 'E-마크' 인증 획득",http://www.bobaedream.co.kr/view?code=nnews&No=163565&bm=1,"
 캠시스가 전장-IT 제품군인 어라운드 뷰 모니터(AVM) 시리즈에 대해 유럽연합의 'E-마크'를 획득했다고 11일 밝혔다.
 
 캠시스에 따르면 E-마크는 유럽연합의 자동차 산업 분야에 대한 적합성 준수 마크다. 유럽 경제 지역 (EEA: European Economic Area)에서 판매되는 모든 자동차 부품과 자동차에 적용되는 요구사항이다.  캠시스는 영국 자동차 승인국인 '영국 자동차 인증국(VCA:Vehicle Certification Agency)'으로부터 약 2개월에 걸친 생산적합성평가와 제품검사를 통해 최종 형식승인이 완료됐다.
 
 한편, 캠시스는 지난 2월에 북미지역 스쿨버스용 DVR 시장 업계 1위 업체인 SEON디자인과 공급계약을 체결하며 북미 진출을 진행했다. 오는 5월에는 독일 '슈투트가르트 자동차 부품 전시회'에 참가해 유럽 자동차 전장부품 시장 공략을 더욱 가속화 할 예정이다.
 

 
구기성 기자 kksstudio@autotimes.co.kr출처-오토타임즈
 
 
 
<본 기사의 저작권은 오토타임즈에 있으며, 무단 전재 및 재배포를 금합니다>
                  "
"국토부, 도로환경 개선 위한 '도로서비스 평가단' 모집",http://www.bobaedream.co.kr/view?code=nnews&No=163564&bm=1,"
 국토교통부가 도로이용 불편사항을 개선하기 위해 '3기 도로서비스 평가단'을 모집한다고 11일 밝혔다.
 
 국토부에 따르면 평가단은 2014년부터 매년 국민이 직접 참여해 도로시설물을 살피고 보완점을 제안하는 국민참여단이다. 이번 기수의 모집기간은 4월12일부터 20일까지다. 도로이용에 대한 관심을 가진 국민이면 누구나 지원 가능하다. 평가단에 위촉되면 관련 교육을 받은 후 희망지역에 대한 도로평가 활동을 하게 된다.
 
 주요 활동사항은 도로포장, 안전시설물의 불량·파손과 같은 불편사항을 스마트폰 앱 '척척해결서비스'에 신고하는 등으로 참여하는 것이다. 이달 활동기간이 만료되는 2기 평가단은 2,200여 건의 불편사항을 신고한 바 있다.
 
 국토부는 지원자 중 도로이용에 대한 관심도, 참여 열정, 홍보 역량, 전문성, 성실성 등을 심사해 약 200명을 선정한다. 평가단 발표는 오는 29일 있을 예정이다. 활동기간은 오는 5월부터 내년 4월까지다. 수행실적에 따라 소정의 활동비를 지급하며 우수활동자에는 별도의 시상도 수여할 방침이다.
 
 평가단 신청은 국토부 홈페이지(www.molit.go.kr)를 참고해 지원서 등 관련서류를 작성한 후 모집기간 내 전자우편(kjh525@korea.kr)으로 제출하면 된다.
 

 
구기성 기자 kksstudio@autotimes.co.kr
출처-오토타임즈
 
 
 
<본 기사의 저작권은 오토타임즈에 있으며, 무단 전재 및 재배포를 금합니다>
                  "
[칼럼] 자동차 밀어내기에 얽힌 고도의 심리전,http://www.bobaedream.co.kr/view?code=nnews&No=163562&bm=1,"
 자동차는 기본적으로 제조물이다. 만들어지면 누군가 팔기 마련이고, 판매자가 있으면 당연히 구매자가 있다. 그리고 내구재여서 구입 이후에는 오랜 기간 타고 다니며 만족 또는 불만족을 경험한다. 판매자는 훗날 또 다시 소비자가 같은 브랜드를 사도록 커뮤니티를 만들어 지원하기도 하고(동호회), 잔존 가치를 높이기 위해 경매장을 동원하기도 한다. 그리고 여기서 얻어지는 다양한 호평을 내세워 새로 살 사람을 유인한다. 그렇게 보면 결국은 살 사람, 산 사람, 그리고 파는 사람이 모두 박수치도록 노력하는 셈이니 어느 하나만 부족해도 시장에서 외면 받을 수밖에 없다. 그래서 보는 시각에 따라 욕을 할 수도, 그리고 칭찬을 쏟아낼 수도 있다. '살 사람, 산 사람, 파는 사람'의 시각은 결코 다르기 때문이다. 
 
 ▲파는 자, 사는 자 그리고 타는 자
 국내 자동차업계에서 국산차와 수입차를 가리지 않는 공공연한 진실(?)이 하나 있다. 바로 '밀어내기'다. 물론 어디까지나 이 부분은 파는 사람에게 해당된다. 목표를 맞추기 위해 제조사가 판매점을 동원해 신차 등록을 먼저 하는 게 다반사다. 외형상 '파는 사람=사는 사람'이 되는 형태다. 
 
 물론 밀어내기는 제조사도 하고 싶지 않다. 하지만 공장이 돌아가는 한 판매는 지속돼야 하고, 목표는 쉼 없이 주어진다. 자동차를 판매하는 모든 사람이 '실적'을 거품 물 듯 외치는 것도 같은 맥락이다. '실적이 곧 인격'이고, '목표 달성은 생존'과 같다. 그래서 해마다 연말이 되면 언제나 '밀어내기 한판'이 횡행한다. 그런데 요즘은 시기를 가리지 않고 밀어내기는 일이 벌어지고 있으니 이제 관행이 아니라 목표 달성을 위한 정상적인 과정(?)으로 여겨진다. 
 
 이렇게 밀려난 자동차는 무조건 팔아야 한다. 가지고 있어봐야 보관비가 더 든다. 그래서 '살 사람'을 찾아다니지만 좀처럼 찾기가 쉽지 않다. 그렇다면 이미 칼 자루는 '살 사람'이 쥔 셈이다. 안사면 그만일 뿐 팔 사람에게 끌려 다닐 이유가 없다. 그래서 팔 사람은 당근을 과감히 꺼내든다. '대폭 할인'이 나오는 이유다. 비닐조차 뜯지 않은 새 차지만 어쨌든 밀려났다는 점을 의식해 놀랄 만한 할인을 제공한다. 
 

  하지만 살 사람은 그래도 여전히 배고프다. 욕심의 끝이 없는 것처럼 말이다. 물론 그럴 만한 명분도 있다. 잉크조차 마르지 않은 서류에 자신의 명의를 당당히 올리고 싶었지만 어쨌든 한번 밀려난 제품이니 추가 요구가 이어진다. 이른바 감정의 보상이다. 그래서 '조금만 더'를 주문하다 보면 팔 사람도 숨이 턱까지 차오른다. 바로 이 때 '계약!'이라는 주문을 넣는다. 판매자의 이익마저 살 사람이 차지할 정도로 할인이 커지는 배경이다. 그래도 팔 사람은 주차장 보관 비용이 더 이상 들어가지 않으니 서로 '윈-윈'이다. 
 
 그런데 문제는 여기서 이미 '산 사람'이다. 판매자가 대폭 할인으로 신차를 밀어내니 가격 가치가 떨어진다. 특히 잔존 가치가 하락하며 잠재적 손실을 일으킨다. 2,000만원에 사서 3년 타고 되팔면 1,500만원을 받을 수 있었는데, 같은 신차가 1,700만원에 판매되니 3년 후 가치가 1,300만원으로 떨어지는 격이다. 여기서 벌어진 400만원은 누가 보상해주지 않는다. 그래서 이미 산 사람은 반발한다. 비난을 쏟아내고, '밀어내기'라는 것 자체를 하지 말아야 한다고 목소리를 높인다. 하지만 훗날 이들 또한 밀어내기의 수혜자가 될 수도 있다.  
 
 이렇듯 '밀어내기'는 교묘한(?) 결과를 가져온다. 살 사람의 구매 만족도는 올라가고, 산 사람의 보유 만족도는 떨어지나 판매자는 중간이다. 줄어든 이익이 재고 비용으로 절감으로 상쇄되니 이래저래 비슷하다. 
 
 ▲밀어내기는 타이밍이다
 물론 '밀어내기'라는 게 늘 있는 것은 아니다. 무언가 목표 달성의 고지를 넘어야 할 때, 매우 절박할 때 제조 또는 수입사가 꺼내든다. 밀어내기를 일상화하면 수익 뿐 아니라 브랜드 가치 에도 문제가 생길 수 있어서다. '365일 할인 차종'과 평소 제 가격을 유지하다 '지금 이 순간 할인'의 느낌은 하늘과 땅 차이다. 그래서 밀어내기 자주하면 '365일 할인'이 되기 십상이다. 
 
 따라서 밀어내기를 할 때는 언제나 적절한 타이밍과 명분이 필요하다. 명분으로 가장 많이 등장하는 게 '~~~기념, 최대 할인'이다. 신학기를 맞았다고, 광복절이라고, 가족의 달이라고, 호국 보훈의 달이라고 판촉을 제시한다. 대놓고 말을 못하니 애꿎은 기념일만 잔뜩 등장한다. 
 
 그런데 명분을 받아들이며 해석하는 입장은 서 있는 위치에 따라 다르다. 판매자는 '재고 소진'으로 들리고, 살 사람은 '강력 할인'으로 다가오며, 산 사람은 '가치 떨어지는 소리'로 인식된다. 이처럼 3가지 측면의 다양성을 가지고 있으니 밀어내기야말로 '사회 과학'이라 불러도 손색이 없지 않을까 한다.  그럼 앞으로 '밀어내기'를 없앨 수 있을까? 현실적으로 불가능하다. 공장이 쉬지 않는 한 밀어내기 관행, 아니 판매 수단으로서 없어지지 않는다. 그리고 만약 없어진다면 살 사람의 혜택이 줄어드는 것이니 되레 욕을 먹을 수도 있다. 
 
 얼마 전 '응답하라 1988'이 유행이었다. 여기서 이런 말이 나온다. '사랑은 타이밍이라고….' 밀어내기도 마찬가지다. 팔 사람과 살 사람 모두 타이밍을 제대로 잡아야 한다. 그래야 브랜드 손상 및 잔존가치 하락을 최대한 막을 수 있다. 신차로 나왔지만 판매대수가 미비할 때, 경쟁 제품과 자존심 걸린 순위 다툼이 벌어질 때, 그리고 곧 후속 차종이 나올 때가 타이밍이다. 그리고 산 사람에게 이런 타이밍은 가치 하락 최소화를 위한 '먼저 팔기' 찬스일 수도 있다. '밀어내기'가 가져오는 갖가지 고뇌의 현장이다. 
 
 
권용주 기자 soo4195@autimes.co.kr
출처-오토타임즈
 
 
 
<본 기사의 저작권은 오토타임즈에 있으며, 무단 전재 및 재배포를 금합니다>
                  "
"푸조, 대체 부품 서비스 ‘유로레파 패키지’ 출시..최대 27% 할인",http://www.bobaedream.co.kr/view?code=nnews&No=163560&bm=1,"

 
 푸조의 공식 수입원인 한불모터스는 최초 등록한지 5년 이상된 차량들을 위한 소모성 부품 제공 서비스 ‘유로레파(Eurorepar) 패키지’를 출시한다고 11일 전했다.
 
 유로레파 패키지는 PSA 그룹 본사 기술팀에 의해 엄격하고 세밀한 품질 및 안정성 검증을 거쳐 관리되는 대체 부품으로, 순정 부품과 유사한 수준의 품질 및 성능을 갖추고 있다. 순정 부품 대비 20~30% 낮은 가격으로 서비스를 제공해 소비자들이 가격 부담 없이 믿고 사용할 수 있다는 것이 특징이며, 차량 마일리지에 관계없이 부품에 대한 1년 보증을 제공받게 된다.
 
 유로레파 패키지는 교체 부품 품목에 따라 총 3가지 패키지로 출시된다. 기본 패키지는 엔진오일 필터, 에어필터, 에어컨 필터로 구성되며, 기본패키지에 앞 패드/앞 디스크를 더한 패키지와 뒤 패드/뒤 디스크까지 추가한 패키지로 출시된다. 이번 프로그램은 차량 등록 후 5년 이상 된 푸조 206, 207, 307, 407, 607 차량에 먼저 적용되며, 공임비 포함 최대 27% 할인 혜택을 받을 수 있다.
 
 한불모터스는 이번 유로레파 패키지 프로그램을 시작으로 고객들에게 보다 합리적인 가격과 우수한 품질의 서비스를 제공한다는 계획이다.
 
 한불모터스 관계자는 “이번 유로레파 패키지를 통해 푸조 고객들이 더 오랜 시간 푸조 차량과 함께할 수 있기를 바란다”며 “이번 소모성 부품을 시작으로 추후 다른 부품들로 서비스 영역을 확대해 고객 만족도를 더욱 높일 계획”이라고 말했다.
 
 한편, 한불모터스는 구매한지 3년이 넘은 차량을 대상으로 하는 ‘리본 캠페인(Reborn Campaign)’도 함께 진행하고 있다. 최초 차량 등록일 기준 만 3년 이상이 경과된 차량에 대해 일부 부품을 연식에 따라 최대 15%까지 할인된 가격에 제공한다.
 
 
김송이 기자   sykim@dailycar.co.kr출처-데일리카
 
 
 
<본 기사의 저작권은 데일리카에 있으며, 무단 전재 및 재배포를 금합니다>
                  "
"‘니로’ 사면, 배터리 평생 보장·중고차 잔가 보장..통큰 혜택",http://www.bobaedream.co.kr/view?code=nnews&No=163559&bm=1,"

니로 
 
 기아자동차는 친환경 소형 SUV ‘니로’ 출시를 기념해 다양한 혜택으로 구성된 ‘니로 S.U.V 구매 프로그램’을 진행한다고 11일 전했다.
 
 4월 중 ‘니로’를 출고하는 개인 및 개인사업자를 대상으로 진행되는 이번 프로그램은 ▲출고 후 100일 내 스크래치 사고 발생 시 실비 보상 ▲구매 초기 비용 카드 무이자 혜택 제공 ▲배터리 평생 보장 ▲중고차 잔가 보장 등 다양한 혜택으로 구성됐다.
 
■ 외부 스크래치 걱정 無! ‘스타일 업(Style-Up)’ 프로그램
 
 기아차는 ‘니로’ 출고 고객에게 차량 외부 스크래치 발생 시 수리비용을 지원하는 ‘스타일 업(Style-Up)’ 프로그램을 진행한다.
 
 프로그램에 가입한 고객은 출고 후 100일 이내에 전/후방 범퍼, 전면유리, 사이드 미러 부위에 발생하는 스크래치에 대해 1회에 한해 최대 30만원 한도 내에서 수리비용을 지원받을 수 있다(부품비 및 공임비 포함, 자기 부담금 1만원 부담).
 
 해당 부위에 스크래치가 발생하는 경우에는 차량을 기아차 직영 서비스센터 또는 오토큐로 입고시켜 수리한 후, 전담 콜센터로 연락하면 된다.
 
■ 주요 부품은 물론 중고차 잔가까지! ‘개런티 업(gUarantee-Up)’ 프로그램
 
 ‘개런티 업(gUarantee-Up)’ 프로그램은 ‘니로’ 고객에게 주요 부품, 중고차 가격 등 4가지 특별한 보증, 보장을 제공하는 프로그램이다.
 
 우선 기아차는 ▲하이브리드 고전압 배터리에 대해 평생 보증을, ▲모터, 전력제어모듈 등 하이브리드 전용 부품에 대해서는 차량 구입 후 10년 미만 혹은 운행거리 20만km 이내까지 무상 보증을 제공한다(배터리 평생 보증은 순수 개인고객에 한하며, 중고차 처분 시 혜택 제외됨).
 
 이와 함께 중고차 가격을 최장 3년간 최대 62%까지 보장해주는 ‘중고차 가격 보장’도 실시한다.
 
 뿐만 아니라 차량 구매 후 30일 이내 주행 후 차량에 대해 불만족하는 경우에는 스포티지, 쏘렌토, 모하비 등 기아차의 다른 SUV 차량으로 교환해 주는 ‘차종교환 프로그램’도 병행한다(차종교환 프로그램과 중고차 잔가 보장은 이용동의서를 작성한 개인고객 한함).
 
■ 초기 비용 부담을 낮춰주는 ‘밸류 업(Value-Up)’ 할부 프로그램
 
 ‘니로’ 고객만을 위한 ‘밸류 업(Value-Up)’ 프로그램은 차량 구매 시 선수금, 보험료, 취득세 등 초기 비용에 대해 카드 결제 시 무이자 혜택을 제공하는 프로그램이다.
 
 현대카드M(M 계열카드 포함)을 이용해 위의 비용을 결제하는 고객들은 선수금 350만원, 보험료 120만원, 취득세 20만원 한도 내에서 해당 비용에 대해 12개월 무이자 혜택을 적용받을 수 있다(오토할부 이용고객 중 이용동의서 작성고객에 한함).
 
 기아차 관계자는 “‘니로’에 대한 고객분들의 성원에 보답하고자 이번 ‘S.U.V 구매 프로그램’을 마련했다”며 “앞으로 ‘니로’ 고객만을 위한 차별화 된 다양한 프로그램을 통해 큰 만족을 선사하겠다”고 말했다.
 
 
김송이 기자   sykim@dailycar.co.kr출처-데일리카
 
 
 
<본 기사의 저작권은 데일리카에 있으며, 무단 전재 및 재배포를 금합니다>
                  "
"한국타이어, ‘키자니아’에 모터스포츠 체험 공간 마련",http://www.bobaedream.co.kr/view?code=nnews&No=163557&bm=1,"

 
 한국타이어는 각 분야 최고 브랜드 후원으로 운영되는 어린이 테마파크 ‘키자니아’ 센텀시티점에 모터스포츠 체험 공간을 오픈했다고 11일 전했다.
 
 한국타이어가 후원하는 ‘키자니아’ 센텀시티점의 모터스포츠 체험 공간은 생생한 에듀테인먼트의 공간을 마련해 소비자들에게 받은 큰 사랑을 어린이들에게 되돌려 주기 위해 기획됐다. 미래 사회의 주역이 될 어린이들에게 교통 안전 및 직업체험을 해줄 수 있는 공간으로 운영된다.
 
 모터스포츠 체험 공간은 어린이들이 가장 선호하는 자동차 레이싱 콘셉트로 구성된다. 트레이닝 존에서 운전 시뮬레이션을 통해 안전 교육을 받은 뒤 라이센스를 취득할 수 있다. 참가자들은 정식 레이서가 되어 모터 레이스 트랙 위에서 안전 운전하며 랩타임 기록 대결도 펼칠 수 있다.
 

 
 한국타이어는 지난 2012년 5월부터 서울 송파구 잠실에 위치한 ‘키자니아’ 1호점에 운전 면허 시험장을 운영해오고 있다. 어린이들이 자동차 운전을 체험하기 위해 반드시 거쳐야 하는 코스로 안전벨트 착용, 교통신호 준수, 핸들과 엑셀, 브레이크 조작법 등 안전운전을 하는데 반드시 필요한 정보와 안전 운전 관련 상식을 교육한다.
 
 한편, 한국타이어는 핵심 비즈니스 특성인 ‘이동성(Mobility)’을 반영한 사회공헌 활동으로 사회적 책임을 다하고자 노력하고 있다.
 
 
김송이 기자   sykim@dailycar.co.kr출처-데일리카
 
 
 
<본 기사의 저작권은 데일리카에 있으며, 무단 전재 및 재배포를 금합니다>
 
                  "
"현대차그룹, 부품산업 인재 양성..‘고용디딤돌’ 400명 모집",http://www.bobaedream.co.kr/view?code=nnews&No=163556&bm=1,"

 
 현대자동차그룹은 청년고용 확대와 자동차 부품산업 우수인재 양성을 위한 협력사 인턴채용 프로그램 ‘고용디딤돌’2기 400명을 모집한다고 12일 전했다.
 
 지원자격은 자동차 부품산업 취업을 희망하는 만34세 이하의 초대졸 및 4년제 정규대학 졸업 예정자(2016년 8월) 혹은 기졸업자로, 지원 희망자는 오는 30일까지 현대차그룹 고용디딤돌 홈페이지를 통해 지원서를 접수하면 된다.
 
 서류전형 합격자는 온라인 인성검사와 면접전형을 통해 최종 선발된 후, 6월부터 2개월간 현대차그룹이 제공하는 자동차관련 기본교육과 직무수행 역량교육을 받고 8월부터 3개월간 주요 1차 협력사에서 인턴으로 근무하며 실무경험을 쌓는다.
 
 현대차그룹은 직무교육 훈련비, 인턴급여, 역량개발비로 5개월간 인당 총 750만원을 지급하며, 우수 수료자들은 별도의 취업 지원금과 함께 인턴십을 진행한 협력사에 정규직으로 입사할 수 기회를 얻는다.
 
 현대차그룹 관계자는 “고용디딤돌 프로그램은 청년 고용확대와 협력사에서 필요한 청년인재 확보 그리고 이를 통한 산업경쟁력 강화의 1석 3조 효과가 있다”며 “고용디딤돌 프로그램을 통해 국내 자동차 부품 산업이 더욱 발전할 수 있는 토대를 만들겠다”고 밝혔다.
 
 한편, 현대차그룹은 지난해 12월 고용디딤돌 프로그램 실행계획을 발표했으며 올해 상반기 제1기 모집을 시작으로 매년 상하반기 각 400명씩, 2018년까지 3년간 총 2400명의 청년들에게 자동차 직무 교육 및 현대기아차 1차 협력사에서의 인턴십 기회를 제공할 예정이다.
 
 
김송이 기자   sykim@dailycar.co.kr출처-데일리카
 
 
 
<본 기사의 저작권은 데일리카에 있으며, 무단 전재 및 재배포를 금합니다>
                  "
"쌍용차, ‘티볼리 에어쇼’ 참가자 모집..체험 마케팅 강화",http://www.bobaedream.co.kr/view?code=nnews&No=163553&bm=1,"

  쌍용자동차는 티볼리 에어 출시를 기념해 진행되는 ‘티볼리 에어쇼’의 참가자를 모집한다고 12일 밝혔다.
 
 쌍용차는 ‘도심 속의 짜릿한 드론 체험 이벤트’ 티볼리 에어쇼를 오는 23일부터 24일까지 이틀 동안 서울 광진구 ‘커먼그라운드’에서 개최하고, 페이스북을 통해 참가자를 모집한다.
 
 쌍용차는 티볼리 에어의 차명을 활용하여 명명한 이번 행사를 통해 모든 종류의 액티비티(Activity)를 가능하게 한다는 티볼리 에어의 브랜드 콘셉트를 효과적으로 알려 나갈 수 있을 것으로 기대하고 있다.
 
 특히, 주로 방송이나 영화 촬영 등 전문적 용도로 한정됐던 드론의 활용이 더욱 폭넓어지고 있는데다 지속적인 가격 하락 등에 힘입어 드론의 대중화가 활발하게 이루어지고 있어 많은 관심과 참여가 예상된다고 쌍용차 관계자는 설명했다.
 
 첫째 날인 23일은 장애물 경기인 드론 챌린지 대회 및 랜딩 이벤트가 펼쳐지며, 둘째 날인 24일은 티볼리 에어 포토 어워즈와 파이터 랜딩 이벤트를 비롯해 다채로운 현장 이벤트로 즐거움과 잊지 못할 추억을 선사한다. 특히, 경험이 많지 않은 드론 초보자들도 함께 할 수 있는 체험 프로그램을 마련하여 누구든 부담 없이 참가할 수 있도록 했다.
 
 모집기간은 오는 19일까지로 공식 페이스북 페이지를 통해 참가 신청을 접수한다. 신청 방법은 참가 양식을 작성한 후 본인의 드론을 촬영하여 페이스북 사진 댓글을 올리면 이벤트에 응모되며, 당첨 결과는 오는 21일 발표된다.
 
 
김송이 기자   sykim@dailycar.co.kr출처-데일리카
 
 
 
<본 기사의 저작권은 데일리카에 있으며, 무단 전재 및 재배포를 금합니다>
                  "
한국GM '미스터리'…1조 손실에도 R&D비용 6498억,http://www.bobaedream.co.kr/view?code=nnews&No=163550&bm=1,"
 지난해 1조원에 가까운 순손실을 낸 한국GM이 연구개발(R&D)에는 6000억원 이상을 지출한 것으로 나타났다. 한국GM 노동조합은 한국GM이 미국GM 본사와 공동으로 R&D를 하는 과정에서 과도한 부담을 떠안고 있다고 지적했다. 
 
 한국GM이 금융감독원에 제출한 2015년도 감사보고서에 따르면 이 회사는 지난해 R&D에 6498억원을 지출했다. 국내 완성차 업체 5곳 가운데 현대자동차(2조525억원), 기아자동차(1조5363억원)에 이어 세 번째로 많다. 쌍용자동차(1659억원), 르노삼성자동차(1491억원)의 네 배를 넘는다.
 
 한국GM은 최근 실적이 급격히 악화되는 가운데서도 매년 R&D 투자 규모를 늘려가고 있다. 이 회사 순손실은 2014년 3533억원에서 지난해에는 9868억원까지 확대됐다. 3년간 누적 적자가 1조2149억원에 달한다. 3년간 R&D 누적 투자는 1조8082억원이다. 
 
 전문가들은 한국GM이 투자 규모에 비해 신차 출시가 적다고 지적했다. 이항구 산업연구원 선임연구위원은 “통상 신차 개발에 4000억원, 완전 변경에 2000억~3000억원가량 들어가는 것을 감안하면 한국GM의 지난 3년간 R&D 투자액은 신차와 완전 변경 모델을 6~7종 내놓을 수 있는 규모”라고 분석했다. 
 
 한국GM이 최근 3년간 내놓은 신차는 트랙스(2013년 2월), 스파크 전기차(2013년 8월), 2세대 스파크(지난해 8월) 등 3종이다.
 
 반면 쌍용차는 작년 1월 티볼리를 출시한 데 이어 올해는 Y400(프로젝트명)을 내놓을 예정이다. 앞으로 3~4년간 매년 신차 1종을 내놓는다는 계획이다. 
 
 한국GM 노조는 회사가 GM 본사와 공동으로 신차를 개발할 때 실적에 비해 과도한 투자 부담을 지고 있다는 문제를 지속적으로 제기하고 있다. 이에 대해 한국GM 관계자는 “R&D 지출은 대부분 국내에서 투자한 것”이라며 “앞으로 더 많은 신차를 내놓겠다”고 말했다.
 
 
강현우 기자 hkang@hankyung.com 출처-한국경제
 
 
 
<본 기사의 저작권은 한국경제에 있으며, 무단 전재 및 재배포를 금합니다>
                  "
슈퍼카 디자인 거장들 현대차에 모였다,http://www.bobaedream.co.kr/view?code=nnews&No=163549&bm=1,"
 '디자인 경영'을 표방한 현대자동차그룹의 본사에 최근 슈퍼카 디자인 거장들이 한꺼번에 깜짝 출현해 눈길을 끌었다.
 
 12일 업계에 따르면 피터 스티븐슨 등 세계적인 슈퍼카 디자이너들이 지난 11일 양재동 현대차 본사에서 현대차그룹 전 임직원을 대상으로 초빙 강연을 했다. 
 
 그동안 경제학자나 마케팅 전문가가 이 강연에 온 적이 있지만 슈퍼카 거장들이 찾은 것은 이번이 처음이다. 
 
 정몽구 현대차그룹 회장과 정의선 현대차 부회장 등 경영진이 강조해 온 '디자인 경영'을 전 임직원이 실감하는 자리로 마련한 것이다.
 
 이번 강연에는 영국왕립예술학교의 스티븐스 초빙교수, 이탈리아 자동차 디자인기업인 '그란스튜디오'의 로위 버미쉬 최고경영자 겸 크리에이티브 디렉터, 유명 프리랜서 자동차 디자이너 사이먼 콕스가 자리를 함께 했다.
 
 슈퍼카 디자인을 위한 영감은 어떻게 얻는지, 슈퍼카를 비롯한 자동차에서 디자인이 어떠한 역할을 하는지 등을 주제로 맨 먼저 스티븐스 교수의 강연이 시작됐다. 
 
 스티븐스 교수는 영국 슈퍼카 브랜드인 맥라렌, 스포츠카 전문 브랜드인 로터스 등에서 수석 디자이너로 활동했으며 재직 당시 맥라렌 'F1', 로터스 '엘란 M100' 등을 디자인했다. 
 
 두 번째 강연자로 나선 버미쉬 CEO는 F1 스타인 미하엘 슈마허가 제작에 참여한 것으로 유명한 페라리의 대표작 '458 이탈리아'를 디자인했다.
 
 이탈리아 프리미엄 브랜드 마세라티의 '그란카브리오', '버드케이지' 등의 디자인을 주도했다. 
 
 그는 2010년 가장 영향력 있는 글로벌 자동차 디자이너 25인에도 선정된 세계 최고 자동차 디자이너 중 한 명이다. 
 
 세 번째 강연자인 사이먼 콕스는 미국 GM과 일본 닛산의 프리미엄 브랜드 인피니티 등에서 디자인 디렉터로 활동했다.
 
 미국 프리미엄 브랜드인 캐딜락의 고성능 스포츠 콘셉트카인 '시엔', 인피니티의 'Q30' 등이 그의 손을 거쳐 디자인됐다.
 
 현대차 관계자는 ""전 임직원을 대상으로 한 강연에서 슈퍼카 디자인 거장들이 초빙된 것은 처음인 것 같다""면서 ""그만큼 현대기아차가 품질 못지않게 디자인에 심혈을 기울이고 있음을 보여주는 행사""라고 말했다.
 
 현재 현대기아차는 피터 슈라이어가 디자인 총괄 사장으로 진두지휘하고 있다. 
 
 람보르기니 출신의 맨프레드 피츠제럴드 전무를 비롯해 벤틀리 등에서 활동한 세계적인 자동차 디자이너 루크 동커볼케 전무도 현대디자인센터장으로 디자인 선진화에 앞장서고 있다. 
 
 현대차는 지난 2010년 10월 브랜드 및 마케팅 전략과 관련해 데이비드 아커 미국 버클리대 교수를 초빙해 첫 외부 인사 특강을 진행했으며 지금까지 총 19회가 진행됐다. 
 
 특강 인사는 김영희 MBC PD, 건축가 안도 다다오, 유명 바리스타인 폴 바셋, 마이클 고반 LA카운티미술관장 등 국적과 분야를 가리지 않고 다양했다. 
 
 현대차 관계자는 ""다양한 분야의 저명인사 강연을 통해 직원들에게 새로운 시각과 창의적인 사고를 심어줌으로써 시장의 변화에 능동적으로 대응하고 세계 자동차 시장을 주도하는 기업으로 거듭날 수 있도록 할 계획""이라고 덧붙였다. 
 
 
심재훈 기자 president21@yna.co.kr 출처-연합뉴스
 
 
 
<본 기사의 저작권은 연합뉴스에 있으며, 무단 전재 및 재배포를 금합니다>
                  "
"쏘나타 조향장치 결함, 미국서 17만3000대 리콜",http://www.bobaedream.co.kr/view?code=nnews&No=163548&bm=1,"
 현대자동차 중형 세단 쏘나타가 미국과 국내에서 조향 장치 결함으로 대규모 자발적 리콜이 실시된다. 
 
 12일 업계에 따르면 현대차는 최근 미국 도로교통안전국(NHTSA)에 2009년 12월부터 2010년 10월까지 미국에서 판매된 YF쏘나타 17만3천대에 대해 자발적 리콜을 하겠다는 계획을 전달한 것으로 확인됐다.
 
 YF쏘나타의 전동식 조향장치(MDPS) 경고등 점등, 핸들이 무거워지는 현상 때문이다. 
 
 현대차 관계자는 ""쏘나타 리콜은 우리 측의 자발적 신고로 이뤄지는 것""이라면서 ""해당 현상이 발생하더라도 조향은 가능하며 접수된 사고는 없었다""고 설명했다. 
 
 현대차는 이들 차량을 대상으로 미국에서 5월 30일부터 리콜을 할 예정이다. 
 
 국내에서도 오는 18일부터 MDPS 관련 차종에 대한 자발적 리콜이 실시된다. 
 
 리콜 대상인 MDPS가 선택 사양으로 장착된 차량은 쏘나타 7천794대, K5 1만1천681대다. 
 
 앞서 현대차는 올해 1월에도 미국에서 브레이크 페달 관련 부품 결함이 발견된 쏘나타 30만4천900대를 리콜한 바 있다. 
 
 2011∼2012년형 쏘나타는 '브레이크 페달 패드 스토퍼'의 결함으로 브레이크 페달에서 발을 뗐을 때도 정지등이 계속 켜져 후방의 운전자가 앞 차량의 주행 상황을 제대로 파악하지 못할 가능성이 발견됐다. 
 
 해당 차량은 2009년 12월 11일∼2011년 6월 30일 생산됐다.
 
 
심재훈 기자 president21@yna.co.kr 출처-연합뉴스
 
 
 
<본 기사의 저작권은 연합뉴스에 있으며, 무단 전재 및 재배포를 금합니다>
                  "
"현대기아차, 글로벌 누적판매 1억대 임박",http://www.bobaedream.co.kr/view?code=nnews&No=163529&bm=1,"
 현대기아차가 이달 중 글로벌 누적판매 대수 1억대를 넘어설 전망이다.
 
 11일 회사에 따르면 1억대 판매는 기아차가 1962년 자동차 판매를 시작한 이후 54년 만에 달성한 기록이다. 지난 1962년부터 올해 3월까지 세계 자동차 시장에서 현대차 6,402만대, 기아차 3,568만대 등 총 9,970만대를 판매한 것으로 집계됐다. 이에 따라 회사는 이달 중 1억대 누적판매를 이룰 수 있을 것으로 보고 있다.
 
 현대기아차는 1993년 1,000만대를 돌파했다. 해마다 연간 판매 기록을 경신하며 2008년 5,000만대, 지난해 1월 9,000만대를 넘어섰다. 회사는 1억대 달성을 수출 중심의 해외 판매가 주도한 것으로 분석했다. 산업 기반이 취약하고 기술력이 부족한 후발주자로서의 어려움과 협소한 내수시장의 한계를 해외시장 공략을 통해 극복한 것.
 
 1998년부터 해외 판매가 국내 판매를 넘어섰으며 지난 한 해 동안 판매된 802만대 중 해외 판매 비중이 84%에 달한다. 지난달까지 국내 총 판매는 2,982만대, 수출·해외공장 판매를 합한 해외 판매는 6,988만대로, 해외에서만 70% 이상 판매했다. 또한, 내수와 수출을 합한 국내공장 생산 판매대수와 해외공장 생산 판매대수로 나누면 각각 6,886만대, 3,084만대로 국내공장 생산 판매대수가 전체 누적판매의 약 69%를 차지했다는 게 회사 설명이다.
 
 제품별로는 현대차 아반떼(엘란트라 포함)가 1990년 출시 이후 1,119만대가 판매돼 가장 많이 팔렸다. 이어 엑센트 824만대, 쏘나타 783만대가 뒤를 이었다. 기아차는 1986년 출시된 프라이드가 422만대, 1993년 선보인 스포티지가 403만대 판매됐다.
 

 
오아름 기자 or@autotimes.co.kr 출처-오토타임즈
 
 
 
<본 기사의 저작권은 오토타임즈에 있으며, 무단 전재 및 재배포를 금합니다>
                  "
"쌍용차 티볼리 에어, 한 달 만에 5,000대 계약 돌파",http://www.bobaedream.co.kr/view?code=nnews&No=163528&bm=1,"
 쌍용자동차가 티볼리 에어 출시 한 달 만에 5,000대 계약을 넘어섰다고 11일 밝혔다.
 
 쌍용차에 따르면 티볼리 에어는 3월8일 출시 후 4월8일까지 영업일 기준 일 평균 180~200대의 계약을 이어가고 있다. 이에 따라 출시 한 달 만에 5,100대를 돌파하면서 올해 내수 판매목표 1만대의 절반을 넘어선 것.
 
 티볼리 에어의 지난달 출고 상황은 남성 56.4%, 여성 43.6%로 고른 분포였다. 연령별로는 20대 21.8%, 30대 28.3%, 40대 27.9%였다. 50대와 60대 이상도 각각 18%, 4%로 집계됐다. 회사는 안전성, 720ℓ의 적재공간, 다양한 수납공간 등 SUV 본연의 활용성이 주효한 것으로 보고 있다.
 
 티볼리도 티볼리 에어와 같은 기간 누적 계약 대수 6,200대를 포함해 티볼리 브랜드 전체 1만1,300대를 넘어섰다. 가지치기 제품 출시로 인한 판매 간섭과 경쟁사의 마케팅에도 영향을 받지 않고 있다는 게 회사 설명이다.
 
 한편, 국내 소형 SUV 시장은 최근 기아차 니로가 가세해 경쟁이 치열해지고 있다. 올해 1분기 수요는 1만4,922대로 전년 동기대비 9.8% 증가했다. 이 가운데 티볼리는 9,954대로 66.7%를 점유했다.
 

 
안효문 기자 yomun@autotimes.co.kr 출처-오토타임즈
 
 
 
<본 기사의 저작권은 오토타임즈에 있으며, 무단 전재 및 재배포를 금합니다>
                  "
"[시승]기아차의 미래권력, 하이브리드 SUV '니로'",http://www.bobaedream.co.kr/view?code=nnews&No=163526&bm=1,"
 환경오염의 주범으로 자동차 배출가스가 대두된 현대 사회와 자동차 업계에 있어 친환경은 이미 거대한 흐름이다. 자동차가 발명된 이래 140여 년간 지구를 지배한 내연기관의 종말은 벌써 카운트다운을 시작했다는 분위기다. 그 대안으로는 단연코 전기 동력이다. 현재 인류의 생활 전반에 뿌리 깊게 내려진 에너지다. 다만 일순간에 모든 것을 바꿀 수는 없다. 서서히, 그리고 점진적으로 전기 동력을 이용한 차들이 내연기관의 역할을 대신해 나간다. 하이브리드는 그 과도기에 있는 기술이다. '잡종'이라는 의미의 이름에서도 알 수 있듯 전통의 내연기관과 미래의 전기모터를 동시에 담았다.
 

 기아차 니로는 현대차 아이오닉과 함께 친환경 선봉을 자처한다. 미래 먹을거리로 친환경을 지목한 것과 동시에 앞으로 다수의 친환경차가 출격을 기다리고 있다. 니로는 하이브리드를 시작으로 플러그인 하이브리드 동력계까지 갖춘다. 아이오닉은 전기차도 라인업에 포함하지만 기아차는 쏘울이 그 역할을 대신하고 있다. 과연 니로는 기아차 미래 먹을거리의 포문이 될 수 있을까. 국내 최초 하이브리드 소형 SUV 니로를 시승했다. 
 

 ▲디자인
 기아차는 확실히 SUV 만들기에 노하우를 갖고 있다는 느낌이다. 지난 2014년 신형 쏘렌토를 시작으로 지난해 신형 스포티지, 올해 니로까지 과감한 디자인이 화제다. 최근 연료 효율을 위한 공기역학 구조와 보행자를 보호하는 구조는 디자인적 한계를 낳았지만 기아차에겐 크게 신경이 쓰이지 않는 모양새다. 호불호가 갈릴 수 있는 형태지만 그 대범함에 대해선 모두가 수긍하는 분위기다. 
 

 전면의 호랑이코 그릴은 기아차의 정체성이다. 스포티지보다 아담하지만 캐릭터를 살리기에 충분하다. 눈 꼬리가 위로 쭉 뻗은 헤드램프도 개성이 뚜렷하다. 후드의 굴곡 또한 독특한 그림을 그린다. 보는 재미가 있다. 
 

 측면은 다부지다. 2,700㎜에 이르는 휠베이스는 전체적인 비율에 안정감을 부여한다. 볼록 튀어나온 휠 하우스도 재미요소다. 시승차는 18인치 타이어를 준비했는데, 이 차가 단순히 연료효율만을 위한 차가 아니라는 점을 시사한다. 
 

 뒷면은 꽤 세련됐다. 스포티지의 경우 약간 복잡하다는 느낌도 들었는데, 니로는 정리를 깔끔하게 했다. 눈에 걸리는 것이 없을 정도로 매끈하다. 하단의 크롬 장식은 SUV 정체성을 표현하기 위한 수단으로 사용했다. 머플러는 차 바닥 밑으로 숨겼다. 후방 카메라 또한 와이퍼 중심 아래에 넣어 불필요한 시선 분산을 막았다. 
 

 실내도 질감이나 디자인의 향상을 엿볼 수 있다. 적절한 블랙 하이그로시 사용으로 고급스러움을 표현했고, 직선 디자인을 가미해 작은 차여도 시원한 맛이 있다. 운전석에 앉으면 폭 쌓이는 느낌을 주는 콕핏 구조다. 다만 많은 숫자의 스위치는 여전히 아쉽다. 스위치 글자나 멀티미디어 모니터 상에 사용되는 글자도 조금 더 세련된 폰트로 바꿨으면 좋겠다는 바람이 있다. 요즘 스타일은 아니다. 스티어링 휠에는 무려 12개의 버튼이 달려 있는데, 운전 집중도가 저해된다는 생각이다. 
 

 공간은 넉넉하다. 작은 SUV임에도 휠베이스를 넉넉하게 갖춘 덕분이다. 레그룸이나 헤드룸 모두 불편함이 없다. 뒷좌석도 쾌적하다. 성인 남성이 여유롭게 타고 내린다. 다만 시트의 착좌감은 다소 단단하다. 북미를 주력시장으로 하지만 유럽의 감성을 덧입혀서다. 
 

 ▲성능
 하이브리드 전용 동력계를 얹었다. 아이오닉과 완전 동일하다. 최고 105마력, 최대 15.0㎏·m의 힘을 내는 카파 1.6ℓ GDI 엔진에 36마력을 보조하는 32㎾의 전기모터를 조합했다. 변속기는 하이브리드 전용 6단 듀얼클러치다. 7단이 아닌 6단을 얹은 이유는 6단의 동력 전달 효율이 더 좋기 때문이라는 게 기아의 설명이다. 무게가 6단이 더 가볍다는 점도 고려됐다. 
 

 통합 주행모드를 도입하고, 기본적으로 에코와 스포츠 두 가지 모드를 운전자 임의대로 선택할 수 있게 했다. 하이브리드지만 최대한 내연기관의 동력 구성과 주행 모드와 흡사하게 구성한 점이 특이하다. 보통의 하이브리드의 경우 전기모터 쓰임새를 강조하기 위해 '전기차 모드'를 마련하거나 전원이 들어왔다는 의미로 'Ready'라는 문구를 강조하는데, 니로에선 그런 모습을 찾을 수 없다. 기술적으로 생소한 하이브리드의 한계를 지우기 위해서다. 
 
 

 때문에 출발할 때도 전기모터만 '우웅' 울리기보다 엔진이 돌아가는 느낌을 동시에 준다. 즉각적인 토크가 매력적인 전기 동력 활용도 중요하지만 운전자에 익숙한 출발 감성을 구현하는 편이 낫다고 판단한 것. 물론 전기모터만으로도 출발은 가능하다.  
 
 속도를 올리는 일에도 전기모터와 하이브리드는 꾸준하게 동력을 교환한다. 전환 시 약간의 이질감이 나타났던 점도 훌륭하게 잡아냈다. 친환경 제품군을 향한 기아차의 자신감이 괜한 것이 아니었다는 생각을 들게 한다. 기술의 발전 속도가 이렇게 빠르다. 
 

 단단한 하체 감성도 인상적이다. 일반적으로 국산차는 물렁하다는 선입견이 있기 마련인데, 니로는 완벽하진 않아도 상당하게 유럽차의 그것과 닮아 있다. 이를 두고 현대차그룹 내 친환경 제품군을 담당하는 윤성훈 PM(프로덕트 매니저)은 ""개발 단계에서부터 유럽을 지향하고 만들었다""며 ""이는 니로에 무조건 유럽차의 감성을 이식해야 한다는 알버트 비어만 부사장의 의지이기도 하다""고 전했다. 즉, 니로를 시작으로 기아차에서도 비로소 운전의 즐거움을 얘기할 때가 왔다는 이야기다. 
 

 실제 니로의 움직임은 굉장히 경쾌하다. 두 동력원의 특장점을 제대로 버무렸다는 생각이다. 칭찬 일색인 이유는 정말로 칭찬을 할 수밖에 없는 제품력에 있다. 하이브리드는 심심하다는 고정관념도 이제는 옛말이다. 
 
 스포츠 모드로 달리는 방법을 달리했을 때는 약간의 감동도 있었다. 예전처럼 흉내만 내는 스포츠 모드가 아니다. 엔진 사운드는 풍부해지고, 에코 모드에서도 묵직함을 줬던 스티어링 휠은 손에 힘을 더욱 들어가게 했다. 비어만 효과가 니로에서 터졌다. 상대적으로 몸집이 작아 좌우 롤링이나 상하의 움직임도 적다. 단단하게 앞으로 나아간다. 그럼에도 효율은 70여㎞를 주행한 결과 ℓ당 17.4㎞를 기록했다. 18인치 타이어의 복합 표시 효율은 17.1㎞/ℓ로, 오히려 실효율이 높은 것을 알 수 있었다. 
 

 차음대책에 만전을 기했다고 하지만 이따금 들려오는 노면 소음이나 풍절음은 약간 거슬린다. 니로는 분명 잘 만든 차이지만 기아차라는 대중 브랜드의 한계도 명확한 셈이다. 
 

 또 하나의 불만은 제동이다. 수치상으로 전혀 문제가 없다고 하는데, 페달을 밟을 때 느낌이 유쾌하지 않다. 밀리는 느낌은 물론이고, 잘 안 밟히는 것 같은 인상을 주기도 한다. 이와 관련 윤성훈 PM은 ""내연기관의 제동이 직접적인 반면 제동 시 에너지를 회수해야 하는 친환경차의 제동장치는 페달과 제동시스템 사이에 IBAU(Integrated Brake Assist Unit)가 위치해 제동 이질감이 나타날 수밖에 없는 것이 사실""이라며 ""하지만 제동 능력은 내연기관보다 친환경차가 더 좋다는 시험 결과가 있다""고 설명했다. 이어 ""현재 2세대 회생 제동 시스템을 개발하고 있지만 더 많은 에너지 회수를 목표로 하고 있어 이후에도 이질감을 줄이기는 어려울 것으로 보인다""고 덧붙이기도 한다. 쉽게 말해 효율을 위해 제동 이질감은 어쩔 수 없는 숙명이라는 것. 하지만 힘들게 역동적인 하체와 운동성을 만들어 냈음에도 이를 반감시키는 제동 이질감에 약간의 서운함이 드는 건 어쩔 수 없다.  
 

 ▲총평
 기아차는 이례적으로 언론 시승회에 니로의 초기 계약상황을 알리면서 순조롭게 인기 몰이를 시작했다는 자신감을 내비쳤다. 분명 SUV 형태의 니로는 아이오닉과 비교해 현재 자동차 시장의 트렌드에 더 부합한다는 측면에서 어느 정도 성공이 담보돼 있다 해도 과언이 아니다. 실제 니로는 하루 150대 이상의 계약량을 기록하고 있으며, 이 같은 추세가 이어진다고 가정할 때 연간 4만대 판매를 달성할 수 있을 것이라는 게 김창식 기아차 부사장의 설명이다.
 
 
 그러나 계약상황을 소상하게 밝히는 모습에서 한편으로는 ""이 차가 과연 성공할 수 있을까""라는 기아차의 불안함이 어렴풋하게 보이기도 한다. 성공의 확신을 주기엔 소형 하이브리드 SUV라는 시장 자체가 우리에게 생소한 탓이다. 따라서 국내는 물론 글로벌 시장에서도 선구자 지위에 있는 만큼 니로의 성패는 기아차에게 부담이 아닐 수 없다. 
 
 이런 이유로 기아차는 하이브리드 SUV라는 이름보다 스마트 SUV라는 마케팅 용어로 소비자가 느끼는 하이브리드에 대한 거부감을 없앴는지도 모르겠다. 성능이나 차 안에서의 인상, 실제 움직임 역시 하이브리드의 자취는 크게 알아차리기 힘들다. 그러나 니로는 기대 이상의 제품이다. 시승에서 경험한 것은 니로의 충분한 제품력이었기 때문이다. 
 

 
 
박진우 기자 kuhiro@autotimes.co.kr출처-오토타임즈
 
 
 
<본 기사의 저작권은 오토타임즈에 있으며, 무단 전재 및 재배포를 금합니다>
                  "
"법원, 블로거 시승기 유료 포스팅 과징금은 '정당'",http://www.bobaedream.co.kr/view?code=nnews&No=163525&bm=1,"
 블로거들에게 경제적 대가를 주고 시승기를 쓰게 하는 등 소비자 기만 광고를 했다는 이유로 공정거래위원회의 제재를 받은 아우디코리아가 이에 불복하는 소송을 냈다가 패소했다.
 
 지난 7일 서울고법 행정6부(이동원 부장판사)는 아우디가 공정위를 상대로 ""시정 명령과 과징금 납부명령을 취소해달라""며 낸 소송에서 원고 패소로 판결했다.  2014년 아우디코리아는 일부 블로거에게 경제적 대가를 지급하고 마케팅을 시도한 사실을 밝히지 않아 공정거래위원회로부터 시정조치 명령과 함께 과징금 9,400만원을 부과받았다. 당시 아우디코리아 측은 ""해당 블로그 광고글은 마케팅 대행사를 통한 계약이었다는 점에서 책임 주체에 대해선 생각해볼 필요가 있다""고 반박했다. 이에 공정위는 ""과징금 부과는 전혀 문제가 없으며 광고 주체인 아우디코리아측에서 책임을 지는 것이 당연하다""고 주장했다.
 

  재판부는 판결에서 ""원고가 대행업체로부터 이메일로 보고받은 내용에는 '상업성이 노출되지 않도록 콘텐츠를 작성했다'는 내용이 포함돼 있고 원고가 이를 확인한 뒤 진행을 요청하기도 했다""며 아우디의 책임이 분명하다고 판단했다. 이어 ""광고행위 상당 부분이 자동차 제품을 주로 포스팅하는 파워블로그 운영자를 통해 이뤄진 점을 고려하면 일반 소비자들의 구매 결정에 상당한 영향력을 미쳤을 것으로 보인다""며 ""일부 내용은 단점을 소개하기도 했지만 오히려 객관적이라는 신뢰를 더 강하게 해 기만적인 요소로 작용했을 것""이라고 지적했다.   
 
 한편, 지난 2012년 아우디코리아는 신형 A6가 국내 한 언론사의 '올해의 차'로 선정되자 마케팅 목적으로 온라인 광고 대행사 한국오길비앤매더(주)와 계약을 맺었다. 오길비는 (주)퓨처로지에 온라인 마케팅에 관한 세부 내용을 의뢰했다. 퓨처로지는 (주)미래아이엔씨라는 바이럴 마케팅사에 다시 블로그 홍보를 맡기고 이에 따라 미래아이엔씨는 파워블로거를 비롯한 총 13곳 블로거에게 회당 10만원을 지급하며 블로그 포스팅을 진행했다. 
 
 계약된 블로거들은 2012년 3월12일부터 28일까지 약 보름간 순차적으로 '아우디 A6, 올해의 차 선정'이라는 내용의 게시글을 자신들의 블로그에 게재했다. 그러나 최초 게재 시 아우디로부터 경제적인 대가를 받았다는 '사실'을 고지하지 않은 점이 문제가 됐다. 이에 따라 일부는 2013년 5월과 2013년 11월, 경제적 대가를 받았다는 사실을 표시했지만 이미 공정위 감시가 시작된 후였다.     이에 공정위는 소비자안전정보과는 '기만광고'라는 판단을 내렸다. 소비자 구매 선택에 지대한 영향을 미칠 수 있는 대가 지급 사실을 은폐했다는 것. 이는 표시·광고의 공정화에 관한 법률 제 3조 2항에 근거한 것으로, 동시에 아우디에게는 9,400만원의 과징금을 부과했다. 해당 포스팅을 제공한 블로거들은 대가가 소액인 점, 광고법에 의거한 사업자로 볼 수 없다는 점, 또한 아우디에 먼저 접근한 사실이 없음을 들어 책임은 면제됐다.
 김성윤 기자 sy.auto@autotimes.co.kr 출처-오토타임즈
 
 
 
<본 기사의 저작권은 오토타임즈에 있으며, 무단 전재 및 재배포를 금합니다>
                  "
"아우디, 얼굴과 심장 바꾼 A3 세단 소개",http://www.bobaedream.co.kr/view?code=nnews&No=163522&bm=1,"
 아우디가 A3 세단의 마이너체인지 모델을 발표했다. 
 
 11일 아우디에 따르면 A3 세단은 그간 3도어, 5도어 등 해치백 제품만을 선보였던 A3에 처음 채택된 4도어 세단으로, 지난 2013년 등장했다. 이번 마이너 체인지는 첫 출시 이후 3년만이며, 완전변경에 가까운 변화가 있었다는 게 회사 설명이다. 
 

 우선 외관은 전면을 중심으로 인상을 바꿨다. 육각형을 강조한 새로운 그릴은 물론 헤드램프, 범퍼 등을 새로 디자인했다. 여기에 헤드램프의 경우 아우디 제논 플러스를 기본 장착하고, 선택품목으로 매트릭스 LED를 준비했다. 후면은 테일램프와 범퍼를 변경했다. 
 
 실내는 기본적으로 이전과 거의 동일하다. 그러나 스티어링 휠을 3 스포크로 재디자인하고, MMI(멀티미디어 인터페이스)도 최신형으로 업데이트했다. 신형 TT에서 선보인 아우디 버추얼 콕핏이 선택품목으로 들어갔다. 
 
 유럽 시장에서 A3 세단은 가솔린 3종, 디젤 3종 등 총 6개 동력계를 설정한다. 이 중 가솔린의 경우 A3 최초로 3기통 1.0ℓ TFSI를 얹었다. 직렬 3기통 1.0ℓ 가솔린 직분사 터보 엔진으로, 최고 115마력, 최대 20.4㎏·m의 성능을 낸다. 
 

 한편, 아우디코리아는 새 A3 세단의 국내 출시를 검토 중이다. 
 
 
박진우 기자 kuhiro@autotimes.co.kr
출처-오토타임즈
 
 
 
<본 기사의 저작권은 오토타임즈에 있으며, 무단 전재 및 재배포를 금합니다>
                  "
"BMW X1 x드라이브 18d, 국내 판매 시작",http://www.bobaedream.co.kr/view?code=nnews&No=163520&bm=1,"
 BMW코리아가 X1 x드라이브 18d를 국내에 내놨다. 
 
 8일 BMW에 따르면 신형은 지난 2월 출시한 x드라이브 20d와 비교해 엔진, 차체 및 외관 디자인과 프리미엄 품목은 유지하면서 이산화탄소 배출량은 낮추고 효율을 높인 게 특징이다. 대신 휠은 기존 18인치가 아닌 17인치를 적용했다.   엔진은 4기통 2.0ℓ 트윈파워 터보 디젤을 탑재해 최고 150마력, 최대 33.7㎏·ｍ의 성능을 발휘한다. 8단 스텝트로닉 자동변속기를 조합해 정지 상태에서 100㎞/h까지 도달시간은 9.3초, 복합효율은 ℓ당 14.6㎞를 확보했다. 이산화탄소 배출량은 ㎞당 130g이다. BMW 인텔리전트 사륜구동 시스템인 x드라이브도 동일하게 적용했다.  신형의 판매가격은 5,140만원이다(개별소비세 한시적 인하 적용 기준 가격).
 

 
구기성 기자 kksstudio@autotimes.co.kr 출처-오토타임즈
 
 
 
<본 기사의 저작권은 오토타임즈에 있으며, 무단 전재 및 재배포를 금합니다>
                  "
"알파로메오, 내년 첫 SUV 내놓는다",http://www.bobaedream.co.kr/view?code=nnews&No=163518&bm=1,"
 알파로메오가 내년에 SUV를 내놓으며 커져가는 글로벌 SUV 시장 대응에 나설 예정이다.
 
 11일 회사에 따르면 새 차의 이름은 알파로메오 '스텔비오(Stelvio)'다. 이탈리아 북부에 위치한 최대 국립공원에서 따왔다. 24㎞에 달하는 연속 헤어핀으로 이뤄진 고갯길 '스텔비오 파스'로 잘 알려진 곳이다.
 
 새 차는 신형 줄리아를 기반으로 한다. 동력계 역시 줄리아의 4기통, 6기통 엔진을 개량해 얹을 전망이다. 공개 무대는 오는 11월 열릴 LA오토쇼가 될 가능성이 높다는 게 업계 시각이다. 경쟁 제품은 아우디 Q5, BMW X3, 메르세데스-벤츠 GLC 등의 중형급이 꼽힌다.
 
 알파로메오는 2018년까지 줄리아, 스텔비오 등의 제품군 확대로 연간 판매 대수를 40만대까지 끌어올릴 방침이다. 현재 B세그먼트 미토, C세그먼트 줄리에타, D세그먼트 줄리아, 4C 등을 판매하고 있다.
 
 한편, FCA코리아는 알파로메오의 국내 도입을 적극 검토하고 있다. 피아트, 크라이슬러, 짚과 함께 브랜드 다변화에 나설 방침이다.
 

 
구기성 기자 kksstudio@autotimes.co.kr출처-오토타임즈
 
 
 
<본 기사의 저작권은 오토타임즈에 있으며, 무단 전재 및 재배포를 금합니다>
                  "
"폭스바겐, 국산차 수리비의 3배..보험료 상승의 주범(?)",http://www.bobaedream.co.kr/view?code=nnews&No=163513&bm=1,"

파사트 
 
작년 국내 수입차 판매는 24만3900대로 국산차 판매량 157만9706대의 6분의 1 수준으로 성장했다. 이같은 급격한 성장에는 수입 프리미엄 브랜드의 공격적 마케팅과 국산 중형차 가격에 구입할 수 있는 보급형 수입차의 판매 확대가 전체적인 성장을 주도한 것이라는 판단이다.
 
하지만 부작용도 만만치 않다. 최근 국내 자동차 보험사는 잇따라 보험료 인상시켜 서민들에게 부담을 전가하고 있는데, 이면에는 수입차의 급격한 판매 확대와 이로 인한 손해율 상승이 주된 원인이라는 것이 업계의 분석이다. 보험개발원의 국산·외산별 평균수리비 현황에 따르면 수입차 평균수리비는 2014년 기준 275만원으로 국산차의 96만원 대비 3배를 기록했다.
 
비교적 저렴한 수입차도 수리비는 국산차 보다 월등히 높아 주의가 요구된다. 폭스바겐의 경우에는 작년 한햇동안 국내 시장에서 3만5778대를 판매해 수입차 전체 브랜드 중 판매 3위를 기록했다. 배출가스 조작 파문으로 글로벌 시장에서 인기가 크게 떨어진 것에 비하면 아이러니다. 할인 판매 등 폭스바겐의 대대적인 이벤트에 더해 친환경을 외치면서도 다른 행동을 보이는 국내 소비자들의 소비 형태가 맞물린 까닭이다.
 
파사트, 스크래치 부위 
 
최근 입수한 폭스바겐코리아의 파사트 수리비 견적서를 살펴보면 수입차 수리비에 대한 단상을 그대로 확인할 수 있다. 견적서 상에는 리어하우스 패널과 리어도어 캐치의 손상에 대한 견적 금액으로 약 123만원이 청구됐다. 스크래치 치고는 정비 수리비용이 예상을 뛰어넘는 액수다.
 
대상 차량은 2015년 등록된 차량가격 3890만원의 폭스바겐 파사트 2.0 TDI 모델이다. 123만6993원의 청구 금액 중 부품은 19만4039원, 공임은 93만500원이 발생됐다. 교체 부품인 도어핸들캐치의 부품 가격은 국산차 범퍼 값 수준인 10만292원, 몇 백원짜리 소모품인 브라켓의 가격은 3만7345원이다.
 
청구된 금액의 대부분을 차지하는 부분은 공임이다. 폭스바겐코리아의 자체 견적 프로그램을 이용해 산정된 금액으로 견적서 상의 TU는 시간단위를 나타낸다. 100TU는 한 시간을 의미한다. 일반적인 폭스바겐의 시간당 공임은 6만8000원, 보험사의 경우 할인율이 적용돼 5만6000원의 시간당 공임이 적용된다.
 
파사트, 스크래치 견적서 
 
단순히 정비로 인한 소요 시간에 대한 금액이라고 가정하면 크게 비싸다는 느낌은 없다. 하지만 시간당 공임의 산정 방법을 살펴보면 얘기가 달라진다. 판금과 도색, 도어핸들 교체를 위한 정비 작업에는 각각의 탈부착 시간으로 산정돼 합산된다. 특히 5분 남짓 소요되는 비닐 마스킹 작업에 13만4400원이 책정됐다.
 
페인트 재료대는 31만4500원이 청구됐다. 폭스바겐에서 사용되는 블랙컬러 페인트는 2리터 기준 소매가가 4만원 수준이다. 2리터는 차량 전체 도색이 가능한 용량으로 차량당 1판의 도색을 기준으로 수십대의 도색이 가능한 용량을 한 명의 소비자에게 부가한 셈이다.
 
폭스바겐 골프를 타고다니는 김모 씨는 “폭스바겐 서비스센터에서는 사설업체에서 손톱만큼이라도 도색한 흔적이 확인되면 보증수리를 해주지 않는다”며 “보증수리를 받기 위해서는 경미한 스크래치의 수리도 공식 서비스센터를 이용해야 해 시간과 비용의 부담이 크다”며 혀를 내둘렀다.
 
파사트, 스크래치 견적서 
 
고가의 수입차 수리비는 국내 자동차보험사의 수익성 악화, 그리고 전체 자동차 보험료의 인상으로 이어져 국민 전체의 재정적 부담으로 전가됐다. 올해 수입차 상위 업체들의 매출액은 2~3조원 수준으로 일부 국산차 제조사의 매출액을 넘보는 수준으로 성장했다. 성장에 걸맞는 합리적인 수리비 책정이 요구되는 시점이다.
 
 
이한승 기자   hslee@dailycar.co.kr출처-데일리카
 
 
 
<본 기사의 저작권은 데일리카에 있으며, 무단 전재 및 재배포를 금합니다>
                  "
"현대차, 승용 점유율 30%선 무너지나",http://www.bobaedream.co.kr/view?code=nnews&No=163457,"
 현대자동차가 올 3월 국내 승용 시장에 4만4,629대를 내보내며 점유율이 30.1%에 그쳤다. 내달엔 마지노선으로 파악되는 30%선 마저 붕괴될 우려가 관측된다.   
 7일 한국자동차산업협회와 한국수입차협회 통계자료에 따르면 2016년 3월 국내 판매된 승용차(상용차 제외)는 총 14만8,287대다. 현대차가 4만4,629대로 가장 많지만 기아차가 4만4,611대로 바짝 따라붙었다. 각각 점유율도 30.1%로 동일하다. 이어 수입차가 2만4,094대를 등록해 16.2%를 차지했다. 한국지엠이 1만5,549대로 10.6%, 르노삼성이 1만235대로 6.9%, 쌍용차가 9,069대로 6.1%를 획득했다. 
 

  지난 5년 전과 비교해 현대차는 7.5%P, 기아차는 2.7%P 점유율이 줄었지만 나머지는 모두 증가했다. 수입차의 경우 2011년 3월보다 두 배 정도 점유율이 높아졌고, 한국지엠은 1.5%P, 르노삼성은 4.6%P, 쌍용차는 2.3%P 각각 상승했다. 
 다만 기아차는 현대차와의 간극을 좁히며 입지를 강화하고 있다. 3월에는 단 18대 차이로 따라잡았다. 경차 모닝과 미니밴 카니발 등을 통해 현대차의 틈새 시장을 정확히 파고든 까닭이다. 올 들어 기아차는 전년대비 10%가 넘는 성장률을 기록, 한 자리 수 성장에 불과한 현대차를 뛰어넘는 것은 시간 문제라는 게 업계 판단이다. 
 발등에 불이 떨어진 현대차는 긴급 방어태세에 나섰다. 영업일선에 공문을 보내 시장점유율 35%선을 막아야 한다고 호소한 것. 특히 르노삼성의 SM6와 쉐보레 스파크 및 임팔라 등을 견제했다. 1분기 공격적으로 투입한 수입 신차와 할인 차종에 대해서도 주의를 요망했다. 
 물론 하반기 신형 그랜저의 출시가 남아있는 만큼 반등의 여지가 남아있다는 게 업계 시각이다. 업계 관계자는 ""2010년 3월에는 10대 중 4대가 현대차였는데 최근엔 3대로 줄었다""며 ""영업일선에 실적을 촉구하는 등 다급해진 분위기가 역력하다""고 말했다. 특히 ""하반기 대형 신차인 그랜저가 출시되기 전까지 어떻게 버틸 것인지가 관건""이라며 ""상반기에만 잘 버텨준다면 뒷심 발휘는 어렵지 않을 것으로 본다""고 전했다.     
 
오아름 기자 or@autotimes.co.kr 
출처-오토타임즈
 
 
 
<본 기사의 저작권은 오토타임즈에 있으며, 무단 전재 및 재배포를 금합니다>
 
                  "
"제네시스, 미국서 BMW 5시리즈 제쳤다",http://www.bobaedream.co.kr/view?code=nnews&No=163377,"

 
 현대자동차의 고급 세단 제네시스의 판매가 미국 시장에서 급증했다. 판매량으로 BMW 5시리즈를 제쳤다. 지난해 고급차 브랜드 제네시스의 출범 이후 이름값 효과를 보고 있는 것으로 분석된다.
 
 5일 자동차업계에 따르면 제네시스는 지난 3월 한 달간 미국 시장에서 전년 대비 32.4% 늘어난 3197대가 판매됐다. 
월 평균 2000여대 수준에 머물렀던 제네시스의 미국 판매는 2012년 7월 3103대를 기록한 이후 약 4년 만에 다시 3000대 고지를 밟았다.
 
 제네시스의 판매 급증으로 미국 중형 고급차 시장의 선두 다툼이 치열해졌다. 제네시스는 2월에 이어 3월에도 미국 중형 고급차 시장에서 차급 2위에 올랐다. 
 
 지난 2월 벤츠 E클래스를 제치고 처음으로 차급 2위에 오르며 업계를 놀라게 한 제네시스는 3월에는 3157대가 판매된 BMW 5시리즈를 근소한 차이로 제치고 2위 자리를 유지했다. 3월 한 달 간 1위는 E클래스가 차지했다.
 
 미국 중형 고급차 시장은 벤츠 BMW에 최근 급부상한 제네시스까지 3강 체제를 구축했다. 제네시스는 특히 올해 들어 1월 1559대, 2월 2532대, 3월 3197대로 판매 상승곡선을 그리고 있어서 조만간 차급 1위에 오를 가능성도 점쳐지고 있다. 
 
 업계에서는 제네시스의 급부상 이유를 ""럭셔리 브랜드 효과""라 분석한다. 지금까지 제네시스에 대해 '성능 좋고 경쟁력 있는 차'라고만 생각해 왔던 미국 소비자들이 제네시스 브랜드 론칭 이후 '고급차'로 받아들이기 시작했다는 설명이다. 
 
 현대차 관계자는 ""고급차 이미지가 더해지면서 제네시스가 미국 시장에서 유럽 프리미엄 모델들과 당당히 경쟁하고 있다""며 ""하반기 EQ900(해외명 G90)이 미국 시장에 투입되고 제네시스의 차명도 G80으로 변경되면 제네시스 돌풍은 더 확대될 것""이라고 말했다. 
 
 
안혜원 기자 anhw@hankyung.com 출처-한국경제
 
 
 
<본 기사의 저작권은 한국경제에 있으며, 무단 전재 및 재배포를 금합니다>
                  "
"쌍용차 티볼리 에어, 한 달 만에 5,000대 계약 돌파",http://www.bobaedream.co.kr/view?code=nnews&No=163528,"
 쌍용자동차가 티볼리 에어 출시 한 달 만에 5,000대 계약을 넘어섰다고 11일 밝혔다.
 
 쌍용차에 따르면 티볼리 에어는 3월8일 출시 후 4월8일까지 영업일 기준 일 평균 180~200대의 계약을 이어가고 있다. 이에 따라 출시 한 달 만에 5,100대를 돌파하면서 올해 내수 판매목표 1만대의 절반을 넘어선 것.
 
 티볼리 에어의 지난달 출고 상황은 남성 56.4%, 여성 43.6%로 고른 분포였다. 연령별로는 20대 21.8%, 30대 28.3%, 40대 27.9%였다. 50대와 60대 이상도 각각 18%, 4%로 집계됐다. 회사는 안전성, 720ℓ의 적재공간, 다양한 수납공간 등 SUV 본연의 활용성이 주효한 것으로 보고 있다.
 
 티볼리도 티볼리 에어와 같은 기간 누적 계약 대수 6,200대를 포함해 티볼리 브랜드 전체 1만1,300대를 넘어섰다. 가지치기 제품 출시로 인한 판매 간섭과 경쟁사의 마케팅에도 영향을 받지 않고 있다는 게 회사 설명이다.
 
 한편, 국내 소형 SUV 시장은 최근 기아차 니로가 가세해 경쟁이 치열해지고 있다. 올해 1분기 수요는 1만4,922대로 전년 동기대비 9.8% 증가했다. 이 가운데 티볼리는 9,954대로 66.7%를 점유했다.
 

 
안효문 기자 yomun@autotimes.co.kr 출처-오토타임즈
 
 
 
<본 기사의 저작권은 오토타임즈에 있으며, 무단 전재 및 재배포를 금합니다>
                  "
"폭스바겐, 국산차 수리비의 3배..보험료 상승의 주범(?)",http://www.bobaedream.co.kr/view?code=nnews&No=163513,"

파사트 
 
작년 국내 수입차 판매는 24만3900대로 국산차 판매량 157만9706대의 6분의 1 수준으로 성장했다. 이같은 급격한 성장에는 수입 프리미엄 브랜드의 공격적 마케팅과 국산 중형차 가격에 구입할 수 있는 보급형 수입차의 판매 확대가 전체적인 성장을 주도한 것이라는 판단이다.
 
하지만 부작용도 만만치 않다. 최근 국내 자동차 보험사는 잇따라 보험료 인상시켜 서민들에게 부담을 전가하고 있는데, 이면에는 수입차의 급격한 판매 확대와 이로 인한 손해율 상승이 주된 원인이라는 것이 업계의 분석이다. 보험개발원의 국산·외산별 평균수리비 현황에 따르면 수입차 평균수리비는 2014년 기준 275만원으로 국산차의 96만원 대비 3배를 기록했다.
 
비교적 저렴한 수입차도 수리비는 국산차 보다 월등히 높아 주의가 요구된다. 폭스바겐의 경우에는 작년 한햇동안 국내 시장에서 3만5778대를 판매해 수입차 전체 브랜드 중 판매 3위를 기록했다. 배출가스 조작 파문으로 글로벌 시장에서 인기가 크게 떨어진 것에 비하면 아이러니다. 할인 판매 등 폭스바겐의 대대적인 이벤트에 더해 친환경을 외치면서도 다른 행동을 보이는 국내 소비자들의 소비 형태가 맞물린 까닭이다.
 
파사트, 스크래치 부위 
 
최근 입수한 폭스바겐코리아의 파사트 수리비 견적서를 살펴보면 수입차 수리비에 대한 단상을 그대로 확인할 수 있다. 견적서 상에는 리어하우스 패널과 리어도어 캐치의 손상에 대한 견적 금액으로 약 123만원이 청구됐다. 스크래치 치고는 정비 수리비용이 예상을 뛰어넘는 액수다.
 
대상 차량은 2015년 등록된 차량가격 3890만원의 폭스바겐 파사트 2.0 TDI 모델이다. 123만6993원의 청구 금액 중 부품은 19만4039원, 공임은 93만500원이 발생됐다. 교체 부품인 도어핸들캐치의 부품 가격은 국산차 범퍼 값 수준인 10만292원, 몇 백원짜리 소모품인 브라켓의 가격은 3만7345원이다.
 
청구된 금액의 대부분을 차지하는 부분은 공임이다. 폭스바겐코리아의 자체 견적 프로그램을 이용해 산정된 금액으로 견적서 상의 TU는 시간단위를 나타낸다. 100TU는 한 시간을 의미한다. 일반적인 폭스바겐의 시간당 공임은 6만8000원, 보험사의 경우 할인율이 적용돼 5만6000원의 시간당 공임이 적용된다.
 
파사트, 스크래치 견적서 
 
단순히 정비로 인한 소요 시간에 대한 금액이라고 가정하면 크게 비싸다는 느낌은 없다. 하지만 시간당 공임의 산정 방법을 살펴보면 얘기가 달라진다. 판금과 도색, 도어핸들 교체를 위한 정비 작업에는 각각의 탈부착 시간으로 산정돼 합산된다. 특히 5분 남짓 소요되는 비닐 마스킹 작업에 13만4400원이 책정됐다.
 
페인트 재료대는 31만4500원이 청구됐다. 폭스바겐에서 사용되는 블랙컬러 페인트는 2리터 기준 소매가가 4만원 수준이다. 2리터는 차량 전체 도색이 가능한 용량으로 차량당 1판의 도색을 기준으로 수십대의 도색이 가능한 용량을 한 명의 소비자에게 부가한 셈이다.
 
폭스바겐 골프를 타고다니는 김모 씨는 “폭스바겐 서비스센터에서는 사설업체에서 손톱만큼이라도 도색한 흔적이 확인되면 보증수리를 해주지 않는다”며 “보증수리를 받기 위해서는 경미한 스크래치의 수리도 공식 서비스센터를 이용해야 해 시간과 비용의 부담이 크다”며 혀를 내둘렀다.
 
파사트, 스크래치 견적서 
 
고가의 수입차 수리비는 국내 자동차보험사의 수익성 악화, 그리고 전체 자동차 보험료의 인상으로 이어져 국민 전체의 재정적 부담으로 전가됐다. 올해 수입차 상위 업체들의 매출액은 2~3조원 수준으로 일부 국산차 제조사의 매출액을 넘보는 수준으로 성장했다. 성장에 걸맞는 합리적인 수리비 책정이 요구되는 시점이다.
 
 
이한승 기자   hslee@dailycar.co.kr출처-데일리카
 
 
 
<본 기사의 저작권은 데일리카에 있으며, 무단 전재 및 재배포를 금합니다>
                  "
"현대기아차, 글로벌 누적판매 1억대 임박",http://www.bobaedream.co.kr/view?code=nnews&No=163529,"
 현대기아차가 이달 중 글로벌 누적판매 대수 1억대를 넘어설 전망이다.
 
 11일 회사에 따르면 1억대 판매는 기아차가 1962년 자동차 판매를 시작한 이후 54년 만에 달성한 기록이다. 지난 1962년부터 올해 3월까지 세계 자동차 시장에서 현대차 6,402만대, 기아차 3,568만대 등 총 9,970만대를 판매한 것으로 집계됐다. 이에 따라 회사는 이달 중 1억대 누적판매를 이룰 수 있을 것으로 보고 있다.
 
 현대기아차는 1993년 1,000만대를 돌파했다. 해마다 연간 판매 기록을 경신하며 2008년 5,000만대, 지난해 1월 9,000만대를 넘어섰다. 회사는 1억대 달성을 수출 중심의 해외 판매가 주도한 것으로 분석했다. 산업 기반이 취약하고 기술력이 부족한 후발주자로서의 어려움과 협소한 내수시장의 한계를 해외시장 공략을 통해 극복한 것.
 
 1998년부터 해외 판매가 국내 판매를 넘어섰으며 지난 한 해 동안 판매된 802만대 중 해외 판매 비중이 84%에 달한다. 지난달까지 국내 총 판매는 2,982만대, 수출·해외공장 판매를 합한 해외 판매는 6,988만대로, 해외에서만 70% 이상 판매했다. 또한, 내수와 수출을 합한 국내공장 생산 판매대수와 해외공장 생산 판매대수로 나누면 각각 6,886만대, 3,084만대로 국내공장 생산 판매대수가 전체 누적판매의 약 69%를 차지했다는 게 회사 설명이다.
 
 제품별로는 현대차 아반떼(엘란트라 포함)가 1990년 출시 이후 1,119만대가 판매돼 가장 많이 팔렸다. 이어 엑센트 824만대, 쏘나타 783만대가 뒤를 이었다. 기아차는 1986년 출시된 프라이드가 422만대, 1993년 선보인 스포티지가 403만대 판매됐다.
 

 
오아름 기자 or@autotimes.co.kr 출처-오토타임즈
 
 
 
<본 기사의 저작권은 오토타임즈에 있으며, 무단 전재 및 재배포를 금합니다>
                  "
"‘폭스바겐법’ 생기나..정부, 늑장 리콜 과징금 신설 계획",http://www.bobaedream.co.kr/view?code=nnews&No=163512&bm=1,"

파사트 
 
 국토교통부(장관 강호인)는 ‘늑장리콜 과징금 신설’을 골자로 하는 자동차관리법 시행령 개정안을 입법 예고한다고 11일 밝혔다.
 
 이번 개정안으로 인한 자동차관리법 제74조 제2항 주요 개정내용으로는 늑장리콜에 대한 과징금이 신설된다. 자동차(부품)가 안전기준에 부적합하거나 안전기준에 지장을 주는 등의 결함이 있을 시 그 자동차(부품)의 제작·조립 또는 수입자는 그 결함사실을 안 날부터 지체없이 시정조치해야 하나 이를 위반시 매출액의 100분의 1 범위 내에서 과징금이 부과된다. 기존과 달리 상한액을 정하지 않아 제조사의 과징금 규모가 대폭 확대된다.
 
폭스바겐, 2.0 TDI 엔진 
 
 또한 안전기준 부적합에 대한 과징금이 상향된다. 자동차(부품)의 제작·조립 또는 수입자는 그 자동차(부품)가 자동차(부품)안전기준에 적합함을 스스로 인증해야 하는데 이를 위반하여 자동차(부품)안전기준에 부적합한 자동차를 판매한 자 등에게 매출액의 100분의1 범위 내(100억원 초과시 100억원)에서 과징금 부과된다. 개정 전 기준은 매출액의 1000분의 1 범위내, 한도는 10억원이었다.
 
 그 밖의 주요 내용으로는 연료소비율 및 원동기 출력 과다 표시에 대한 과징금 상한액을 100억원, 제동장치, 조향장치 및 주행장치 등 안전기준 부적합 안전기준 부적합에 대한 과징금 상한액을 50억원, 부품 안전기준 등 부적합에 대해서 과징금 상한액은 10억원으로 조정된다.
 
티구안 2.0TDI 블루모션 전체적인 외관 
 
 
이한승 기자   hslee@dailycar.co.kr출처-데일리카
 
 
 
<본 기사의 저작권은 데일리카에 있으며, 무단 전재 및 재배포를 금합니다>
                  "
"가파른 인기 ‘테슬라’, 그러나 주가는 급락..왜?",http://www.bobaedream.co.kr/view?code=nnews&No=163511&bm=1,"

model s red 출처=tesla 
 
 미국의 전기차 제조사 테슬라모터스가 모델3 예약으로 선풍적인 인기를 모으는 가운데 목표 판매 대수와 주가는 정 반대 방향으로 흘러가고 있는 것으로 나타났다.
 
 미국 블룸버그통신은 “테슬라모터스가 올해 1/4분기 총 1만4800대의 차량을 출고했다”고 보도했다.
 
 테슬라모터스는 모델S 세단을 1만2400여대, 스포츠유틸리티차량(SUV인 모델X를 2400여대 각각 출고했다. 이는 테슬라모터스의 목표 출고량인 1만6000여대를 약 3600여대 밑도는 수치다.
 
model x production 출처=tesla 
 
 이렇게 테슬라모터스가 목표 출고량을 채우지 못한 것은 테슬라의 인기가 감소해서라기 보다는 부품 공급에 차질을 빚고 있기 때문이다. 블룸버그통신은 “모델X는 신기술을 다수 적용해 관련 부품 공급 조달에 차질을 빚었다”라고 보도했다.
 
 모델3의 인기가 치솟는 가운데 모델3 공급 차질 문제에 대한 우려도 나온다. 테슬라 모델는 불과 이틀 만에 27만6000여대의 예약 주문이 몰리며 화제가 됐다.
 
 3개월간 1만6000여대 생산이라는 목표치를 달성하지 못한 테슬라모터스가 27만여대를 감당하기 어려울 것이라는 지적이 나오는 배경이다.
 
tesla model 3 pre-orders chart 출처=Statista and Business Insider 
 
 한편 테슬라모터스의 1/4분기 판매 대수가 발표된 이후 주문량에 대한 배송 지연 우려로 테슬라모터스 주가는 4.3%가량 하락했다.
 
 
마히나 문 기자   mahina.h.moon@dailycar.co.kr출처-데일리카
 
 
 
<본 기사의 저작권은 데일리카에 있으며, 무단 전재 및 재배포를 금합니다>
                  "
"수입차 3월 실적 상승, 이유는 '대폭 할인'",http://www.bobaedream.co.kr/view?code=nnews&No=163507&bm=1,"
 지난 3월 수입차 판매가 늘어난 것은 각 사별 주력 차종의 할인 영향이 절대적이었던 것으로 해석됐다.     10일 한국수입차협회에 따르면 메르세데스-벤츠는 지난 3월 5,167대를 판매해 1위를 차지했다. 이는 전월에 비해 36.3% 늘어난 것으로, BMW의 지난해 12월 5,224대에 이어 두 번째 높은 월간 판매다. 오는 6월 신형 E클래스의 국내 출시를 앞두고 구형의 물량 소진을 위해 최대 할인폭이 1,200만원에 달한 덕분이다. 실제 E220 블루텍과 E250 블루텍 4매틱은 단일 판매 1위와 4위에 각각 오르며 실적의 42%를 책임졌다. 
 

  이와 함께 BMW는 3시리즈 600만원 이상, 5시리즈는 최대 1,300만원 할인이 제공되며 실적을 회복했으며, 아우디 또한 주력 A6를 1,000만원 이상 할인을 내놓으며 2월 984대에 그쳤던 판매를 2,552대까지 끌어올렸다.    폭스바겐도 할인에선 빠지지 않았다. 지난달 3,663대를 판매해 2월(2,196대) 대비 66.8% 실적이 늘어난 것. 이 중 골프는  지난달 판매사별로 최소 18%에서 22%까지 할인을 진행, 소비층을 끌어당겼다. 일부 물량을 판매사가 미리 확보하면서 할인도 커졌다는 얘기다.    업계에서는 이 같은 파격할인의 등장 배경을 분기 실적 마감과 연관짓고 있다. 판매사별로 분기 목표 실적 달성에 따른 수입사 인센티브 확보를 위해 할인을 경쟁적으로 내놓고 있다는 것. 한 수입차 업계 관계자는 ""올해도 어김없이 판매사들의 출혈경쟁이 이어져 판매사는 적자로 돌아설 가능성이 높다""며 ""과도한 할인이 당장 신차 구매에는 유리할 수 있지만 중고차 가격에 영향을 미칠 수 있다""고 설명했다.    한편, 지난 3월 수입차 신규등록대수는 2월 대비 53.7% 증가한 2만4,094대로 집계됐다. 이는 전년 동월 2만2,280대보다 8.1% 증가한 수치다.
 
 
김성윤 기자 sy.auto@autotimes.co.kr 출처-오토타임즈
 
 
 
<본 기사의 저작권은 오토타임즈에 있으며, 무단 전재 및 재배포를 금합니다>
                  "
"GM, 전기차 볼트로 테슬라 모델3 대응",http://www.bobaedream.co.kr/view?code=nnews&No=163506&bm=1,"
 테슬라가 최근 모델3를 공개하면서 보급형 전기차 시대 개막을 알렸다. 주력 제품이던 모델S의 절반 값으로 장 거리를 달릴 수 있는 전기차를 내놓은 것. 자율주행시스템 탑재, 온라인 사전 계약 등 자동차에 대한 새로운 접근 방식을 구현하면서 화제를 모으고 있다. 하지만 쉐보레 역시 순수 전기차 볼트(Bolt)를 지난 1월 CES에 공개하면서 시장의 새로운 판도 변화를 예고하고 있다. 게다가 두 차종은 가격도 비슷해 북미에서도 관심을 얻는 중이다. 두 전기차를 비교해봤다.
 
 ▲상품성
 모델3는 4도어 패스트백으로 준중형 세단의 크기다. 공기 저항을 줄이기 위해 도어 핸들을 감추는 등 매끈한 외관을 갖췄다. 센터페시아에 15인치 디스플레이가 자리 잡았고, 별도의 버튼 없이 대형 터치스크린으로 오디오, 공조장치 등의 편의·안전기능을 작동할 수 있다. 초강화유리를 활용한 파노라마 선루프와 자율주행장치도 기본 장착한다.
 
 볼트는 스파크를 부풀린 형태의 소형 해치백 스타일이다. 크기는 길이 4,166㎜, 너비 1,765 ㎜, 높이 1,595 ㎜, 휠베이스 2,600㎜다. 실내는 모델3와 마찬가지로 10.2인치 터치스크린을 활용한다. 자율주행기능은 선택으로 가능하다. 
 
 ▲성능
 모델3는 최대토크가 바로 발휘되는 모터 특성상 모두 고성능을 낸다. 0→시속 100㎞ 가속엔 6초가 걸리며, 1회 충전 가능 거리는 215마일(약 346㎞)이다. 구동방식은 후륜구동 기반의 사륜구동이다. 
 
 볼트는 150㎾ 모터를 장착해 0→시속 100㎞ 도달하는데 7초 정도가 소요된다. LG의 60㎾h 리튬이온 배터리를 얹었으며 한 번 충전으로 200마일(약 320㎞)을 이동할 수 있다. 직류 급속충전 시 배터리 80% 충전 시간은 45분 미만이다.
 
 ▲가격
 모델3의 가격은 3만5,000달러(한화 약 4,300만원)부터다. 제품이 갖는 혁신성 덕분에 공개 일주일 만에 32만5,000대의 사전계약이 이뤄졌다. 소비자 인도는 내년 하반기에나 이뤄질 전망이다. 볼트의 시작가는 3만 달러(한화 약 3,460만원)다. 8년, 10만 마일의 배터리 보증기간을 제공할 계획이다. 올해 연말 미국을 시작으로 판매될 예정이다.
 

 
구기성 기자 kksstudio@autotimes.co.kr출처-오토타임즈
 
 
 
<본 기사의 저작권은 오토타임즈에 있으며, 무단 전재 및 재배포를 금합니다>
 
                  "
"티볼리 에어, 투싼 및 스포티지 겨냥 성공했나",http://www.bobaedream.co.kr/view?code=nnews&No=163505&bm=1,"
 쌍용자동차가 지난달 초 내놓은 티볼리 에어(air)가 현대차 투싼과 스포티지 판매에 일부 영향을 미쳤다는 해석이 나오고 있다. 투싼과 스포티지 모두 올해 1월 4,479대와 4,754대로 출발해 2월에는 3,813대와 3,750대로 줄어든 반면 쌍용차 티볼리는 같은 달 3,222대에서 3,374대로 오히려 증가했기 때문이다. 물론 3월에는 세 차종 모두 전월 대비 판매가 증가, 현대기아차가 어느 정도 반격에 성공했지만 본격적인 판세를 지금부터라는 게 업계의 시각이다.
 

 
 11일 쌍용차에 따르면 티볼리는 올해 1월 3,222대로 시작해 2월에는 3,374대, 3월에는 4,797대로 늘어났다. 이에 따라 1분기 티볼리 판매도 1만1,393대로 지난해 같은 기간 대비 41.8% 증가, 소형 SUV 시장 내 입지를 더욱 견고하게 다져가는 셈이다.  
 
 그러나 무엇보다 쌍용차가 티볼리 상승 이유로 꼽는 항목은 티볼리 롱바디 제품인 '에어(air)'의 등장이다. 지난해 말부터 쌍용차가 티볼리 에어 출시를 예고해 왔다는 점에서 현대차 투싼 1.7ℓ VGT와 티볼리 에어를 비교하는 여론이 적지 않게 형성됐다는 것. 게다가 스포티지도 비교 대상에 오르며 티볼리 에어 대기 수요가 실질 구매로 이어졌다는 설명이다. 결국 투싼과 스포티지와 티볼리 에어를 비교하는 소비자가 늘면서 '에어' 판매에도 탄력이 붙었다는 시각이다. 쌍용차 관계자는 ""2016년으로 숫자가 바뀌면서 소형 SUV 시장에서 꾸준히 성장하는 제품은 티볼리밖에 없다""며 ""따라서 실내 공간이 확장된 티볼리 에어가 경쟁사 판매에 영향을 미친 게 아니냐""고 덧붙였다. 
 
 쌍용차의 이 같은 우호적인 시각에는 티볼리 에어 등장 이후 계약을 분석한 결과 티볼리 구매 예정자가 옮겨 간 것보다 실제 현대차 투싼 1.7ℓ 디젤과 티볼리 에어 1.6ℓ 디젤을 비교했던 소비자가 적지 않다는 점에서 출발했다. 게다가 티볼리는 가솔린 수요가 주력인 반면 티볼리 에어는 현재 디젤만 준비돼 있어 투싼 1.7ℓ 디젤과 직접 경쟁이 가능했다는 점도 주효했던 것으로 보고 있다. 
 
 경쟁 제품 공략에 탄력이 붙은 만큼 티볼리 에어와 투싼 1.7ℓ의 제품 비교에도 적극 나설 계획이다. 두 차종의 경쟁 관계가 형성될수록 쌍용차로선 유리한 입지가 만들어지기 때문이다. 특히 쌍용차가 지목한 투싼 1.7ℓ는 현대차의 소형 주력 SUV인 만큼 '에어'와 직접 비교가 가능하다는 설명이다.  
 
 한편, 티볼리 에어와 투싼의 길이는 각각 4,440㎜와 4,475㎜다. 휠베이스는 투싼이 70㎜ 길지만 티볼리 에어 또한 2,600㎜로 짧지 않다. 투싼과 스포티지가 버티는 해당 SUV 시장은 공간 활용성이 중요한 만큼 쌍용차로선 에어의 길이를 최대한 늘린 셈이다. 
 
 배기량도 1.6ℓ(티볼리 에어)와 1.7ℓ(투싼)로 큰 차이가 없다. 물론 100㏄ 차이에 따라 투싼의 최대토크가 34.7㎏·m로, 티볼리 에어의 30.5㎏·m보다 높지만 쌍용차는 최대토크 발휘영역을 1,500~2,500rpm으로 설정한 점을 비교 우위로 꼽고 있다.  
 
 
권용주 기자 soo4195@autotimes.co.kr 출처-오토타임즈
 
 
 
<본 기사의 저작권은 오토타임즈에 있으며, 무단 전재 및 재배포를 금합니다>
                  "
"마힌드라, 3월 판매 실적 17%↑",http://www.bobaedream.co.kr/view?code=nnews&No=163502&bm=1,"
 마힌드라&마힌드라(M&M)가 지난달 5만2,718대를 판매해 전년 대비 17% 성장했다고 밝혔다.
 
 11일 마힌드라에 따르면 3월 판매대수는 승용차 2만6,885대, 중대형 상용차 879대로 각각 21%, 86% 증가했다(농기계 제외). 내수 판매는 전년 동기(4만1,105대) 대비 19% 증가한 4만8,967대, 해외 수출대수는 3,751대다.
 
 프라빈 사 M&M 자동차 부문 대표는 ""지난 회계연도(2015년4월1일~2016년3월31일)는 글로벌에서 성과를 거뒀던 신제품 출시가 많아 중요한 해였다""며, ""앞으로 다양한 제품 포트폴리오와 인도중앙은행의 기준금리 인하 정책으로 성장세를 유지할 수 있기를 바란다""고 전했다.
 

 
안효문 기자 yomun@autotimes.co.kr 출처-오토타임즈
 
 
 
<본 기사의 저작권은 오토타임즈에 있으며, 무단 전재 및 재배포를 금합니다>
                  "
GM 디자인 총괄 에드 웰번 부사장 은퇴,http://www.bobaedream.co.kr/view?code=nnews&No=163493&bm=1,"
 제너널모터스(GM)의 에드 웰번 글로벌 디자인 부사장이 오는 7월1일 부로 은퇴한다. 웰번 부사장은 2005년부터 글로벌 GM의 디자인을 이끌어왔다.    8일 GM에 따르면 웰번 부사장의 후임으로는 마이클 심코 현 GM 해외사업부문 디자인 부사장이 선정됐으며 5월1일 부로 업무 인수를 시작할 예정이다. 심코 부사장은 7번째 GM글로벌 디자인 수장으로, 세계 10개의 디자인센터에 근무하는 약 2,500명의 디자인 인력을 이끌게 된다. 메리 바라 GM 회장은 ""GM 디자인을 자동차 업계 최고로 이끈 것은 에드 웰번 부사장의 리더십""이라며 그간의 공로를 치하했다.   1972년 GM의 선행 디자인 스튜디오에 자동차 디자이너로 입사한 웰번 부사장은 1999년에 GM 선행 디자인 본부장을 역임하면서 GM의 모든 컨셉트카 개발을 담당했다. 이후 2002년 1월 '바디 온 프레임 아키텍쳐' 총괄 임원, 2003년에는 아시아태평양 디자인을 총괄하는 글로벌 디자인 임원으로 승진해 각 사업장의 디자인 전략을 이끌었다. 2004년에는 북미 익스테리어 디자인 및 글로벌 아키텍쳐 전략 담당 전무로 근무하며 북미 외장 디자인을 총괄했다. 지난해 디트로이트 모터쇼에 공개한 뷰익 아베니어 컨셉트카 역시 그의 작품이다.   1950년 12월14일 필라델피아 출생의 웰번 부사장은 워싱턴 D.C.의 하워드 대학에서 조각과 제품 디자인을 수학하고, 1972년 예술학사 학위를 취득했다. 
 

 
안효문 기자 yomun@autotimes.co.kr 출처-오토타임즈
 
 
 
<본 기사의 저작권은 오토타임즈에 있으며, 무단 전재 및 재배포를 금합니다>
                  "
"포드, 신설 멕시코 공장서 친환경차 집중생산",http://www.bobaedream.co.kr/view?code=nnews&No=163490&bm=1,"
 포드가 멕시코에 새로운 생산공장 설립을 위해 16억달러를 투입하고 친환경차 전용 생산 기지로 육성할 전망이다. 
 
 11일 주요 외신에 따르면 포드는 오는 2018년까지 총 16억달러(약 1조8,000억원)를 들여 멕시코에 소형차 공장을 새로 건설한다. 포드의 새 공장 설립은 지난 2004년 미시간 트럭 공장 이후 12년 만이며 멕시코에서는 1986년 이후 30년 만이다.
 
 새 공장에서는 포커스 후속 및 포커스를 기반으로 하는 친환경차 라인업이 생산될 예정이다. 친환경차 라입업의 이름은 '모델 E'로, 하이브리드와 플러그인하이브리드, 전기차 등 3종류의 친환경차를 생산하게 될 것이라고 현지 언론들은 전망했다.
 
 포드는 지난해 12월 오는 2020년까지 총 13종의 친환경차 제품을 추가해 전체 제품의 40% 이상을 채우겠다는 목표를 발표한 바 있다. 이를 위해 투입되는 자금은 45억달러, 한화 5조3,000억원에 이른다. 첫 제품은 올해 출시할 신형 포커스 EV로 DC 급속충전 시스템을 적용해 기존보다 2시간을 단축한 30분 만에 80%의 충전이 가능하다. 
 
 한편, 포드가 새 공장 부지로 멕시코를 선정한 것을 두고 미국 공화당 대선 경선 후보인 도널드 트럼프와 미 자동차 업계 노조에서는 ""포드는 글로벌 전략이라는 미명으로 미국 노동자들을 희생시키고 있다""며 포드의 결정을 강력히 비난하고 있다.
 

 
김성윤 기자 sy.auto@autotimes.co.kr출처-오토타임즈
 
 
 
<본 기사의 저작권은 오토타임즈에 있으며, 무단 전재 및 재배포를 금합니다>
                  "
"캐딜락, 일산 지역 신규 판매사 계약 체결",http://www.bobaedream.co.kr/view?code=nnews&No=163487&bm=1,"
 지엠코리아가 리안모터스와 공식 판매사 계약을 체결하고 경기도 일산 지역에 전시장을 개장한다고 11일 밝혔다.
 
 회사에 따르면 새 전시장은 일산 풍동 수입차 거리에 위치한다. 올해 9월 완공을 목표로 총 면적 332㎡ 규모의 전시장과 서비스센터를 마련할 계획이다. 전시 공간은 약 5.5m의 높이를 확보하는 등 방문객이 넓은 공간에서 편안하게 제품을 확인할 수 있도록 설계했다. 또 신제품 전시만을 위한 별도의 공간도 준비할 방침이다. 서비스센터는 최대 3대의 차를 동시에 수용 가능한 규모로 조성한다.
 
 장재준 지엠코리아 캐딜락 총괄사장은 ""캐딜락에 대한 시장의 기대를 반영하듯 올해 서초전시장을 시작으로 지속적인 영업망 확충이 이어지고 있다""며 ""판매망은 물론 서비스 거점을 적극 확장, 신뢰도를 높여갈 계획""이라고 말했다.
 

 
구기성 기자 kksstudio@autotimes.co.kr출처-오토타임즈
 
 
 
<본 기사의 저작권은 오토타임즈에 있으며, 무단 전재 및 재배포를 금합니다>
                  "
"르노삼성차, 봄맞이 주요 소모품 할인 시행",http://www.bobaedream.co.kr/view?code=nnews&No=163484&bm=1,"
 르노삼성자동차가 주요 소모품 할인을 제공하는 '오토솔루션 2016 해피 스프링 봄봄 이벤트'를 진행한다고 11일 밝혔다.
 
 이번 행사는 에어컨 필터, 와이퍼 블레이드 동시 교환 시 30% 할인(1품목 교환 시 20% 할인), 금호타이어 제품 개당 1~2만원 할인, 엔진세정제 1만원 할인을 제공한다. 행사 기간은  4월11일부터 5월14일까지다.
 
 자세한 사항은 르노삼성자동차 홈페이지(www.renaultsamsungm.com) 이벤트 란을 참고하면 된다. 정비 예약과 기타 사항은 엔젤센터(080-300-3000)로 문의하면 된다.
 

 
안효문 기자 yomun@autotimes.co.kr 출처-오토타임즈
 
 
 
<본 기사의 저작권은 오토타임즈에 있으며, 무단 전재 및 재배포를 금합니다>
                  "
"아우디코리아, 오래된 차에 무상점검 시행",http://www.bobaedream.co.kr/view?code=nnews&No=163483&bm=1,"
 아우디코리아가 만 4년 이상된 제품을 대상으로 무상점검을 시행한다고 11일 밝혔다.
 
 이번 캠페인은 이달 11일부터 29일까지 진행한다. 2012년4월11일 이전 등록된 제품은 전국 아우디 공식 서비스센터에서 냉각수∙타이어∙제동장치∙전자장치 등 30가지 필수 항목에 대해 무료 점검 서비스를 받을 수 있다.
 
 점검 결과에 따라 소비자가 유상 수리를 원할 경우 순정 부품을 15% 할인한다. 엔진오일, 브레이크패드, 각종 필터류 등의 소모품과 타이어교체, 보험수리는 제외다. 더불어 행사 기간 동안 서비스 쿠폰패키지를 구매하면 유상수리 시 순정부품 5% 추가 할인이 가능하다. 일부 판매사는 자체 특별 캠페인을 병행한다. 각 판매사 별로 서비스 항목과 할인율은 다를 수 있다는 게 회사 설명이다.
 
 아우디 정품 액세서리를 40% 할인된 가격에 구매할 수 있는 '아우디 액세서리 캠페인'도 진행한다. 적용 품목은 아우디 순정 트랜스포테이션, 알로이 휠, 러버매트, 라이프 스타일 제품과 미니어쳐다.
 
 사전 예약 시 보다 편리하게 서비스를 받을 수 있으며 자세한 사항은 전국 아우디 공식 서비스센터 또는 아우디 소비자지원 센터(080-767-2834)로 문의하면 된다. 
 

 
김성윤 기자 sy.auto@autotimes.co.kr 출처-오토타임즈
 
 
 
<본 기사의 저작권은 오토타임즈에 있으며, 무단 전재 및 재배포를 금합니다>
                  "
"벤츠코리아, 분당 정자 전시장 확대 개장",http://www.bobaedream.co.kr/view?code=nnews&No=163482&bm=1,"
 메르세데스-벤츠 코리아가 분당 정자 전시장(운영:더클래스효성)을 확대 개장했다고 11일 밝혔다.
 
 벤츠코리아에 따르면 새 전시장은 성남시 분당구 불정로 7에 위치한다. 연면적 7,157㎡ 규모로 전시공간이 70% 이상 커졌으며 층고는 4.8m로 늘어났다. 더불어 지상 6층 구성으로 13대의 제품을 전시할 수 있다. 주차 공간은 70여대를 수용할 수 있다. 전시장 중앙에 위치한 라운드 형태의 리셉션은 소비자 응대 능력을 키운 점이 특징이다. 
 
 운영 시간은 오전9시~오후9시 연중무휴다. 새 전시장은 개장을 기념해 이벤트와 시승행사를 진행할 예정이다.
 

 
구기성 기자 kksstudio@autotimes.co.kr출처-오토타임즈
 
 
 
<본 기사의 저작권은 오토타임즈에 있으며, 무단 전재 및 재배포를 금합니다>
                  "
"BMW, 올해 안에 미국서도 차량공유서비스 제공",http://www.bobaedream.co.kr/view?code=nnews&No=163472&bm=1,"
 독일의 고급차 제조업체인 BMW가 올해 안에 미국에서도 차량공유서비스(Car-Sharing Service)를 시작한다.
 
 월스트리트저널은 BMW가 올 하반기에 시애틀에서 차량 공유서비스를 개시한 데 이어 미국의 다른 주요 도시로 확대할 계획이라고 8일(현지시간) 보도했다. 이 서비스는 차량을 필요로 하는 고객에게 단기 또는 장기로 빌려주는 서비스뿐 아니라 배달서비스, 운전서비스도 포함하고 있다.
 
 BMW가 미국에서 시행할 차량공유서비스는 '리치나우'(ReachNow)로 이름 붙여졌다. 우선 시애틀에서는 이 서비스를 위해 370대가 투입된다. 이 서비스를 이용하려면 먼저 29달러의 등록비를 내야 하며, 1분당 49센트(약 576 원)의 이용료를 내면 된다. 또 BMW 차량을 소유하고 있는 일반 고객이 휴가를 가는 등 차량이 필요하지 않을 때는 '리치나우'서비스 용도로 활용할 수도 있다.
 
 월스트리트저널은 BMW가 차량공유서비스를 미국으로까지 확대하는 것은 자동차제조라는 본업을 넘어 고객의 니즈에 따라 새로운 서비스에 뛰어드는 업체들의 흐름을 보여주는 것이라고 설명했다.
 
 BMW는 유럽에서는 2011년부터 '드라이브나우'(DriveNow) 서비스를 제공하고 있다. 45만 명 이상이 이 서비스를 이용하고 있으며, 이용 고객의 38%는 기존에 소유했던 차량을 처분했다고 BMW는 밝혔다. 이 서비스는 차량을 소유할 때 발생하는 보험가입, 세금납부, 수리 등의 부담을 덜어 준다. 특히 대도시에서는 심각한 주차문제를 해결하는 방법이기도 하다.
 
 한편, 일본의 도요타와 미국의 포드 등도 비슷한 개념의 차량공유서비스를 시행하고 있다.
 
 
박성제 기자 sungje@yna.co.kr 출처-연합뉴스
 
 
 
<본 기사의 저작권은 연합뉴스에 있으며, 무단 전재 및 재배포를 금합니다>
                  "
한국GM 사상 최대 적자…순손실 1조 육박,http://www.bobaedream.co.kr/view?code=nnews&No=163470&bm=1,"
 한국GM이 지난해 사상 최대의 적자를 낸 것으로 나타났다.
 
 10일 업계에 따르면 한국GM은 지난해 매출 11조9천372억원, 영업손실 5천944억원, 당기순손실 9천868억원을 기록했다. 지난해 영업 손실은 전년의 1천485억원 적자보다 4배 가량 늘어난 수치다. 한국GM은 지난 2012년 3천402억원 적자를 기록했다가 2013년 1조864억원의 흑자를 내 '고무줄 실적'이라는 평가를 들어왔다. 당기순손실은 2014년 3천535억원, 지난해는 무려 1조원까지 육박하면서 한국GM의 경영 악화를 부채질했다.
 
 한국GM 관계자는 ""지난해 창사 이래 최다 적자가 맞다""면서 ""지난해 실적 부진은 쉐보레 브랜드의 러시아 시장 철수에 따른 일회성 비용 발생, 지속적인 인건비 상승, 주요 수출 시장에서의 사업 여건 악화와 판매 부진 등에 기인했다""고 말했다.
 
 한국GM은 지난해 내수 판매와 수출로 완성차 62만2천대를 팔았다.
 
 한국GM은 재무 손실을 극복하기 위해 올해 내수 매출 확대, 비용 절감 등 필요한 방안을 강구 중이다. 이를 위해 전량 미국에서 수입해 국내에서 판매하고 있는 준대형 세단 임팔라를 앞으로도 지금처럼 수입 판매키로 결정했다. 한국GM은 노동조합의 제안으로 노조와 국내영업부문, 노사부문, 대외협력부문 등 관련 부서가 참여하는 내수판매 활성화 태스크포스팀을 구성해 내수판매 증진을 위한 공동 해법 찾기에 나섰다.
 
 한국GM 관계자는 ""수익성과 재무 건전성을 회복하기 위한 노력을 지속해 왔으며 앞으로 이러한 노력을 계속해 나갈 것""이라고 덧붙였다.
 
 
심재훈 기자 president21@yna.co.kr 출처-연합뉴스
 
 
 
<본 기사의 저작권은 연합뉴스에 있으며, 무단 전재 및 재배포를 금합니다>
                  "
"현대차, 승용 점유율 30%선 무너지나",http://www.bobaedream.co.kr/view?code=nnews&No=163457&bm=1,"
 현대자동차가 올 3월 국내 승용 시장에 4만4,629대를 내보내며 점유율이 30.1%에 그쳤다. 내달엔 마지노선으로 파악되는 30%선 마저 붕괴될 우려가 관측된다.   
 7일 한국자동차산업협회와 한국수입차협회 통계자료에 따르면 2016년 3월 국내 판매된 승용차(상용차 제외)는 총 14만8,287대다. 현대차가 4만4,629대로 가장 많지만 기아차가 4만4,611대로 바짝 따라붙었다. 각각 점유율도 30.1%로 동일하다. 이어 수입차가 2만4,094대를 등록해 16.2%를 차지했다. 한국지엠이 1만5,549대로 10.6%, 르노삼성이 1만235대로 6.9%, 쌍용차가 9,069대로 6.1%를 획득했다. 
 

  지난 5년 전과 비교해 현대차는 7.5%P, 기아차는 2.7%P 점유율이 줄었지만 나머지는 모두 증가했다. 수입차의 경우 2011년 3월보다 두 배 정도 점유율이 높아졌고, 한국지엠은 1.5%P, 르노삼성은 4.6%P, 쌍용차는 2.3%P 각각 상승했다. 
 다만 기아차는 현대차와의 간극을 좁히며 입지를 강화하고 있다. 3월에는 단 18대 차이로 따라잡았다. 경차 모닝과 미니밴 카니발 등을 통해 현대차의 틈새 시장을 정확히 파고든 까닭이다. 올 들어 기아차는 전년대비 10%가 넘는 성장률을 기록, 한 자리 수 성장에 불과한 현대차를 뛰어넘는 것은 시간 문제라는 게 업계 판단이다. 
 발등에 불이 떨어진 현대차는 긴급 방어태세에 나섰다. 영업일선에 공문을 보내 시장점유율 35%선을 막아야 한다고 호소한 것. 특히 르노삼성의 SM6와 쉐보레 스파크 및 임팔라 등을 견제했다. 1분기 공격적으로 투입한 수입 신차와 할인 차종에 대해서도 주의를 요망했다. 
 물론 하반기 신형 그랜저의 출시가 남아있는 만큼 반등의 여지가 남아있다는 게 업계 시각이다. 업계 관계자는 ""2010년 3월에는 10대 중 4대가 현대차였는데 최근엔 3대로 줄었다""며 ""영업일선에 실적을 촉구하는 등 다급해진 분위기가 역력하다""고 말했다. 특히 ""하반기 대형 신차인 그랜저가 출시되기 전까지 어떻게 버틸 것인지가 관건""이라며 ""상반기에만 잘 버텨준다면 뒷심 발휘는 어렵지 않을 것으로 본다""고 전했다.     
 
오아름 기자 or@autotimes.co.kr 
출처-오토타임즈
 
 
 
<본 기사의 저작권은 오토타임즈에 있으며, 무단 전재 및 재배포를 금합니다>
 
                  "
"인피니티코리아, Q30 6월 출격···프리미엄 '톱4' 노린다",http://www.bobaedream.co.kr/view?code=nnews&No=163456&bm=1,"
 인피니티코리아가 국내 프리미엄 수입차 '톱4'를 목표로 공격적인 활동을 이어갈 것이라고 밝혔다.
 
 이창환 인피니티코리아 대표는 6일 서울 동대문디자인프라자에서 개최한 '2016 인피니티 디자인 나이트' 행사에서 ""인피니티가 향후 10년 이내 한국 시장에서 독일 프리미엄 3사를 위협하는 가장 강력한 도전자가 될 것""이라며 ""한국 자동차시장에서 '톱4' 프리미엄 브랜드로 성장해 나가기 위해 공격적인 활동을 펼치겠다""고 말했다.
 

 이 대표가 공언한 핵심 전략은 세 가지다. 우선 판매· 및 서비스망을 공격적으로 확충한다. 최근 급격히 성장한 판매대수에 힘입어 연 30%씩 판매거점을 확대하겠다는 것. 구체적인 지역을 거론하기엔 이른 감이 있지만 수도권은 물론 전국적으로 매년 전시장과 서비스센터를 추가 확보하겠다는 계획이다.
 
 이 대표는 ""유로6 엔진의 Q50을 지난해 11월 출시한 이후 12월부터 올해 2월까지 3개월 연속 프리미엄 수입차 브랜드 중 성장률 1위를 기록했다""며 ""당장 어떤 지역에 몇 개의 전시장을 열겠다고 말하기엔 시기상조이지만 회사가 보유한 정교한 분석틀과 원칙에 따라 소비자 접점을 확대해 나갈 것""이라고 설명했다.
 
 인피니티는 글로벌 신차도 적극 국내 시장에 도입한다. 연초 출시한 신형 SUV QX50에 이어 6월 부산모터쇼를 통해 Q30를 선보인다. Q30는 브랜드 최초로 개발한 컴팩트 크로스오버로 젊은 소비층을 겨냥했다. 지난해 9월 독일 프랑크푸르트 모터쇼에 공개한 신차로 감각적인 디자인, 고급스런 실내, 1.6ℓ 가솔린과 2.0ℓ 터보 가솔린 및 1.5~2.2ℓ 디젤 엔진 등 다양한 파워트레인이 강점이다. 국내에 도입할 세부 트림 및 파워트레인 등은 조율중이다. 
 

 하반기엔 Q60을 선보인다. 올해 1월 북미오토쇼에 발표한 스포츠 쿠페다. 매끈한 실루엣은 쿠페의 역동성을 표현하는 한편 공기저항계수가 0.28cd에 불과할 정도로 공기역학성능이 뛰어나다. 실내는 수작업으로 마감한 고급 가죽과 탄소섬유 소재를 적용했다. 동력계는 V6 3.0ℓ와 2.0ℓ 가솔린 엔진에 7단 자동변속기를 조합한다. 성능은 최고 208~400마력, 최대 35.7~48.4㎏·m다. 
 

 마지막으로 이 대표가 강조한 건 판매차종의 다양화다. SUV와 세단의 균형잡힌 라인업을 갖추고, 가솔린과 디젤 및 하이브리드 등 각 동력계별로 균형잡힌 판매를 지향한다. 지난해 디젤 세단 Q50이 판매성장을 주도했다면 올해부터 다양한 차종을 통해 지속 가능한 성장을 이끌어내겠다는 게 이 대표 복안이다.
 
 이 대표는 ""Q50 디젤에 이어 하이브리드를 출시하면서 인피니티의 국내 하이브리드카 판매가 12배 이상 성장했고, SUV 차종을 지속적으로 확대한 결과 SUV 판매도 2배 가까이 늘었다""며 ""특정 제품에 의지하는 게 아니라 전 세그먼트에 걸친 균형잡힌 성장을 이어갈 것""이라고 강조했다.
 
 한편, 이 대표는 한국시장에 대한 인피니티 본사의 적극적인 지원이 이뤄질 것이라고 전했다. 그는 ""한국은 올해 1분기에만 65%의 신장세를 기록하는 등 그룹 전체에서도 가장 가파르게 성장하는 시장으로 주목 받고 있다""며 ""매월 1회 이상 아시아 총괄지사가 자리한 홍콩으로 출장갈 정도로 바쁜 일정을 소화하고 있지만 그 만큼 본사의 협조를 이끌어낼 수 있는 여지가 많은 만큼 국내 시장에 신차를 좋은 가격에 신속히 소개하도록 최선을 다하겠다""고 밝혔다.
 
 
안효문 기자 yomun@autotimes.co.kr 출처-오토타임즈
 
 
 
<본 기사의 저작권은 오토타임즈에 있으며, 무단 전재 및 재배포를 금합니다>
                  "
"스마트코리아, 4인승 포포 출시",http://www.bobaedream.co.kr/view?code=nnews&No=163455&bm=1,"
 스마트코리아가 4인승 스마트 포포를 국내 출시한다고 6일 밝혔다.
 스마트코리아에 따르면 스마트 포포는 2006년 단종된 1세대 이후 9년만에 부활한 4인승 차종이다. 3세대 포투의 디자인 개성과 경제성을 유지하고, 편의성과 안전성을 대폭 향상한 것이 특징이다. 국내에는 패션(Passion), 에디션(Edition), 프라임(Prime) 총 3가지로 출시된다. 
 
 신형은 브라부스 패키지와 소프트탑 폴딩 루프, 스포츠 패키지, LED&센서 패키지, 세미 버킷 시트 등으로 시티카의 개성을 강조했다. 여기에 차선 이탈 방지, 전방 충돌 경고, 측풍 보조 등 안전 기술을 탑재했다. 
 
 동력계는 르노와 공동개발한 3기통 999㏄ H4D MHD(Micro Hybrid Drive) 엔진과 자동 6단 듀얼클러치를 조합했다. 이를 통해 최고 71마력, 최대 9.3㎏·m의 성능을 발휘하며, 복합효율은 23.8㎞/ℓ에 이른다. 
 가격은 패션 2,990만원, 에디션 3,140만원, 프라임 3,190만원이다.   스마트코리아 김형준 대표는 ""기존 스마트 오너를 위한 다양한 재구매 혜택을 제공하고, 유럽에서 큰 호응을 얻고 있는 신형 카브리오를 추가해 기대에 부응하겠다""고 전했다. 
 
 한편, 회사는 판매 네트워크를 보완했다. 지난해 9월 문을 연 판교 전시장에 이어 4월 초 부산 전시장을 확장했다. 내달부터는 대전·세종 시승센터를 운영해 지방 소비자에게 폭 넓은 시승기회를 제공할 예정이다.
 

 
김성윤 기자 sy.auto@autotimes.co.kr출처-오토타임즈
 
 
 
<본 기사의 저작권은 오토타임즈에 있으며, 무단 전재 및 재배포를 금합니다>
                  "
"1분기, 국산차는 '활짝' 수입차는 '울적'",http://www.bobaedream.co.kr/view?code=nnews&No=163454&bm=1,"
 올해 1분기 국내 승용차 점유율을 분석한 결과 수입차 대비 국산차의 약진이 두드러진 것으로 나타났다. 상대적으로 가격 민감성이 높은 국산차가 개별소비세 효과를 톡톡히 누렸다는 얘기다. 
 

 7일 국내 완성차 및 한국수입차협회 통계에 따르면 올해 1분기 국내에서 판매된 승용차는 모두 35만9,163대로 지난해 같은 기간의 34만대와 비교해 2만대 가량 증가했다. 업체별 점유율은 현대차가 11만6,337대로 32.4%의 점유율을 차지했으며, 기아차는 11만2,877대로 31.4%를 확보했다. 이어 한국지엠이 3만4,729대로 9.7%, 쌍용차가 2만2,622대로 6.3%, 르노삼성은 1만6,599대로 4.6%로 기록됐다. 수입차는 5만5,999대로 15.6%를 나타냈다. 
 

 무엇보다 주목할 점은 점유율의 변동이다. 현대차는 지난해 같은 기간 33.1%가 올해는 32.4%로 줄었고, 기아차는 29.3%에서 31.4%로 반등했다. 기아차의 약진 덕분에 양사의 통합 점유율은 지난해 62.4%에서 올해는 63.8%로 증가했다. 반면 수입차는 지난해 17.3%였던 점유율이 올해 1분기에는 15.6%로 떨어져 다소 주춤하는 형국이다. 
 
 
 이 같은 점유율 변동에 대해 업계는 신차 및 개별소비세 인하와 업무용차 비용 인정 등이 복합적으로 영향을 미친 것으로 보고 있다. 먼저 르노삼성 SM6와 기아차 K7 등이 신차 효과를 누리는 중이며, 개별소비세 인하의 경우 상대적으로 국산 중소형차 판매를 부추겼다. 반면 수입차는 업무용차 과세 기준 강화로 구매력이 떨어졌다는 해석이 설득력을 얻고 있다. 이와 관련, KB투자증권 신정관 애널리스트는 ""지난해 디젤엔진 배출강화에 대비해 등록을 먼저 해둔 물량이 소진되면서 외형적인 판매가 줄어들었다""며 ""업무용차 과세 기준 강화도 상대적으로 수입차 위축에 영향을 미친 요소""라고 설명했다. 
 

 한편, 이 같은 국산차 약진 및 수입차 부진 현상은 개별소비세 인하가 종료되는 6월까지 이어질 것이란 전망이 나오고 있다. 한국자동차미래연구소 박재용 소장은 ""개소세 인하는 미래 수요를 앞당기는 효과라는 점에서 일시적인 현상이고, 7월부터는 다시 수입차의 점유율이 늘어날 것""이라고 설명했다. 
 
 
권용주 기자 soo4195@autotimes.co.kr 출처-오토타임즈
 
 
 
<본 기사의 저작권은 오토타임즈에 있으며, 무단 전재 및 재배포를 금합니다>
                  "
"마쓰다, 2016년형 CX-4 도로주행 모습..4월말 공개",http://www.bobaedream.co.kr/view?code=nnews&No=163453&bm=1,"

마쓰다, CX-4 티저 이미지 
 
 오는 4월 25일 공식적으로 공개될 예정인 2016 마쓰다 CX-4의 테스트 주행 모습이 포착되었다.
 

마쓰다, CX-4 (출처 오토에볼루션) 
 
 사진 속의 CX-4는 얼마 전 티저 이미지를 통해 실루엣만 공개된 것과는 다르게 위장막이 거의 없이 공개되었다. 쿠페형 크로스오버 모델인 CX-4는 B필러부터 리어 엔드까지 콤펙트 크로스오버 CX-5와는 다른 스타일을 지녀 차별성을 추구한 모습이다.
 
 CX-4와 기존 모델간의 가장 큰 차이점은 바로 테일라이트 사이를 잇는 크롬 바 디자인이다. 2017년형 마쓰다 CX-9를 연상시키는 듯한 후방 디자인은 CX-3에서 영감을 받은 모습의 전방 디자인과 함께 마쓰다 라인업을 연결하게 되었다.
 
 CX-4는 마쓰다 3나 CX-5와 같은 2,700mm의 휠베이스로 지녀 이들과 비슷한 구조의 내부 인테리어를 갖게 되었다. 그러나 폭이나 길이는 앞선 두 모델보다 조금 더 넓고 길다.
 
 2016년형 CX-4의 양산은 중국의 FAW와 마쓰다의 협업으로 이루어지게 된다. 엔트리 레벨 엔진으로는 스카이엑티브-G 2.0이 장착돼 155마력에 20.3kg.m 토크 출력을 담당하며, 이보다 좀 더 높은 184마력에 25kg.m 토크 출력을 발휘하는 스카이엑티브-G 2.5 엔진도 선택이 가능하다. 여기에는 6속 자동 변속기가 기본으로 맞물린다.
 
 2016년형 마쓰다 CX-4의 더욱 자세한 소식과 세부재원은 다가오는 베이징 오토쇼에서 드러날 예정이다.
 





 
 
전병호 기자   13012king@dailycar.co.kr 출처-데일리카
 
 
 
<본 기사의 저작권은 데일리카에 있으며, 무단 전재 및 재배포를 금합니다>
                  "
"마힌드라, 롱비치 챔피언십 대회서 팀 역대 최고 점수 기록",http://www.bobaedream.co.kr/view?code=nnews&No=163452&bm=1,"
 
마힌드라 포뮬러E 
 
 마힌드라그룹은 자사의 전기차 레이싱 팀인 마힌드라 레이싱 포뮬러 E가 지난 2일에 열린 미국 ‘롱비치ePrix 챔피언십 대회’에서 팀 역사상 최고 점수를 획득했다고 7일 밝혔다. 이번 대회에서 닉 헤이필드(Nick Heidfeld)와 브루노 세나(Bruno Senna) 마힌드라팀 선수는 각각 4위와 5위를 기록했다.
 
 이번 레이싱에서 앞선 팀과의 격차를 확연히 줄인 마힌드라 레이싱팀은 앞으로 5회의 레이스를 앞두고 있으며, 이미 총점 기록을 넘어선 상태다.
 
 또 마힌드라 레이싱 포뮬러 E팀 소속 닉 헤이필드 선수는 경기 중 특정 순간에 출력을 향상시킬 수 있는 팬부스트(Fan Boost)를 획득했다. 팬부스트는 팬 투표를 통해 가장 많이 득표한 드라이버 3명에게 주어진다.
 
 마힌드라 레이싱 팀의 총괄 책임자 딜바흐 길(Dilbagh Gill)은 “마힌드라는 최근 몇몇 경기에서의 패배를 만회하고자 차 성능을 개발하는데 주력했다”며 “이런 노력의 결실로 최고 성적을 기록하게 되었으며, 앞으로 유럽 레이스에서도 이런 여세를 몰아 좋은 결과를 낼 수 있길 바란다”고 말했다.
 
 한편, 마힌드라는 지난 2011년부터 카레이싱에 진출, 2014년 시즌부터 인도 기업으로는 유일하게 포뮬러 E 챔피언십에 참가하고 있다.
 
 
김송이 기자   sykim@dailycar.co.kr출처-데일리카
 
 
 
<본 기사의 저작권은 데일리카에 있으며, 무단 전재 및 재배포를 금합니다>
                  "
"서울, 전기차 33대에 충전기 1개…미국은 2대당 1개꼴",http://www.bobaedream.co.kr/view?code=nnews&No=163451&bm=1,"
 정부가 전기자동차산업 육성을 강조하고 있지만 전기차 대중화를 위해 우선적으로 필요한 충전소가 턱없이 부족한 것으로 나타났다. 전기차가 많은 서울은 30대가 충전기 한 개를 같이 쓸 정도로 열악했다. 전기차 대중화에 앞선 미국은 전기차 두 대당 한 개꼴로 충전기가 있다.
 

  6일 산업통상자원부가 집계해 공개한 전국 지역별 전기차와 충전소 보급 현황에 따르면 국내에서 전기차가 가장 많은 제주와 서울의 전기차 등록 대수는 각각 2368대, 1316대이고 충전기(급속충전 기준) 보급 개수는 각각 49개, 40개에 그쳤다. 제주는 전기차 48.3대가 한 개의 충전기를 같이 쓰는 셈이다. 서울은 32.9대당 한 개꼴로 충전기가 보급돼 있다. 전국의 전기차는 5767대, 충전기는 337개다. 평균 17.1대의 전기차가 한 개의 충전기를 쓰고 있다.
 
 미국 에너지부와 전기차이니셔티브(EVI) 자료 등에 따르면 미국에는 지난해 기준 6만5848대의 전기차가 등록돼 있다. 전국에 1만2880개의 충전소가 있고 충전기는 3만1792개다. 전기차 두 대당 한 개의 충전기가 있는 셈이다. 캘리포니아에만 1000개가 넘는 충전소가 있다.
 
 주요 고속도로에 충전시설이 부족하다는 지적도 있다. 예를 들어 경기 안성휴게소에서 천안논산고속도로를 거쳐 광주에 갈 때까지 전기차 충전소가 단 한 곳도 없다. 전기차를 한 번 충전하면 약 150㎞를 주행할 수 있는데 안성휴게소에서 광주까지 거리는 220㎞다. 
 
 충전시설이 부족한 이유는 민간기업이 사업성이 낮다는 이유로 전기차 충전시장에 진입하지 않고 있어서다. 미국은 충전소의 90%를 민간이 운영한다. 환경부는 민간 사업자 육성을 위해 오는 11일부터 전기차 급속충전을 유료화하기로 했다. 그동안 전기차 충전요금은 일반 가정용 전기를 이용하는 완속충전기에 대해서만 심야전기 수준의 요금이 부과됐으며 공공장소에 설치된 급속충전기 이용은 무료였다. 
 
 산업부 관계자는 “2020년까지 고속도로 등 거점 위주로 공공용 급속충전기를 1400개까지 늘리고, 한국전력 등의 지원 사업을 통해 민간 사업자가 사업기반을 구축할 수 있도록 적극 유도할 계획”이라고 말했다.
 
 하지만 이 같은 정책은 실효성이 떨어지고 오히려 전기차 대중화에 걸림돌이 될 수 있다는 우려가 나온다. 
 
 서승우 서울대 전기정보공학부 교수(지능형자동차IT연구센터장)는 “전기차는 급속충전을 해도 40분에서 한 시간 이상이 걸리기 때문에 일반 주유소와 동일하게 생각해선 안된다”며 “아파트나 마트 주차장 등 차량을 장시간 주차하는 곳에 충전기를 설치해야 하는데 대당 수억원짜리 충전기를 (마트 사업자 등이) 쉽게 설치할 수 있겠느냐”고 말했다. 그는 “현재는 민간 사업자가 충전시장에 진입할 유인이 약하다”며 “당분간 공공기관이 나서 충전기를 많이 보급해야 한다”고 설명했다. 
 
 자동차업계 관계자는 “급속충전을 섣부르게 유료화하면 충전소 보급이 오히려 더뎌 전기차 대중화를 막는 부작용을 낳을 것”이라고 지적했다.
 
 
이태훈/오형주 기자 beje@hankyung.com출처-한국경제
 
 
 
<본 기사의 저작권은 한국경제에 있으며, 무단 전재 및 재배포를 금합니다>
                  "
"'강남 싼타페' 카이엔, 브레이크 결함에 6000여대 리콜",http://www.bobaedream.co.kr/view?code=nnews&No=163450&bm=1,"
포르쉐의 인기 차종인 카이엔.
 
 '강남 싼타페'라는 별명이 붙은 포르쉐의 간판 스포츠유틸리티차량(SUV) 카이엔 6000여대가 브레이크 조립 불량으로 리콜한다.
 
 국토교통부는 7일 포르쉐코리아가 판매한 카이엔 승용차 5908대에서 브레이크 페달을 고정하는 부품 조립 불량이 발견돼 리콜 명령을 내렸다. 
 
 리콜 대상은 2010년 1월15일부터 2016년 1월11일까지 제작된 차량으로 지난 6여년 간 국내 판매된 카이엔 전량에 해당한다. 
 
 카이엔은 스포츠카 메이커 포르쉐의 한국 판매량을 급속히 늘리는데 주도한 차량이다. 지난 몇 년간 포르쉐 판매의 절반가량은 카이엔이 팔려나갔다. 지난해 카이엔은 국내에서 1500여대 팔렸다.
 
 
김정훈 기자 lennon@hankyung.com출처-한국경제
 
 
 
<본 기사의 저작권은 한국경제에 있으며, 무단 전재 및 재배포를 금합니다>
                  "
"르노, 디젤차 배출저감으로 시장 대응 나서",http://www.bobaedream.co.kr/view?code=nnews&No=163446&bm=1,"
 르노가 디젤차의 배출가스 저감 능력을 현재보다 대폭 늘린 대책을 6일 발표했다.    르노에 따르면 이번 환경성능 향상 대책은 폭스바겐그룹의 배출가스 스캔들에 따른 디젤 엔진 무용론에 대응하고, 날로 엄격해지는 각 국의 환경기준을 만족하기 위해 마련했다. 실제 디젤차 판매가 월등한 유럽 등지에선 폭스바겐 스캔들 이후 '디젤차 퇴출'이라는 말이 나올 정도로 분위기가 좋지 않은 데다 판매 역시 줄어드는 등 여파가 심각한 상황이다.     다이나모미터와 실주행에서의 유해물질 배출량 차이가 크다는 지적도 계속 나오고 있다. 따라서 르노는 이 차이를 줄이는 두 가지 방안을 마련했다. 우선 배출가스 중 NOX(질소산화물)을 저감하기 위해 EGR(배기가스 저감장치)의 작동영역을 현재의 2배 수준으로 넓힌다. EGR은 배출가스의 일부를 엔진으로 되돌려보내 재처리하는 기술로, 디젤 엔진의 연소효율이 낮아지면 질소산화물 발생이 감소하는 원리를 응용한 것이다.    다른 하나는 NOX 저장 및 처리능력을 높이는 일이다. SCR(선택적 촉매 환원장치)을 이용하는 것. SCR은 요소수(암모니아 수용액)를 분사해 NOX를 정화하고, 일산화탄소와 매연 등의 유해가스를 인체에 무해한 질소와 물로 변환하는 시스템이다.    르노가 제시한 개선책은 오는 7월부터 적용, 이르면 10월부터 개선한 배출가스 기술을 채택한 디젤차를 출고할 수 있다. 르노는 ""이번 개선책은 배출가스 중 NOX 감소에 큰 효과를 볼 것""이라며 ""항간에서 우려하는 엔진 신뢰성 및 안전성 감소, 주행성능과 연료효율에는 큰 영향을 미치지 않는다""고 전했다. 
 

 
박진우 기자 kuhiro@autotimes.co.kr출처-오토타임즈
 
 
 
<본 기사의 저작권은 오토타임즈에 있으며, 무단 전재 및 재배포를 금합니다>
                  "
"기아차, 모닝 구입시 ‘무풍 에어컨’ 증정..프로모션 강화",http://www.bobaedream.co.kr/view?code=nnews&No=163444&bm=1,"

모닝 
 
 기아자동차는 4월을 맞아 모닝을 파격적인 조건으로 만나볼 수 있는 ‘모닝 스프링 세일즈 이벤트’를 실시한다고 6일 밝혔다.
 
 이번 이벤트는 모닝 구입 고객을 대상으로 이달 중 100만원 할인, 저금리 할부에 더해 70만원 추가 할인, 최신형 무풍 에어컨(200여만원 상당) 중 한가지를 택할 수 있다.
 
 먼저 기아차는 4월 한정 100만원 기본할인을 제공한다. 전월 기본할인보다 20만원 확대된 것으로 모닝 출시 이래 최대 규모의 혜택이다. 저금리 할부 선택시 할부기간에 따라 1.5%(36개월 이내), 2.5%(48개월), 3.5%(60개월) 의 저금리 혜택에 70만원 할인혜택을 제공한다.
 
 이는 모닝 가솔린 디럭스 모델(1250만원, A/T 기준) 구매시 4.9% 정상금리를 이용한 경우와 비교해서 약 59만원의 이자비용을 절감할 수 있으며 저금리 선택시 적용되는 70만원 할인과 더해져 고객은 총 129만원 상당의 혜택을 본다.(선수율 15%, 36개월 할부 기준)
 
 이에 더해 기아차는 4월 ‘모닝 캐쉬백 프로그램’을 새롭게 시행한다. 12/24/36개월 오토할부를 이용하는 고객들에 한해 할부 종료 후 1년 이내에 기아 승용/RV차량 재구매시 100만원 캐시백 혜택을 제공한다.
 
 예를 들어 신형 모닝 출시 이래 최대규모인 100만원 즉시할인에 기아차 재구매 혜택인100만원 캐쉬백을 더하면 4월 ‘모닝 스프링 세일즈 이벤트’를 통해 고객들은 최대 200만원에 이르는 혜택을 받을 수 있다.(개인/개인사업자 限)
 
 마지막으로 에어컨 경품도 선택할 수 있다. 기아차는 작년 많은 각광을 받았던 김치냉장고에 이어 최신형 무풍 에어컨(200여만원 상당)을 제공하기로 해 고객들의 많은 반향이 기대된다.(※기본설치비 및 추가설치비 별도)
 
 기아차 관계자는 “어려운 경제여건 속 이번 이벤트를 통해 더 많은 고객들이 국내 경차시장 대표모델인 모닝을 만나보실 수 있도록 준비했다”며 “앞으로도 기아차를 사랑해주시는 고객을 위해 다양한 이벤트를 실시하겠다”고 말했다.
 
 
이한승 기자 hslee@dailycar.co.kr출처-데일리카
 
 
 
<본 기사의 저작권은 데일리카에 있으며, 무단 전재 및 재배포를 금합니다>
                  "
"그린카, ‘아이오닉’ 무료 시승 이벤트 진행..5시간 무료",http://www.bobaedream.co.kr/view?code=nnews&No=163442&bm=1,"
 
그린카, 아이오닉 무료 시승 진행 
 
 그린카는 현대자동차와 함께 카셰어링을 연계한 ‘아이오닉 하이브리드’ 무료 시승 프로젝트를 진행한다고 7일 밝혔다.
 
 지난해 업계 최초로 카셰어링 서비스를 연계한 시승 프로젝트를 선보인 그린카는 현대자동차와 함께 신형 ‘투싼’과 ‘아반떼’ 무료 시승을 진행해 고객들에게 큰 호응을 얻었다. 이번 시승 프로젝트를 통해 2030세대 젊은 고객들을 대상으로 최고 수준의 연비와 다이내믹한 주행성능을 보유한 ‘아이오닉 하이브리드’를 직접 경험해 볼 수 있도록 할 계획이다.
 
 그린카는 오는 5월 6일까지 총 50대의 ‘아이오닉 하이브리드’ 차량을 서울지역의 그린존(차고지)에 배차하여 시승 서비스를 제공한다. 그린카 회원이라면 누구나 그린카 신규 모바일 앱 또는 모바일 웹에서 원하는 장소의 차량을 예약하여 이용할 수 있다.
 
 ‘아이오닉 하이브리드’ 무료 시승 프로젝트는 회원당 한 번씩 5시간 이용이 가능하며, 매주 목요일에 다음주 시승을 미리 예약하는 방식으로 운영된다. 시승 차량의 대여요금은 무료이며 주행요금 및 하이패스 요금만 본인 부담이다.
 
 카셰어링을 연계한 신차 시승은 기존의 카메이커 시승과 달리 고객이 원하는 장소에서 24시간 언제든지 차량 이용이 가능하다. 또한, 스마트 폰의 블루투스 기능을 켠 상태로 예약한 그린카 근처에 다가가기만 하면 자동으로 차량 문이 열리고 방향지시등이 깜빡이는 그린카의 ‘스마트웰컴’ 서비스를 통해 고객은 보다 쉽게 시승 차량을 찾을 수 있다. 이러한 장점을 바탕으로 최근 화제를 모으고 있는 ‘아이오닉 하이브리드’에 관심이 있는 고객들이 편리하게 차량을 시승할 것으로 기대된다.
 
 이번 무료 시승 프로젝트에 대한 이용고객의 기대와 참여를 높이고자 다양한 이벤트도 진행한다. 네이버 그린카 사용자 모임 카페에 시승기를 남긴 모든 참여자에게 5000원 편의점 모바일 상품권을 제공하며, 매주 7명씩 베스트 후기를 추첨하여 롯데백화점 5만원권 상품권을 지급할 계획이다. 이 외에도 그린카 페이스북 댓글 추첨 이벤트를 통해 총 3명에게 ‘아이오닉 하이브리드’ 24시간 대여권을 제공하는 등 다양한 이벤트가 진행된다.
 
 그린카 마케팅본부장 황태선 이사는 “이번 시승 프로젝트는 올해 그린카에서 진행하는 ABC 캠페인의 일환으로, 그린카 고객에게 차별화된 혜택을 제공하기 위해 기획됐다”며 “세계적으로 주목을 받고 있는 현대자동차 아이오닉 하이브리드를 내 차처럼 편리하게 경험해 보시길 바란다”고 말했다.
 
 
김송이 기자   sykim@dailycar.co.kr 출처-데일리카
 
 
 
<본 기사의 저작권은 데일리카에 있으며, 무단 전재 및 재배포를 금합니다>
                  "
"한국토요타, 하이브리드 대표 3종 '혜택이 빵빵'",http://www.bobaedream.co.kr/view?code=nnews&No=163438&bm=1,"
 토요타 프리우스와 라브4, 렉서스 RX450h가 '일반 하이브리드 자동차'로 지정돼 각종 세금 감면 혜택을 받을 수 있게 됐다.   
 6일 한국토요타에 따르면 세 차종은 지난 3월30일 정부의 '환경친화적 자동차의 요건 등에 관한 규정'을 충족해 일반 하이브리드 자동차로 지정됐다. 이로써 취·등록세 감면(최대 140만원)과 공채매입감면(최대 200만원)을 비롯, 공영 주차장 할인, 혼잡통행료 면제, 지하철 환승 주차장 할인 등 지자체별 친환경차 혜택을 받을 수 있다. 또 프리우스는 수송분야 온실가스 감축을 위해 1㎞당 이산화탄소 배출량이 97g 이하인 하이브리드 차종에 지급하는 100만원의 정부 보조금도 받는다. 
 한국토요타는 ""뛰어난 상품성과 경쟁력을 가진 토요타와 렉서스 하이브리드 제품군을 지속적으로 제공할 것""이라고 전했다. 
 한편, 하이브리드 차종은 산업통상자원부 고시인 '환경친화적 자동차의 요건 등에 관한 규정'에 따라 법적으로 이름을 올린 경우에만 혜택을 받을 수 있다. 따라서 회사는 RX450의 경우 지난 2월17일, 라브4는 3월8일, 프리우스는 3월22일 국내 출시했지만 소비자 출고는 고시 발표 이후로 설정했다. 이에 따라 소비자는 적게는 2주에서 길게는 40일까지 인도를 기다린 셈이다. 
 

 
구기성 기자 kksstudio@autotimes.co.kr
출처-오토타임즈
 
 
 
<본 기사의 저작권은 오토타임즈에 있으며, 무단 전재 및 재배포를 금합니다>
                  "
"BMW·벤츠, 의정부에서 맞붙는다",http://www.bobaedream.co.kr/view?code=nnews&No=163433&bm=1,"
 BMW그룹코리아와 메르세데스-벤츠코리아가 의정부에 각각 새 전시장을 열고 판매망 확충에 나선다.
 
 7일 수입차 업계에 따르면 먼저 BMW코리아는 의정부시 동일로(장암동) 200에 새 전시장과 서비스센터를 건설 중이다. 서울과 연결되는 동부간선도로 끝자락이다. 연면적 3,293.51㎡ 넓이에 전시장은 지하 2층, 지상 3층, 서비스센터는 지하 1층, 지상 2층으로 이뤄질 예정이다. 코오롱이 운영하며, 공사도 같은 그룹의 코오롱글로벌이 7월말 완공을 목표로 진행하고 있다.
 

 벤츠코리아는 의정부시 시민로(신곡동) 307에 전시장과 서비스센터를 준비하고 있다. 벤츠 판매사 모터원이 지난해 9월 동일로 508에서 개장했던 전시장을 확장 이전할 곳이다. 연면적 5,124.50㎡ 규모로 지하 1층, 지상 5층으로 구성된다. 서비스센터는 10대를 동시에 작업할 수 있는 워크베이를 마련할 계획이다. 4월말 완공 예정이지만 7월 초 개장할 수 있을 것이라는 게 공사 관계자 설명이다.
 

 한 수입차 업계 관계자는 ""두 브랜드는 이미 포화 상태에 가까운 수도권 판매망을 갖고 있다""며 ""아직 미개척지로 꼽히는 의정부를 영역 확장의 장소로 택한 건 당연한 일""이라고 전했다.
 
 한편, 의정부시는 2013년 포드·링컨(혜인자동차)에 이어 지난해 푸조·시트로엥(KM오토모빌), 벤츠(모터원)가 진출한 바 있다.
 
 
구기성 기자 kksstudio@autotimes.co.kr
출처-오토타임즈
 
 
 
<본 기사의 저작권은 오토타임즈에 있으며, 무단 전재 및 재배포를 금합니다>
                  "
자율주행차 윤리적 이슈 부상…“사회적 합의 필요”,http://www.bobaedream.co.kr/view?code=nnews&No=163427&bm=1,"
 자율주행차 상용화에 속도가 붙으면서 윤리적 이슈가 중요한 과제로 떠오르고 있다. 
 
 예상치 못한 상황에서 자율주행차가 그대로 달리면 행인을 치고, 핸들을 꺾으면 벽에 부딪혀 운전자가 사망할 때 등 윤리적 딜레마에 맞닥뜨렸을 때 어떤 기준을 프로그래밍할지, 법적·금전적으로 누가 책임질지 등에 관한 문제이다. 
 
 국토교통부는 7일 오후 2시 서울상공회의소에서 입법·행정·사법부 구성원이 모두 참여한 가운데 '자율주행차 윤리세미나'를 개최한다고 6일 밝혔다.
 
 이중기 홍익대학교 법과대학장 겸 로봇윤리와 법제연구센터 소장은 발제문을 통해 ""자율주행차는 운행의 목적상 부분적으로 자율적 주체성을 인정할 수도 있지만, 기본적으로 운행과 관련된 윤리적 문제는 로봇이 아닌 인간의 문제""라고 밝혔다. 
 
 인공지능이 객관적으로 주어진 데이터와 자료를 처리하고 해석해 정보를 생성하고 정보의 소통맥락에 따른 다양한 사회적 의미를 인식할 수 있다면 도덕적 주체가 될 수 있지만 현재 수준에서는 그렇지 않다는 것이다.
 
 이 교수는 ""자율주행차 운행과 관련된 윤리적 문제는 인간에 대해 인간이 어떻게 자율주행차를 설계, 제조, 사용할 것인가에 대한 문제를 다루는 것""이라고 정의했다. 
 
 그는 자율주행차의 알고리즘에 ▲ 동기를 중시하는 의무론적 윤리설 ▲ 결과를 중시하는 공리주의 윤리설 ▲ 행위자의 통찰력을 중시하는 플라톤의 윤리설을 적용했을 때 부작용을 각각 지적했다.
 
 만약 자동차 충돌사고로 운전자의 사망과 행인의 사망 중 하나를 선택해야 하는 경우 의무론적 윤리설에 따라 프로그래밍하면 어느 쪽으로도 '도덕적 의무'를 위반하는 게 되기 때문에 답을 찾을 수 없게 된다.
 
 자율주행차에 결과론적 윤리설을 프로그래밍하면 운전자 1명의 사망과 행인 5명의 사망 중 선택하라 하면 운전자 1명의 사망을 선택한다.
 
 이는 자동차 제작사에 대한 소송으로 이어질 수 있다.
 
 행위자의 통찰력을 중시하는 윤리설을 자율주행차에 적용하려면 침착함, 절제, 평안함 같은 덕목을 프로그래밍해야 하는데, 이 자체가 힘들다.
 
 이 교수는 ""자율주행차가 윤리적 판단을 내려할 경우 다양한 견해가 제시될 수 있고 해답은 하나 이상이 존재하거나 상대적일 수 있다""며 ""결국 제조자가 구체적 문제에 대해 사회 구성원에게 정보를 제공하고 다양한 해결책 중 어느 것을 선택할지에 대한 공감대를 형성해야 한다""고 강조했다.
 
 아울러 자율주행차의 운행에 따른 경제적 이익뿐만 아니라 그것이 야기할 잠재적 위험에 대해 반드시 사회적 논의를 거쳐야 한다는 입장이다.
 
 예외적 상황에 대한 윤리적 타당성을 사전에 검토하고, 예상할 수 있는 피해에 대한 제작사와 운행자의 공동기금 조성, 위험사고에 대한 책임을 확보할 수 있는 법률적 해결방식 정비가 필요하다는 것이다.
 
 이 교수는 ""지금까지 자동차 사고의 90%는 운전자의 운행과실에 원인이 있었지만 자율주행차가 활성화되면 제조자와 도로환경이 주된 원인이 될 것""이라며 ""책임보험의 역할이 크게 줄고 자동차 제작사는 물론 도로관리자, 교통신호 관리자의 책임이 커질 것""이라고 전망했다.
 
 이 교수는 교통사고특례법, 자동차손해배상보장법, 제조물책임법, 보험법, 자동차관리법, 도로교통법, 도로법, 통신비밀보호법 등 자율주행차 운행과 관련한 각종 법률을 정비하고 필요하다면 특별법을 제정해야 한다고 제안했다. 
 
 이번 세미나에는 서울서부지법 남현 판사와 국회 입법사무처 박준환 사무관, 국토부·도로교통공단·한국전자통신연구원 관계자 등이 참석할 예정이다. 
 
 
성혜미 기자 noanoa@yna.co.kr 출처-연합뉴스
 
 
 
<본 기사의 저작권은 연합뉴스에 있으며, 무단 전재 및 재배포를 금합니다>
                  "
"벤츠, BMW 제치고 1분기 수입차 판매 1위",http://www.bobaedream.co.kr/view?code=nnews&No=163425&bm=1,"
 올 들어 주춤하던 수입차 판매가 지난달 각 업체의 공격적인 할인 영향으로 큰 폭으로 반등했다. 특히 메르세데스벤츠가 지난달 판매를 40% 이상 늘리며 지난 1분기 기준 수입차 판매 1위에 올랐다.
 
 한국수입자동차협회는 지난달 수입차 판매 대수가 2만4094대로, 작년 같은 달 판매량(2만2280대)보다 8.1% 증가했다고 6일 발표했다.
 
 월간 기준으로 지난해 12월(2만4366대)과 6월(2만4275대)에 이어 세 번째로 많이 팔렸다. 올해 1~2월 수입차 판매량은 총 3만1905대로, 전년 동기 대비 13.0% 줄었다. 회사 명의 차량에 대한 과세가 강화됐고, 재고도 부족했던 게 판매 둔화로 이어졌다. 
 
 하지만 지난달에는 각 브랜드가 적극적으로 마케팅에 나서면서 판매량이 큰 폭으로 증가했다. 벤츠는 3월에 작년 같은 달보다 41.9% 증가한 5167대를 팔아 처음으로 판매량 5000대를 넘겼다. 1분기(1~3월) 누적으로도 전년 동기 대비 19.8% 증가한 1만3247대를 판매해 1위에 올랐다.
 
 벤츠는 오는 6월 완전 변경(풀 체인지) 모델 출시를 앞둔 중형 E클래스의 현재 모델을 최대 17%까지 할인했다. E220 블루텍(디젤)이 1526대로, 수입차 베스트셀러 1위에 올랐다. 
 
 E220 블루텍 4매틱(디젤 4륜구동)은 574대로 4위를 달성했다. 6350만원인 E220 블루텍에 17% 할인을 적용하면 가격이 5270만원까지 내려간다. 
 
 BMW는 전년 동기 대비 7.8% 증가한 4317대로 2위에 올랐다. 주력 모델인 520d를 1200만원 할인하는 등 판매량 확대에 주력했다.
 
 
강현우 기자 hkang@hankyung.com 출처-한국경제
 
 
 
<본 기사의 저작권은 한국경제에 있으며, 무단 전재 및 재배포를 금합니다>
                  "
"'괴짜 아이언맨' 머스크, 자동차시장 판도 바꾸나",http://www.bobaedream.co.kr/view?code=nnews&No=163422&bm=1,"
 지난달 31일(현지시간) 미국 캘리포니아 주 패서디나의 한 거리에는 많은 사람들이 간이 의자까지 들고 나와 수백ｍ 길게 늘어선 진풍경이 펼쳐졌다. 아이폰 새 모델 출시 전날 전 세계 애플스토어 앞에서 흔히 볼 수 있던 이같은 풍경은 전기자동차업체 테슬라의 보급형 세단 '모델 3'의 예약 주문을 위해 테슬라 매장 앞에 모인 사람들의 모습이었다. '혁신의 아이콘'인 억만장자 일론 머스크(44) 테슬라 창업자가 또 한 번 세계를 놀라게 한 순간이었다.
 
 이날 캘리포니아 외에도 미국 전역의 테슬라 매장에는 모델 3의 고객이 되기 위해 많은 인파가 모였고 일부는 노숙까지 불사했다. 예약주문 개시 후 3일간 예약 주문량은 27만6천 대로, 지난해 미국 시장 아우디 전체 판매량(20만2천 대)보다도 많다. 모델 3은 기본형 가격이 3만5천 달러(약 4천만원)로, 테슬라의 세단 '모델 s'(7만 달러)나 스포츠유틸리티차량(SUV) '모델 x'(8만 달러)의 절반 수준이어서, 전기차의 보급을 크게 앞당길 것으로 예상된다.
 
 자동차업계 안팎에서는 아이폰이 휴대전화 시장의 판도를 바꿨듯 모델 3가 자동차 시장의 판도를 바꿀 것으로 기대하고 있다. 도이체방크의 롭 래시 연구원은 모델 3 예약주문이 시작되기 전 보고서에서 테슬라의 모델 3 출시가 테슬라에게는 애플의 아이폰 출시와 같은 혁신의 순간인 '아이폰 모멘트'가 될 것이라며, 예약 주문이 50만 대에 달할 수도 있을 것이라고 내다봤다. 머스크가 이끄는 전기차 혁명이 눈 앞에 다가온 것이다.
 
 1971년 남아프리카공화국에서 태어난 머스크는 줄곧 남들이 가지 않은 길을 개척해온 선구자였다. 미국 펜실베이니아대에서 물리학, 경제학을 공부한 후 물리학 박사학위 취득을 위해 스탠퍼드대에 들어갔다가 인터넷과 재생 에너지, 우주 분야에서 창업한다는 꿈을 이루기 위해 이틀 만에 자퇴했다. 이후 1995년 동생 킴벌과 함께 소프트웨어업체 집2(Zip2)를 창업한 것을 시작으로 온라인 결제 업체 페이팔(1998년), 우주항공기업 스페이스X(2001년), 테슬라(2003년), 재생에너지기업 솔라시티(2006년) 등을 잇따라 세우며 업계를 선도했다. 전기차나 재생에너지, 우주선 개발 모두 미래를 위해 필요하지만 수익성이 떨어져 다른 기업들이 외면해온 분야였다.
 
 남들보다 여러 걸음 앞서 미래를 내다보곤 했던 머스크는 종종 엉뚱한 꿈을 꾸는 괴짜로 치부되기도 했다. 그는 2012년 인터뷰에서 ""12∼15년이면 화성에 사람을 보낼 수 있다""고 말했으며, 2014년에는 ""앞으로 5∼6년 안에 기계가 전자동으로 운전하는 자동차를 내놓겠다""고 공언했다. 지난해에는 ""미래엔 인간이 자동차를 모는 것이 불법인 세상이 올 수도 있다""고 내다봤다.
 
 아직 머스크의 전망들이 현실화하진 않았지만 머스크는 지금까지 한 단계 한 단계 성과를 보이며 자신의 전망이 허황한 목표가 아님을 증명하고 있다. 지난해 12월에는 스페이스X가 무인 우주선 발사 후 추진체를 온전히 회수하는 데 성공해 머스크의 궁극적 목표인 화성 도시 건설에 한 발짝 더 다가가기도 했다.
 
 영화 '아이언맨' 주인공 토니 스타크의 실제 모델로 알려지며 얻게 된 친숙한 이미지에 대중에 활발히 소통하는 CEO라는 점도 머스크의 혁신 행보에 힘을 싣고 있다. 트위터 팔로워가 370만 명 가까이에 달하는 머스크는 이번 모델 3 공개를 앞두고 트위터를 통해 공개 일정과 예약 주문 현황, 판매 지역 등을 실시간으로 공유하며 모델 3 마케팅에 톡톡히 기여했다.
 
 
고혜미 기자 mihye@yna.co.kr
출처-연합뉴스
 
 
 
<본 기사의 저작권은 연합뉴스에 있으며, 무단 전재 및 재배포를 금합니다>
                  "
