너도나도 군부대 이전 공약…‘군인들 어디서 나라 지키나’,http://www.hani.co.kr/arti/politics/assembly/739001.html,"
 		도심 노른자위 대단위 개발 가능…후보마다 핵심공약 제시
안보기능·대체부지·재원 대책은 없어…‘포퓰리즘’ 비판도
전국 곳곳의 군부대가 4·13 총선 후보들의 ‘먹잇감’이 되고 있다.
저마다 “선거구에 있는 군부대를 옮기고, 그 자리에 개발사업을 추진하겠다”고 목청을 높이고 있다.
도시의 정상적인 성장을 저해하고, 그 자체가 도시에 둘러싸여 안보 기능에  제약을 받는 군부대라면 이전하는 것이 마땅하다.
후보자로서도 도시에서 대규모 개발사업을 약속할 수 있는 거의 유일한  수단이어서 관련 공약에 끌릴 수밖에 없다.
그러나 각 지역 안보를 책임지는 군부대를 옮기는 일이 정치적 이해만으로 성사될 수는 없다.
안보상 기능과 필요성 검토, 여론 수렴, 정부 부처 또는 자치단체 간 합의,  재원 확보 등 선결해야 할 난제가 한둘이 아니기 때문이다.
◇ 소속·이념 달라도 “군부대는 내가 옮긴다” 한목소리 울산 남구갑 후보 3명은 최근 방송토론에서 옥동 군부대 이전을 놓고 다양한 의견을 개진하며 신경전을 벌였다.
무소속 박기준 후보는 “현역의원인 새누리당 이채익 후보는 그동안 별로 한  일이 없다. 국회의원이 되면 옥동 군부대를 이전하고 그 자리에 법조문화타운과  주상복합단지를 조성하겠다”고 약속했다.
 

 이 후보는 “군부대 이전은 40년간 답보 상태지만, 이제 내가 부지 소유주인  국방부와 산림청의 협의를 끌어냈다”고 맞받았다.
더불어민주당 심규명 후보도 “법조문화타운 조상과 함께 시립도서관을 건립하겠다”며 가만히 듣고 있지 않았다.
이런 기 싸움은 4·13 총선을 앞두고 군부대가 있는 도시마다 동시다발적으로  벌어지고 있다.
광주 광산갑 현역의원인 국민의당 김동철 후보는 광주 군공항 이전사업을  차질없이 추진하겠다고 공약했고, 더민주 이용빈 후보도 군공항 소음 피해보상과 이전에역 정치권이 한목소리를 내야 한다고 촉구했다.
대구 ‘무소속 3인방’ 유승민(동을)·류성걸(동갑)·권은희(북갑) 후보는 최근  내건 합동공약에 동구에 자리 잡은 K2 공군기지 이전 추진에 힘을 모으겠다는  내용을 포함했다.
이에 맞서 더민주 이승천(동을) 후보도 K2 비행장 이전이 지지부진하다며  해결책을 마련하겠다고 공약했다.
유승민 후보 측은 “K2 이전은 새누리당 대구시당이 내건 총선 5대 핵심  공약에도 포함돼 있고 2007년 대선에서 이명박 전 대통령이, 2012년 대선에서 박근혜 대통령도 공약한 내용이다”며 “유 후보도 60년 동안 군공항 소음으로 고통받는 주민들을위해 2005년 처음 공약을 내건 이후 10여년간 실현을 위해 노력해왔다”고 밝혔다.
현재 ‘군공항이전특별법’이 제정돼 국방부와 공군, 대구시가 K2 공군기지 이전 절차를 밟는 중이다.
부산 해운대구갑에 출마하는 여야 후보들은 육군 53사단을 이전해야 한다고  한목소리를 내고 있다.
새누리당 하태경 후보는 이전 부지에 레저·여가·문화·주거공간을, 더민주 유영민 후보는 스마트특화 대학 설립을, 통일한국당 문만길 후보는 100세 시대를 대비한 복합 은퇴자 마을 건설을 각각 공약으로 내걸었다.
신설 선거구인 경시 수원무에 출마한 후보들도 세류동 일대 군공항 부지(522만1천㎡)  활용에 대해 다양한 공약을 제시했다.
새누리당 정미경 후보는 대기업을 유치해 지역 청년실업을 해결하겠고 약속했고, 더민주 김진표 후보는 삼성전자와 연계 개발해 한국형 실리콘밸리로 조성하겠다는청사진을 내놓았다.
◇ 후보마다 왜 목매나…“도시에서 대규모 개발 가능한 유일한 땅” 도시 팽창에 따라 군부대가 도시의 정상적인 성장을 방해하면서 지역 발전 걸림돌이 되는 사례는 분명히 있다.
10만3천㎡ 규모의 울산 옥동 군부대는 1968년에 조성됐다. 당시 울산  외곽이었던 옥동이 아파트 단지와 법조·교육 중심지로 조성되면서 노른자위가 됐고, 동시에군부대는 애물단지가 됐다.
지역 주민들은 20여년 전부터 국방부와 울산시 등에 군부대 이전을 요청했다.
이런 여론을 정치인들이 가만히 듣고 있을 리 없다. 무엇보다 군부대가  옮겨가면 그 자리에서 어떤 형태로든 대규모 개발사업이 추진되기 때문에 구미가 당길  수밖에 없다.
공원이나 도서관 등 공공시설이 들어와도 좋고, 대단위 상가나 아파트가 들어서도 지역 발전이나 부동산 가격에 나쁠 게 없다.
사업이 순조롭게 완료되면 공약을 내걸었던 정치인은 모든 결실의 자신의  치적으로 삼을 수도 있다.
정준금 울산대 행정학과 교수는 “도심의 군부대 부지는 사실상 이미 포화상태인도심에서 대단위 개발사업을 할 수 있는 유일한 땅”이라면서 “특히 시민들은 도심의군부대를 지역 발전을 저해하는 일종의 혐오시설로 인식하기 때문에 정치인들이  이런 심리를 이용하는 것”이라고 설명했다.
◇ 장밋빛 미래만 넘쳐나…“대책은 없고 호언장담만” 비판도 군부대를 옮기는 일은 말처럼 간단한 일이 아니다.
울산 군부대도 부지 소유권이 국방부(13%)와 산림청(87%)으로 양분돼 있어 소유권 합병을 위한 협의에 진통이 길었다.
가까스로 두 기관이 부지 소유권 문제를 풀었지만, 앞으로 울산시가 바통을  이어받아 국방부와 이전 논의를 벌여야 하는 험난한 절차가 남았다.
부지를 사들이거나 다른 부지와 교환하는 등의 방법이 있지만, 어느 것 하나 만만치 않은 선택지가 될 것이 분명하다.
광주 군공항도 2017년까지 부지를 정하고 2025년까지 이전을 완료한다는 목표지만, 이전 후보지 주민의 반발이나 5조∼6조원으로 추산되는 재원 확보 등에  대해서는 아무런 대책이 없다.
현재 인천 부평에 출마한 후보들은 예비군통합훈련장의 부평 이전을 막고자  여야를 막론하고 한목소리를 내고 있다.
국방부는 2019년까지 인천 계양, 경기 김포 등 6곳의 예비군훈련장을 통합해 부평시 산곡동 인천훈련대를 창설할 계획이다.
후보들은 부평에 군부대 10여 개가 330만㎡ 부지를 쓰고 있고 정부가 부평 미군기지 ‘캠프마켓’ 이전을 추진하는 상황에서 부평에 통합훈련장을 두는 게  부적절하다며 반대하고 있다.
“옮기겠다”는 정치인이 있는 반대편에는 “절대 받을 수 없다”는 정치인이  버티고 있기 마련인 셈이다.
신인균 자주국방네트워크 대표는 “군부대 이전 공약을 한 후보 중 ‘어디로’  이전한다는 계획을 내놓은 후보가 있느냐. 옮겨갈 지역에도 주민이 있고 국회의원이  있을 텐데 누가 군부대를 환영하고 받아주겠느냐”고 반문했다.
신 대표는 “국회의원은 ‘지역 일꾼’이자 ‘국가의 일꾼’인 만큼 무책임한 포퓰리즘 공약을 자제해야 한다”고 말했다.
연합뉴스
　 


 		
	이슈4.13 총선
	
		너도나도 군부대 이전 공약…‘군인들 어디서 나라 지키나’사전투표율 역대 최고 12.2%…전남 ‘최고’-부산 ‘최저’세번째 승부…‘텃밭’ 현역 박민식 vs 10년 도전 전재수낙동강벨트 유일한 ‘2여 1야’ 구도[사설] 박 대통령의 막무가내 ‘선거운동’	
 		 	"
사전투표율 역대 최고 12.2%…전남 ‘최고’-부산 ‘최저’,http://www.hani.co.kr/arti/politics/assembly/739000.html,"
 		
	
		
							
					
					20대 총선 사전투표 방법을 안내하는 알림판이 세워져 있다. 연합뉴스
			

전남 이어 전북·광주 평균치 훌쩍 넘어…대구는 두번째로 낮아
‘호남 맹주’ 놓고 더민주·국민의당 ‘혈투’ 투표율에 반영된 듯
4월8일과 9일, 이틀에 걸쳐 실시된 20대 총선의 사전투표율이 12.2%로 집계됐다. 사전투표 제도는 2013년 상반기 재·보선 때부터 도입됐으며 전국 단위 선거에서의 운용은 2014년 지방선거 이후 두번째다. 지방선거 당시 사전투표율이 11.5%였으므로 이번 총선의 사전투표율은 ‘역대 최고치’라고 할 수 있다.
지역별로 보면 전남이 18.85%로 가장 높았고 전북이 17.32%, 광주가 15.75%로 전국 평균치를 훌쩍 넘겼다. 지역 맹주 자리를 놓고 벌이는 더불어민주당과 국민의당의 ‘혈투’가 사전투표율에 고스란히 반영된 것으로 보인다. 반면 부산은 9.83%로 유일하게 한 자릿수를 기록했고 대구도 10.13%를 기록해 두번째로 낮은 사전투표율을 보였다. 유권자의 20%가 거주하는 서울의 사전투표율은 전국 평균치를 밑도는 11.6%였다.
‘역대 최고치’를 기록한 사전투표율이 이번 총선의 전체 투표율에 어떤 영향을 미칠지도 관심거리다. 전체 투표율을 전반적으로 견인할 것이라는 기대와 적극투표층이 미리 투표를 한 것에 불과하다는 분석이 엇갈린다. 2004년 17대 총선 때 60.6%를 기록했던 투표율은 이명박 정권 출범 직후에 치러진 18대 때에는 46.1%까지 폭락했고 4년 전인 19대 때에는 54.3%였다. 
김태규 기자 dokbul@hani.co.kr   
 

 

 		
	이슈4.13 총선
	
		너도나도 군부대 이전 공약…‘군인들 어디서 나라 지키나’사전투표율 역대 최고 12.2%…전남 ‘최고’-부산 ‘최저’세번째 승부…‘텃밭’ 현역 박민식 vs 10년 도전 전재수낙동강벨트 유일한 ‘2여 1야’ 구도[사설] 박 대통령의 막무가내 ‘선거운동’	
 		 	"
총선 사전투표율 12.2%…2013년 도입후 역대 최고,http://www.hani.co.kr/arti/politics/politics_general/738991.html,"
 		2014년 지방선거보다 높아…513만1천721명 참여
전남 18.9%로 최고투표율…부산 9.8%로 유일한 한자릿수
중앙선거관리위원회는 9일 이틀간 진행된 20대 총선 사전투표의 투표율이 12.2%로 잠정 집계됐다고 밝혔다.

선관위에 따르면 8일 오전 6시부터 이날 오후 6시까지 진행된 사전투표에서 총 선거인 4천210만398명 가운데 513만1천721명이 투표에 참여했다.

이는 직전 전국단위 선거인 2014년 지방선거 때의 누적투표율 11.5%를 약간 웃도는 것이며, 역대 가장 높은 투표율이다.

사전투표는 지난 2013년 상반기 재·보궐 선거 때 처음 도입됐고, 전국단위 선거에 적용된 것은 2014년 지방선거가 처음이다.

 

 이에 따라 이번 총선의 투표율은 50%대 후반이 될 것으로 선관위는 예상했다.

사전투표가 없었던 지난 19대 총선에서의 최종투표율은 54.2%였다.

다만 사전투표율 상승이 '투표 분산 효과'에만 그칠 경우 총선 투표율은 대폭 오르지 않을 가능성도 있다. 선관위는 당초 이번 사전투표율이 15%를 넘길 것으로 예측했지만 결국 12%대 초반에 머물렀다.

광역시도별로 가장 투표율이 높은 지역은 18.9%를 기록한 전남이었고, 가장 낮은 지역은 유일하게 한 자릿수를 기록한 부산(9.8%)이었다.

전북이 17.3%로 두 번째 높은 사전투표율을 보였고, 세종(16.9%), 광주(15.8%), 경북(14.1%), 강원(13.4%), 대전(12.9%), 충북(12.9%), 경남(12.2%), 충남(12.1%), 울산(12.0%) 등이 뒤를 따랐다.

이어 서울(11.6%), 경기(11.2%), 인천(10.8%), 제주(10.7%), 대구(10.1%) 등의 순서를 보였다.

(서울=연합뉴스)  


 		 		 	"
문재인 광주서 이틀째…“돌멩이 맞았나”-“맞았습니다”,http://www.hani.co.kr/arti/politics/assembly/738988.html,"
 		
	
		
							
					
					더불어민주당 문재인 전 대표가 9일 오전 광주시 동구 문빈정사 인근에서 열린 ‘광주시민들께 듣습니다‘ 간담회에서 인사말을 하고 있다. 2016.4.9 연합뉴스
			

무등산 찾아 텃밭 민심 되돌리기…호남홀대론 적극 해명
더불어민주당 문재인 전 대표는 9일 오전 광주 무등산에서 등산객들을 만나고 경로당을 찾는 등 이틀째 호남행보를 이어갔다.
문 전 대표는 호남의 ‘반문(反文)정서’ 진화를 위해 전날 광주 시내에서 정계은퇴까지 언급하는 배수진을 친 데 이어, 이날도 시민들을 만나 “쓴소리를 들으러  왔다”고 연신 허리를 숙였다.
그러면서도 자신을 향한 ‘호남홀대론’에는 적극적으로 반박하는 등 텃밭 민심  되돌리기에 온 힘을 쏟았다.
전날 광주에서 1박을 한 문 전 대표는 이날 오전 무등산 문빈정사에서 주지인  법선 스님을 면담했다.
법선 스님은 문 전 대표를 보자마자 “돌멩이는 좀 맞으셨나”라고 인사를 건넸고, 문 전 대표는 웃으며 “맞았습니다”라고 답했다.
10여 분간 비공개 대화 뒤에도 법선 스님은 절에서 기르는 개가 병에 걸려 죽을뻔 한 일을 언급하며 문 전 대표를 향해 “죽었다 깨어나야 한다. 하물며 개도 (그랬다)”며 “관뚜껑을 (열고) 들어갔다 나올 정도가 되어야 한다”고 했다.
문 전 대표는 이후 무등산 입구에서 ‘시민들과 이야기 마당’ 행사를 가졌다.
이 자리에서 문 전 대표는 “참여정부는 역대 어느 정부보다 호남을 더 많이  배려한 정부”라며 ‘호남홀대론’을 적극 반박했다.
 

 그는 “참여정부는 국가 의전서열 10위 가운데 5∼6명을 호남 인사로 했다. 참여정부 이후 호남출신 법무부 장관이나 검찰총장을 본 일이 있나”라고 말했다.
그는 “광주에 자주 와서 뵙고 오해를 풀겠다”며 “남은 선거 기간에도  호남선거를 도울 방법을 강구하겠다”고 했다.
동석한 김대중 전 대통령의 3남인 김홍걸 국민대통합위원장 역시 “아버지  옆에서 악성루머에 당한 분들이 똑같은 방법을 사용한다. 있을 수 없는 일”이라며  국민의당 인사들의 호남홀대론을 공격했다.
시민들은 “너무 늦게 호남을 찾은 것 아니냐”, “남은 선거기간 한번 더  방문해야 하는 것 아니냐” 등의 의견을 냈다.
문 전 대표는 이후 광주 서구 발산마을 경로당을 방문하고, 전북으로 넘어가 정읍, 전주, 김제, 익산에서 후보들을 만난다.
연합뉴스　 


 		 		 	"
세번째 승부…‘텃밭’ 현역 박민식 vs 10년 도전 전재수,http://www.hani.co.kr/arti/politics/assembly/738973.html,"
 		
	
		
							
					
					지난 7일 부산 북구 구포역 근처에서 이번 국회의원선거 북구강서구갑에 출마한 박민식 새누리당 후보가 유권자들의 손을 잡고 지지를 호소하고 있다. 김영동 기자 ydkim@hani.co.kr
			

4·13 총선 격전지 르포
부산 북강서구갑
“지금까지 10년째입니다. 우직하게 부산 북구에서만 출마했습니다. 북구는 저의 고향이자, 제 삶의 터전입니다. 이번에는 2번, 전재수를 뽑아주십시오.”
“또 왔나? 벌써 몇년째고. 이번에는 한번 해봐라. 고생한데이. 내사 마 팍팍 밀어줄꾸마.”
지난 7일 오후 3시께 부산 북구의 가장 큰 전통시장인 구포시장 1번 출입구에서 전재수(44) 더불어민주당 후보가 유권자들과 악수와 인삿말을 건네며 지지를 호소했다. 구포시장 상인들은 허리숙여 인사하는 전 후보한테 힘내라는 말을 쏟아냈다.
누군가 전 후보의 어깨를 툭 쳤다. 구포시장에서 채소 가게를 운영하고 있는 박아무개(44)씨였다. 박씨는 전 후보와는 중학교 때부터 친구다.
“재수야. 뚜껑을 열어봐야 알겠지만 이번엔 정말 분위기가 좋은 것 같다. 다만, 13일이 구포시장 장날이다. 상인들한테 선거 많이 참여하라고 독려할끼다. 선거 막판인데, 잠도 줄이래이~.”
“친구야. 고맙데이. (상인들한테) 투표 많이 해라고 해라이. 많이 팔아레이.”
박씨는 “친구가 10년 동안 북구만 고집하고 있다. 낙후된 고향 북구를 위해서라고 했다. 바보같고 안쓰럽기도 하지만 전재수 답다”고 했다. 전 후보는 주민과 상인들한테 인사하며 구포시장 안쪽으로 들어갔다.
비슷한 시간에 구포시장 근처의 구포역 앞 광장에선 박민식(50) 새누리당 후보가 유세차량에서 주민들한테 지지를 호소하고 있었다. 구포역을 오가던 주민 100여명이 박 후보의 말에 귀를 기울였다.
 

 “‘두 번이나 뽑아줬는데도 결과가 이게 뭐냐’며 많은 주민들이 저를 질책하고 있습니다. 저와 여당에 실망도 많이 하셨고, 짜증도 많이 나셨고, 화도 많이 나셨을 것입니다. 엎드려 사죄드립니다. 꾸짖어 주십시오. 회초리로 때려주십시오. 하지만, 이번 선거에서 저 박민식이 정말 위기를 맞고 있습니다. 못난 아들이지만 아들이 밉다고 집을 내어줘서는 안 됩니다. 북구의 미래를 위해 다시 한번 간곡히 부탁드립니다.”
박 후보가 연설을 마치고 허리숙여 인사를 하니 주민들은 박수를 치며 박 후보의 이름을 계속해서 불렀다. 일부 주민은 박 후보한테 다가가 손을 맞잡기도 했고, 또다른 주민들은 박 후보를 향해 엄지 손가락을 치켜세웠다.
구포역 근처에서 잡화점을 운영하고 있는 권아무개(56)씨는 “박 후보는 지역에서 열심히 활동하고 있다. 그래도 하던 사람이 계속 일해야 더 잘하지 않겠나. 전 후보가 각종 여론조사에서 많이 치고 올라왔지만, 북구에 힘 있는 여당 후보가 국회의원을 해야한다”고 말했다.

	
		
							
					
					지난 7일 부산 북구 구포시장에서 이번 국회의원선거 북구강서구갑에 출마한 전재수 더불어민주당 후보가 주민들을 만나 지지를 호소하고 있다. 김영동 기자 ydkim@hani.co.kr
			

북구강서구갑은 낙동강 하류와 붙어 있는 선거구로 이른바 ‘낙동강 벨트’의 한 선거구이다. 북구강서갑에는 경남 김해와 강서구 녹산공단에서 일하는 노동자들이 많은 편이고, 20여년 넘도록 낙후된 곳인데도 1996년 15대 총선 때부터 줄곳 한나라당과 새누리당 후보가 당선됐다. 노무현 전 대통령 탄핵에 따른 역풍이 불면서 새누리당의 전신인 한나라당이 창당 이후 최대 위기에 빠진 2004년 17대 총선에서도 북구에선 한나라당 후보가 열린우리당 후보를 7%포인트 차이로 누르고 당선됐다.
전통적인 여당 텃밭 선거구인 북구강서구갑에서 야당 후보 당선의 기대감이 부풀기 시작한 때는 지난 2012년 19대 총선에서부터다. 당시 이곳에 두 번째 출마한 전 후보가 47.6%를 득표해 52.39%를 받은 박 후보한테 4.79%포인트(3532표) 차로 뒤져 낙선했기 때문이다.
이번 20대 총선에선 현역 국회의원인 박민식 새누리당 후보와 10년째 국회의원에 도전하고 있는 전재수 더불어민주당 후보가 일대일로 맞붙고 있다. 2008년 18대부터 올해 20대 총선까지 세번째 승부이다.
선거초반 여론조사에선 박 후보는 전 후보를 10%포인트 넘는 차이로 앞서 나갔다. 하지만, 선거일이 다가오자 각종 여론조사에서 두 후보의 지지 순위가 엎치락뒤치락해 초접전 양상으로 나타나고 있다.
“박 후보나, 전 후보 모두 인지도도 높지. 둘 다 젊고, 일도 잘할 것 같아. 박 후보는 여당 소속이라서 북구 발전에 힘을 발휘할 수 있을 것 같아. 전 후보는 지역 구석구석에 뭐가 필요한지 잘 알고 있어. 고생도 많이 했고. 나도 아직 누굴 찍을 지 결정을 못했어.” 구포시장에서 신발가게를 운영하고 있는 김아무개(45)씨가 지역 분위기를 전했다.
전통 여당 텃밭인 북구강서구에서 접전이 이뤄지고 있는 것에 대해 전 후보는 “20여년동안 부산 북구는 대선, 총선, 지방선거에서 한나라당과 새누리당에 몰표로 답했지만, 여당은 외면했다. 그 기간 북구의 발전은 없었다. 오히려 퇴보했기 때문”이라고 분석했다.
전 후보의 말에 공감하는 주민을 만나는 것은 어렵지 않았다. 북구 만덕동 벽산아파트 주민 이아무개(38)씨는 “북구는 그동안 방치됐다. 해운대 등 동부산 쪽은 개발 등으로 발전하고 있는데, 서부산의 중심지역 가운데 하나인 북구는 내가 고등학교 다닐 때나 지금이나 변화가 없다. 이제는 바뀌어야 한다. 전 후보가 육아종합지원센터를 짓겠다고 해서 마음에 더 든다”고 말했다.
구포동에 살고 있는 우아무개(62)씨는 “그동안 새누리당만 지지했는데, 북구가 얻은 것이 없다. 여당 일색인 동네이다보니, 지역에서 여당에 대한 견제도 약하다. 그러니 북구가 발전되지 않았다. 이번에 바뀌었으면 한다”고 말했다. 그는 “전 후보가 구포시장에서 선거운동할 때 가만히 보면 상인들한테 장갑을 벗지 말고 그냥 악수하자고 한다. 상인들이 번거롭다는 것이다. 지금까지 저렇게 말해주는 정치인은 본 적이 없다. 그래서 전 후보가 더 좋다”고 덧붙였다.
북구의 발전을 위해서 박 후보를 더 밀어줘야 한다는 목소리도 높았다. 북구 만덕동 럭키아파트 주민 임아무개(69)씨는 “박 후보가 그동안 북구를 위해 열심히 뛰었다. 박 후보가 만덕로 교통정체 현상을 해소하기 위해 노력한 덕분에 부산시가 만덕3터널도 뚫고 있다. 박 후보를 더 밀어줘야 한다”고 말했다.
오랫동안 여당 텃밭이었던 탓인지 전 후보를 지지한다면서도 박 후보가 당선될 것이라고 점치는 사람도 있었다. 택시기사 이아무개(43)씨는 “인물이 비슷하면 그래도 힘 있는 여당 후보가 낫다”고 말했다.
박 후보 핵심 지지층으로 꼽히는 60대 이상을 보면, 올해 3월 기준 북구에는 65살 이상 주민 2만2000여명이 살고 있다. 지난 15~19대 총선에서 북구에서 당선된 후보들은 3만~4만표를 얻었다. 지역 정치권의 한 관계자는 “박 후보에 견줘 전 후보는 상대적으로 젊은층이 지지하고 있는데, 이들을 어떻게 투표장으로 불러와 투표율을 끌어올릴 것인지가 관건”이라고 분석했다. 
부산/김영동 기자 ydkim@hani.co.kr  


 		
	이슈4.13 총선
	
		너도나도 군부대 이전 공약…‘군인들 어디서 나라 지키나’사전투표율 역대 최고 12.2%…전남 ‘최고’-부산 ‘최저’세번째 승부…‘텃밭’ 현역 박민식 vs 10년 도전 전재수낙동강벨트 유일한 ‘2여 1야’ 구도[사설] 박 대통령의 막무가내 ‘선거운동’	
 		 	"
낙동강벨트 유일한 ‘2여 1야’ 구도,http://www.hani.co.kr/arti/politics/politics_general/738972.html,"
 		
	
		
							
					
					장제원 무소속 후보가 지난 6일 오후 부산 사상구 덕포동 벽산신익타운아파트 앞에서 유세차량에 올라 자신이 여론조사 1위를 달리고 있다고 보도한 신문을 들어보이며 지지를 호소하고 있다. 김광수 기자 kskim@hani.co.kr
			

4·13 총선 격전지 르포
부산 사상구
지난 2010년 3월 부산 사상구에서 전국을 떠들썩하게 만든 사건이 일어났다. 중학교에 입학해야 할 이아무개(당시 13살)양이 실종된 지 10여일 만에 알몸인 상태로 숨진 채 발견된 것이다. 범인은 이양의 집에서 직선거리 500여m 떨어진 곳에 살던 김길태(38)씨였다. 김씨는 이양을 성폭행하고 살해한 뒤 이양의 집에서 불과 50여m 떨어진 이웃집 옥상 물탱크 안에 이양의 주검을 은폐했다. 이듬해 4월 대법원은 김씨의 무기징역을 확정했다.
이양이 살던 집은 사상구 덕포동의 재개발지역이다. 경사진 달동네에 오래된 집들이 다닥다닥 붙어 있고 미로가 많아 외부인들이 집을 찾다가 헤매기 일쑤다. 빈집도 많아 낮에도 주민들이 혼자 다니기를 꺼렸다. 부산시와 경찰은 이양이 숨진 뒤에야 가로등을 추가로 설치하고 경계도 강화했다.
사상구는 1970~1980년대 대한민국 신발산업의 메카였다. 공장엔 일자리를 찾아 사상을 찾은 여공들로 넘쳐났다. 집을 구하기 힘든 이들은 달동네로 깃들었고 집주인이 셋방을 놓으면 금방 나갔다. 북적되던 사상구는 1990년대부터 쇠락해갔다. 산업 구조조정으로 신발산업이 쇠퇴하면서 큰 기업체들은 중국 등으로 옮겨갔고 영세한 업체들이 그 자리를 대신했다. 청춘을 바쳤던 노동자들과 젊은이들이 ‘좋은 일자리’를 찾아 외지로 떠나면서 사상구는 부산의 대표 낙후지역 가운데 하나로 전락했다. 30만명을 넘던 인구는 올해 1월 23만여명에 그치고 있다.
　

	
		
							
					
			

2여 1야 
6일 오후 5시께 부산 사상구 덕포동 벽산신익타운아파트 앞에서 새누리당을 탈당한 장제원(49) 무소속 후보가 열변을 토했다. 숨진 이양의 집과 직선거리 500여m 떨어진 곳이다. 장 후보는 보슬비가 내리는 가운데 유세차량에 올라 “낙후된 덕포동을 교육명품도시로 만들겠다”고 밝혔다. 그러자 박수가 터졌다. 일부는 장 후보의 이름을 외쳤다. 어느새 청중은 100여명에서 200~300여명으로 불어났다. 그의 선친이 세운 대학의 교직원도 눈에 띄었다. 장 후보의 선친(장성만)은 학교법인 동서학원을 세웠고 국회부의장 등을 지냈다. 
장 후보는 여론조사에서 줄곧 1위를 달리는 것에 고무됐다. 여론조사 결과를 보도한 신문을 들며 청중의 호응을 유도했다. 언론학 석사학위를 받은 그는 몸짓을 섞어가며 화려한 언변을 뽐냈다. 40~50분 동안 계속된 그의 연설이 끝나자 청중들은 썰물처럼 흩어졌다. 순간 과거 군사독재 시절 지지세력을 과시하기 위해 청중을 총동원하던 유세가 떠올랐다.

	
		
							
					
					손수조 새누리당 후보가 지난 7일 아침 부산 사상구 부산도시철도 덕포역 3번 출구 앞 덕포교차로에서 출근하는 시민들한테 인사를 하고 있다. 김광수 기자 kskim@hani.co.kr
			

7일 아침 8시께 손수조(31) 새누리당 후보는 부산도시철도 덕포역 3번 출구 앞 덕포교차로에서 비옷을 입고 출근하는 시민들한테 손을 흔들며 인사했다. 건널목을 건너오는 시민들의 손을 잡고 지지를 호소했다. 일부 시민은 “힘내라”고 말을 건넸고 손 후보 옆에 있던 선거운동원한테 다가가 명함을 받아갔다. 새누리당 텃밭인 영남권에서 야권 후보한테 밀리고 있는 새누리당 후보의 역전을 도와주는 숨은 지지층이 아닐까 하는 생각이 들었다.
 

 손 후보 옆에 있던 선거운동원 김아무개(52)씨는 “장 후보가 새누리당을 탈당했지만 사상구 전체 당원의 7할 정도가 장 후보를 돕고 있다고 생각한다. 장 후보가 집중 연설하는 곳에는 자발적인 청중이 아니라 동원된 새누리당 당원과 조직이 대다수일 것”이라고 말했다.

	
		
							
					
					배재정 더불어민주당 후보가 7일 낮 12시께 부산 사상구 덕포시장 앞 삼락강변경로당을 찾은 어르신들에게 배식을 하면서 안부를 묻고 있다. 김광수 기자 kskim@hani.co.kr
			

배재정(48) 더불어민주당 후보는 7일 낮 12시께 덕포시장 앞 삼락강변경로당을 찾았다. 마침 경로당엔 무료 급식이 있는 날이었다. 비가 오는 중에 40여명의 어르신들이 찾았다. 배 후보는 밥솥의 밥을 떠서 어르신들께 드렸다. 배 후보가 어르신들에게 “맛있게 드세요”라고 하자 할머니들은 고개를 끄덕였다. 배 후보가 경로당을 찾았다고 선거 때마다 기호 1번에 거의 몰표를 찍는 70대 이상이 이번엔 얼마나 야당 후보를 찍을까라는 생각이 스쳤다.
배 후보는 직장인이 자주 찾는 식당을 찾아 인사를 한 뒤 점심을 먹고 사상농협 본점의 노래교실을 찾았다. 이어 강행군에 목이 쉬어 말하기도 힘들었지만 유세차량에 올라 골목에 다니며 인사를 했다. 선거캠프 관계자는 “참모들이 쉬라고 해도 링거를 맞고 다니고 있다”고 귀띔했다.
　
인물 경쟁 구도
거리에 내걸린 펼침막 가운데는 배 후보의 것이 눈길을 끌었다. 비슷하거나 추상적인 구호를 적지 않고 지역에 맞는 구호를 적은 것이 도드라졌다. 감전동에 걸린 펼침막엔 ‘감전초등학교 출신’이라는 문구를 넣었다. 장 후보는 ‘사상의 자존심을 지키겠다’, 손 후보는 ‘일 잘 하는 젊은 일꾼’ 등으로 일관했다.
국회의원 선거가 여야 대결구도로 흐르는 것이 보편적이지만 사상구는 2여1야 구도여서 그런지 인물경쟁 구도로 흐르고 있다. 무엇보다 후보들은 저마다 검증된 일꾼임을 강조했다. 손 후보는 부산시가 500억원을 들여 전체면적 1만5000㎡규모로 2018년께 덕포동에 건립할 예정인 도서관에 대해 “서병수 시장을 만나 사상구에 건립해 달라고 요청해 이뤄졌다”고 주장했다. 장 후보는 “18대 국회의원 시절 사상의 숙원사업이었던 사상~하단 도시철도를 뚝심 있게 추진해 착공을 눈앞에 두고 있다”고 주장했다. 배 후보는 “19대 국회의원을 하면서 사상~하단 도시철도 건설비 599억원과 학장중·덕상초 강당 신·증축비 35억원 등 738억원의 국비를 받아왔다”고 주장했다.
부모의 재력과 권력 등 뒷배경이 없다는 뜻의 ‘흙수저’와 부모의 든든한 뒷배경이 있다는 뜻의 ‘금수저’ 공방도 일고 있다. 손 후보는 “나는 트럭운전사의 딸이다. 장 후보는 국회 부의장을 지낸 선친의 재산과 권력을 물려받은 금수저다”고 공격했다. 장 후보는 “여론조사에서 압도적 1위를 했는데도 무소불위의 권력의 눈 밖에 나 무소속 출마한 것이 금수저냐”고 되받았다. 배 후보는 “나는 사상공단 양말공장 노동자의 딸이다. 손 후보는 박근혜 대통령을 등에 입고 두 차례나 새누리당 공천을 받은 금수저고 장 후보는 대학을 설립하고 세 차례 국회의원을 지낸 선친의 후광 덕분에 대를 이어 국회의원을 지낸 금수저”라고 싸잡아 공격했다. 
손·장 후보는 4년 전 문재인 더불어민주당 전 대표가 사상구에서 당선된 것을 ‘잃어버린 4년’이라고 목소리를 높였다. 문 전 대표가 대권에 도전하기 위해 전국을 돌아다니고 지역구인 사상구를 돌보지 않았다는 것이다. 배 후보는 “문 전 대표는 지난 4년 동안 사상공업지역재생 시행계획수립용역과 첨단신발융합 허브센터 건립 등 사상 발전을 위해 929억원의 국비를 확보했다. 잃어버린 4년이 아니라 사상구 출신 역대 국회의원 가운데 가장 열심히 사상을 위해 일했다”고 반박했다.
　
오리무중 표심
선거일이 닷새 앞으로 다가왔지만 새누리당 지지자들은 기호 1번(손수조)과 5번(장제원)을 두고 갈리고 있다. 7일 사상구청 앞에서 만난 전아무개(62)씨는 “새누리당이 공천을 잘못했다. 너무 젊은 손 후보보다는 국회의원을 해본 40대의 장 후보가 잘할 것 같다”고 말했다. 같은날 덕포역에서 만난 김아무개(62)씨는 “지금까지 나는 1번만 찍었어요. 손 후보는 너무 젊어서 일을 잘하겠나 싶어 불안은 하지만 장 후보는 한 번 해먹었다 아닌교”라며 손 후보 지지 뜻을 밝혔다.
여전히 1번과 5번을 두고 헷갈려하는 이들도 있었다. 사상역 앞의 식당가에서 만난 60대의 남성은 “사상 발전을 생각하면 장 후보를 찍고 싶지만 박근혜 대통령한테 힘을 실어주려면 1번을 찍어야 한다. 누구를 찍어야 할지를 아직 결정하지 못했다”고 말했다.
장 후보를 지지하던 층이 손 후보로 이동하려는 조짐이 엿보였다. 40대 주부 박아무개씨는“장 후보가 당선 뒤에 새누리당에 복당하겠다고 해서 찍어주고 싶지만 손 후보가 눈물로 호소하는 것을 보니 안타깝기도 하다”고 말했다.
60대 가운데서도 유일한 야당인 배 후보를 지지하겠다는 이도 있었다. 슈퍼마켓을 운영하는 60대 여성은 “사상이 기호 1번만 찍는 새누리당 텃밭이라고는 생각하지 않는다. 인물을 보고 뽑을 것이다. 현역 국회의원이 아무래도 더 잘할 것 같다”고 말했다.
40대 이하에선 새누리당에 대한 반감이 많았지만 투표에 대해선 회의적이었다. 사상구청 앞에서 만난 박아무개(26)씨는 “대학을 졸업한 뒤 부산에서 직장을 얻었는데 근로조건이 좋지 않아 그만두고 서울로 갈 것이다. 투표를 한다면 새누리당 후보를 찍지 않겠지만 야당이 정권을 잡았다고 해서 세상이 바뀔 것이라는 생각이 들지 않는다”고 말했다. 사상구청 앞에서 만난 20대 3명도 “새누리당 후보는 무조건 찍지 않을 것이다. 그렇지만 야당 후보가 누구인지도 모르고 관심도 없다”고 발길을 재촉했다. 
　
대역전 일어날까?
언론사들의 여론조사가 맞을 것인지가 관심사다. 지금까지 여러 언론사에서 8차례 여론조사를 했는데 이 3일 벌여 7일치 지면에 소개한 여론조사에선 후보 지지도가 장 후보 33.1%, 배 후보 26.1%, 손 후보 21.2%였다. 장 후보에 견줘 많게는 20%포인트 이상 뒤지며 2~3위를 달리던 배 후보가 처음으로 오차범위(8.8%포인트) 안인 7%포인트 차이까지 좁혔다.
다급해진 쪽은 손 후보다. 상대의 약점을 공격하는 네거티브 선거를 자제하던 손 후보는 7일 부산시의회 브리핑룸에서 긴급 기자회견을 열어 “공직선거법 위반 혐의로 검찰에 고발된 장 후보는 즉각 사퇴하라”고 촉구했다. 장 후보 쪽은 “패색이 짙어진 손 후보의 주장일 뿐이다”며 일축했다.
앞서 지난 3일 부산시선거관리위원회는 장 후보를 공직선거법 위반 혐의로 검찰에 고발했다. 장 후보는 지난달 27일 평소 다니지 않던 지역구 안의 한 종교시설을 찾아가 지지를 호소하는 등 올해 1월부터 네 차례에 걸쳐 사전 선거운동을 한 혐의를 받고 있다.
장 후보 쪽은 “1위를 달리고 있는 장제원을 선택하지 않으면 또다시 (4년 전 문재인 후보에게 패배한 것처럼) 어처구니없는 선거결과가 초래될 수 있다. 새누리당 부산시당이 장 후보를 계속 비방하면 더민주에게 어부지리만 안겨줄 뿐이다”고 경계했다.
세 후보 쪽은 저마다 승리를 자신하고 있다. 배 후보 캠프 관계자는 “손·장 후보가 비슷하게 표를 가져가고 야권 지지층이 결집하면 승산이 있다”고 말했다. 문재인 전 더불어민주당 대표가 2012년 국회의원선거와 대통령선거에서 각각 55%와 43%의 득표율을 기록했던 것을 근거로 들었다.
손 후보 캠프 관계자는 “장 후보 쪽으로 갔던 새누리당 지지자들이 결국 선거일에 돌아올 것이며 우리의 텃밭인 사상을 배신하지 않을 것이다. 결국 우리가 역전할 것이다”고 말했다. 장 후보 캠프 관계자는 “4년 전엔 문 전 대표의 인물경쟁력이 20대의 손 후보에 견줘 월등히 높았지만 배 후보는 그렇지가 않다. 여야대결 구도가 아니라 인물론 구도가 계속되고 있으므로 배 후보의 역전 가능성은 없다”고 말했다.
지역정가에선 대체로 배 후보가 역전하려면 두 가지 필요조건이 필요하다고 본다. 새누리당 지지층을 공통분모로 하는 손·장 후보의 지지표가 엇비슷하게 갈라지는 것이 첫번째고, 40대 이하를 중심으로 하는 야권 지지층이 투표장으로 가는 것이 두번째라는 것이다.
일부에선 두 가지 필요조건을 채우더라도 다른 변수가 있다는 분석도 있다. 새누리당의 텃밭인 부산의 역대 선거에서 야권 후보가 계속 여론조사에서 이기다가 숨어있는 새누리당 지지표가 결집해 역전을 당했던 사례가 많았기 때문이다.
가장 최근 치러진 2014년 지방선거에서 새누리당 후보였던 서병수 부산시장이 오거돈 무소속 후보한테 많게는 10%포인트 이상 뒤졌다가 선거일 3~4일을 앞두고 맹추격을 해 대역전극을 만든 것이 대표적인 사례다. 배 후보 캠프 관계자는 “장 후보의 지지도는 정체된 것으로 본다. 오히려 두려운 것은 손 후보다”고 말했다. 새누리당의 저력이 더 무섭다는 얘기다.
부산/김광수 기자 kskim@hani.co.kr     


 		
	이슈4.13 총선
	
		너도나도 군부대 이전 공약…‘군인들 어디서 나라 지키나’사전투표율 역대 최고 12.2%…전남 ‘최고’-부산 ‘최저’세번째 승부…‘텃밭’ 현역 박민식 vs 10년 도전 전재수낙동강벨트 유일한 ‘2여 1야’ 구도[사설] 박 대통령의 막무가내 ‘선거운동’	
 		 	"
자신이 경쟁 후보를 지지한다는 황당 문자메시지를 받은 류성걸 무소속 후보,http://www.hani.co.kr/arti/politics/polibar/738966.html,"
 		
	
		
							
					
			


 ‘유승민계’인 무소속 류성걸 후보가 같은 선거구의 경쟁자인‘진박’인 새누리당 정종섭 후보를 지지한다는 내용의 허위 문자메시지가 류 후보의 휴대전화에 수신된 황당한 일이 일어났다. 두 후보는 지금 대구 동구갑에서 박빙의 승부를 벌이고 있다. 류 후보의 이름으로 허위 문자메시지를 보낸 것은 정 후보를 지지하는 새누리 소속 대구 동구의원인 것으로 밝혀졌다.
 8일 낮 12시40분 류 후보의 휴대전화로 정 후보를 홍보하는 문자메시지가 도착했다.  ‘정종섭 후보의 동대구역-파티마병원-유통단지를 잇는 관통도로 건설 공약은 정말 꼭 이루어져야할 획기적인 공약입니다. 그 누구도 시도하지 않았던 천지개벽할 대사업입니다’라는 내용이었다. 
 그런데 문자메시지의 마지막 부분에 보낸 사람이 ‘정종섭 후보 공약이 꼭 이루어지길 바라는 대구사람 류성걸 010-3731-○○○○’으로 돼 있었다. 류 후보는 이런 문자메시지를 쓴 적도, 보낸 적도 없었다. 류 후보는 이를 선거관리위원회에 신고했다. 
 허위 문자메시지를 보낸 것은 신아무개(61) 대구 동구의원이었다. 그는 자신의 휴대전화를 사용해 이런 문자메시지를 류 후보에게 보냈다. 신 의원은 지난 1월28일 기자회견을 열어 정 후보 지지를 선언한 뒤 선거운동을 돕고 있다.
 신 의원은 와의 전화 통화에서 “휴대전화 사용이 미숙해서 류 의원의 이름과 휴대전화 번호를 문자메시지 안에 실수로 잘못 넣었다”라고 말했다. 그는 정 후보 캠프와의 연관성은 부인했다. 정 후보 캠프 쪽도 황당하다는 반응을 보이고 있다.
 류 의원의 한 측근은 “처음에 문자메시지를 보고 한동안 어리둥절했다. 이떻게 이런 황당한 문자를 보낼 수 있는지 당황스럽다. 아마 이런 내용의 문자가 다량 발송된 것으로 추측된다”라고 말했다.
 공직선거법 제253조(성명 등의 허위표시죄)에는 ‘당선되거나 당선되지 못하게 할 목적으로 진실에 반하는 성명·명칭 또는 신분의 표시를 하여 우편이나 전보 또는 전화 기타 전기통신의 방법에 의한 통신을 한 자는 3년 이하의 징역 또는 600만원 이하의 벌금에 처한다’라고 돼있다. 대구시선거관리위원회는 이날 조사에 나섰다. 
 대구 동구갑은 현역 국회의원인 류 후보가 경선 기회도 얻지 못하고 공천에서 탈락했다. 류 후보는 ‘유승민계’로 분류된다. 각종 여론조사를 보면 현재 무소속 류 후보는 새누리 공천을 받은 ‘진박’ 정종섭 후보와 팽팽한 접전을 벌이고 있는 것으로 나온다. 대구/김일우 기자 cooly@hani.co.kr
 

 

 		 		 	"
정부 “탈북자 13명 입국”…총선 임박 북풍몰이?,http://www.hani.co.kr/arti/politics/defense/738958.html,"
 		
	
		
							
					
					북한 해외식당에서 일하다 집단 탈출해 7일 국내에 들어온 탈북민 13명이 얼굴을 마스크로 가린 채 어디론가 이동하고 있다. 이 사진은 통일부가 언론에 제공한 것인데, 이 장면이 언제 어디에서 촬영된 것인지는 통일부도 모른다고 밝혔다. 통일부 제공
			

북 해외식당 종업원들 7일 한국에
하루만에 공개 ‘딴 의도 있나’ 의심
정부는 8일 “북한 해외식당 종업원 13명이 집단 탈출해 7일 국내에 입국했다”고 밝혔다. 탈북민들의 입국 사실을 하루 만에 통일부가 나서 공개한 것은 대단히 이례적이다. 4·13 총선을 닷새 앞둔 사전투표 첫날 전격적으로 탈북 사실을 공개한 것은 총선 판세에 영향을 미치려는 이른바 ‘북풍’이 아니냐는 지적이 일고 있다.
 정준희 통일부 대변인은 이날 기자회견을 열어 “북한 해외식당에서 근무 중이던 지배인과 종업원 등 13명이 집단 귀순했다. 이들은 남자 지배인 1명과 여자 종업원 12명으로, 4월7일 서울에 도착했다”고 발표했다. 정 대변인은 “그동안 북한 해외식당 종업원 한두 명이 개별 탈북한 사례는 있지만, 같은 식당에서 일하는 종업원들이 한꺼번에 탈북한 것은 처음”이라고 밝혔다.
 정 대변인은 집단 탈북 배경과 관련해 “이들이 해외에서 한국 티브이, 드라마, 영화, 인터넷 등을 통해 한국의 실상과 북한 체제 선전의 허구성을 알게 됐다”고 설명했다. 정 대변인은 특히 이들의 탈북을 ‘대북 제재’와 연관해 풀이했다. 그는 “대북 제재 이후 해외에 있는 북한 식당이 타격을 받고 있는 것으로 알고 있다. 그래서 ‘북한 당국으로부터 촉구되는 외화 상납 요구 등 압박이 계속되기 때문에 이에 대한 상당한 부담감을 느끼고 있었다’는 (탈북자의) 언급이 있었던 것으로 알고 있다”고 말했다.
 정 대변인은 그러나 이들이 어디서 어떻게 탈북했는지 등 구체적인 탈출 경로와 경위 등에 대해선 일절 밝히지 않으면서 “제3국과의 외교 마찰을 우려하고, 그다음에 이분들의 신변보호, 또 향후 있을지도 모르는 사례 등을 종합적으로 고려한 결과”라고 해명했다. 그는 또 “추가적인 조사가 이뤄져야 한다”며 “정부는 이들이 충분한 휴식을 한 뒤 통상적인 절차에 따라 유관기관 합동으로 구체적인 귀순 동기 등을 조사할 예정”이라고 덧붙였다.
 정부가 탈북민들을 입국 하루 만에 전격 공개한 것은 무척 드문 일이다. 이 때문에 정부가 ‘집단 탈북’을 4·13 총선에 이용하려는 게 아니냐는 우려가 나온다. 이에 대해 정 대변인은 “대북 제재 국면에서 집단 탈북이 이뤄졌다는 상황 자체가 이례적이기 때문에 발표한 것”이라며 총선과의 관련성을 부인했다.
 북한의 반발도 예상된다. 북한은 그동안 집단 탈북에 대해 “남한 당국의 기획 탈북”이라고 반발하곤 했다. 정 대변인은 집단 탈북 사례와 관련해 “2004년도 7월에 486명인가가 베트남에서 한꺼번에 입국한 사례가 있고, 2011년 3월에도 9명 정도가 집단 탈북했고, 앞서 1980년대 말 김만철씨 일가 10명이 입국했다”고 소개했다.
 북한이 해외에서 운영하는 식당은 모두 100여곳으로 이 가운데 90% 이상은 중국에 있고, 베트남·캄보디아·타이·라오스 등 동남아에도 있는 것으로 알려졌다.
 김진철 기자 nowhere@hani.co.kr  
 

 

 		 		 	"
"대구에 야당의원 탄생?…김부겸, 김문수 갑절로 따돌려",http://www.hani.co.kr/arti/politics/assembly/738957.html,"
 		스타급 후보들 상황은
안철수·김무성·유승민 당선 안정권
오세훈, 정세균에 첫 추월당해
이해찬 경합…노회찬·심상정 박빙우세

	
		
							
					
					왼쪽부터 오세훈, 김부겸, 노회찬, 유승민
			


 ‘대선 주자에겐 날개를, 탈당 다선에겐 명예회복의 기회를, 영입 인사에겐 스타로 뜰 발판을….’
 선거는 다양한 위치에 선 후보자들의 ‘신분’을 변화시킨다. 단 이긴다는 전제하에서다.
 ■ 대선 후보급의 명암 
 대선 후보급 주자의 당락 여부로 우선 눈길을 끄는 지역은 서울 종로다. 오세훈 새누리당 후보는 대선 주자가 마땅찮은 친박계가 대선 주자로 적극 지원할 것이란 말이 많다. 5년 전 무상급식 반대 주민투표에 서울시장 직을 걸었다가 실패했던 오 후보는 정세균 더불어민주당 후보를 넘어야만 한다. 판세는 오리무중이다. 이달 초만 해도 여러 조사에서 8~9%포인트 가까이 앞서던 오 후보는 3~6일 사이 실시된 몇몇 조사에선 추격당했다. 정 후보는 연합뉴스-코리아리서치 조사(3~5일)와 와이티엔(YTN)-엠브레인 조사(5~6일)에선 오차범위 안에서 처음으로 오 후보를 앞질렀다.
 ‘정권의 심장’ 대구 수성갑에 나선 김부겸 후보는 당선에 점점 다가가는 분위기다. 5~6일 실시한 와이티엔-엠브레인 조사와 조선일보-미디어리서치 조사에서 그는 각각 61.3%와 53.0%의 지지율로 29.2%와 28.6%를 얻은 김문수 새누리당 후보를 갑절 가까이 따돌렸다. 한 새누리당 인사는 “수성갑은 가망이 없어 보인다”고 했다.
 안철수 국민의당 후보는 서울 노원병에서 ‘박근혜 키드’인 이준석 새누리당 후보와의 격차를 벌리는 추세다. 최근 15%가량으로 오른 당 지지율과 함께 안 후보의 지지율도 상승해 여러 여론조사에서 이 후보를 여론조사 오차범위 밖인 10%포인트 안팎으로 앞선다. 당 대표 사퇴를 못박은 김무성 새누리당 대표(부산 중구영도)와 따뜻한 보수를 내건 유승민 무소속 후보(대구 동을)도 당선 안정권이다.
 ■ 탈당 다선과 정의당 투톱, 간판 영입인사 운명은?  
 

 공천 과정에서 각각 새누리당과 더불어민주당에서 배제된 이재오 무소속 후보와 이해찬 무소속 후보는 다소 분위기가 다르다. 선거 내내 야권 후보 분열 덕에 은평을에서 1위를 달리던 이재오 후보는 8일 강병원 더불어민주당 후보와 김제남 정의당 후보가 강 후보로 단일화하면서 다소 변수가 생겼다. 공표금지 기간(7일) 전 각종 여론조사에서 이 후보는 27~33%가량의 지지를 얻었으나, 20% 안팎의 지지율을 얻은 강 후보가 5~9%가량인 김제남 후보의 지지율을 온전히 흡수하면 안심할 수 없다. 세종시의 이해찬 후보도 새누리당 박종준 후보와 여론조사 오차범위 안에서 경합 중이었다. 정의당의 간판인 노회찬·심상정 후보의 경우 공표금지 전 조사에서 노 후보는 창원 성산에서 오차범위 언저리에서 선두를 지켰고, 심 후보는 경기 고양갑에서 손범규 새누리당 후보를 상대로 박빙 우세를 보였었다.
 여야의 간판 영입인사인 안대희 새누리당 후보와 표창원 더민주 후보도 관심이다. 마포갑에 전략공천을 받다시피 한 안 후보는 노웅래 더민주 후보에게 약세를 보이다가, 최근에는 격차를 좁혔다는 여론조사 결과가 나오고 있다. 안 후보는 3~5일 실시한 와이티엔-엠브레인 조사에선 19.6%포인트 격차로 뒤졌으나, 서울경제는 지난 5~6일 조사에서 3.4%포인트로 차이가 줄었다고 8일 보도했다. 표창원 후보는 용인정에서 이상일 새누리당 후보와 접전을 벌이고 있는데 1~2일 문화방송-리서치앤리서치 조사에선 43.3% 지지율로 29.0%를 얻은 이 후보를 따돌리기도 했다.
 성연철 기자 sychee@hani.co.kr    


 		
	이슈4.13 총선
	
		너도나도 군부대 이전 공약…‘군인들 어디서 나라 지키나’사전투표율 역대 최고 12.2%…전남 ‘최고’-부산 ‘최저’세번째 승부…‘텃밭’ 현역 박민식 vs 10년 도전 전재수낙동강벨트 유일한 ‘2여 1야’ 구도[사설] 박 대통령의 막무가내 ‘선거운동’	
 		 	"
[포토] 집단 탈출,http://www.hani.co.kr/arti/politics/defense/738954.html,"
 		
	
		
							
					
					북한 해외식당에서 일하다 집단 탈출해 7일 국내에 들어온 탈북민 13명이 얼굴을 마스크로 가린 채 어디론가 이동하고 있다. 이 사진은 통일부가 언론에 제공한 것인데, 이 장면이 언제 어디에서 촬영된 것인지는 통일부도 모른다고 밝혔다. 통일부 제공
			


 북한 해외식당에서 일하다 집단 탈출해 7일 국내에 들어온 탈북민 13명이 얼굴을 마스크로 가린 채 어디론가 이동하고 있다. 이 사진은 통일부가 언론에 제공한 것인데, 이 장면이 언제 어디에서 촬영된 것인지는 통일부도 모른다고 밝혔다. 
통일부 제공 
 

 

 		 		 	"
"존영, 권력 투쟁의 최전선",http://www.hani.co.kr/arti/politics/politics_general/738950.html,"
 		
	
		
							
					
					1월14일 세종시에 개관한 대통령기록관 4층 전시실. 역대 대통령의 얼굴과 선거포스터, 선거유세 모습이 보인다.  세종/연합뉴스
			

[토요판] 뉴스분석 왜?
박근혜 대통령 ‘존영’ 논란
▶ 지난 3월28일 박근혜 대통령 얼굴사진을 두고 ‘소유권 분쟁’이 있었다. 새누리당 대구시당이 공천 배제 뒤 탈당한 의원들에게 “대통령 존영을 반납하라”고 요구하며 불거졌다. ‘갈라선 식구들’ 사이에서 벌어진 분쟁은 집 밖으로 번져 ‘용어의 적절성’ 공방으로 옮아갔다. 한국 현대사엔 역대 대통령 얼굴사진이 남긴 이야기들이 적지 않다. 그 이야기엔 당대의 시대상과 정권의 성격이 반영돼 있다.  토요판이 ‘존영’의 명멸을 살폈다. 대통령이 얼굴사진의 권위에 집착할수록 국민 얼굴에 파인 주름도 깊어졌다.
존영은 단어에 ‘높을 존(尊)’을 갖는다. 공경하다, 우러러보다, 중히 여긴다는 뜻으로도 ‘존’은 풀이된다. 존귀, 존엄, 지존과 공통의 글자를 지닌 존영은 ‘얼굴사진의 최고 지위’를 누린다. 한낱 사진과 그림이 “남의 사진이나 화상 따위를 높여 이르는”(표준국어대사전) 존영의 격을 따를 순 없다.
 
 그들의 얼굴사진은 살아 있는 성역
 왕조시대엔 어진(임금의 얼굴을 그린 그림)이 있었다. 어진은 곧 왕이었다. 존귀하고, 존엄하며, 지존했다. 종이에 먹을 긋고 색을 입힌 그림 앞에서 백성들은 머리를 조아리고 부복했다. 진전(어진을 봉양하는 건물)을 지어 고이 모셨고, 옮길 땐 가마에 태워 예를 갖췄다. 어진이 훼손되면 신하들과 왕실 여인들이 하얀 옷을 입고 곡을 했다.
 몰락한 왕조를 이은 초대 대통령은 본인의 얼굴사진에 어진의 권위를 부여했다. 1950년 전쟁 발발 직후 일본에서 인쇄된 최초의 한국은행권(1천원권)엔 한강 다리를 끊고 도망간 이승만의 얼굴이 새겨졌다. 주일 대표부에 걸려 있던 그의 초상화가 도안으로 쓰였다. 1956년에 나온 500환권은 이승만의 얼굴을 지폐 중앙에 배치했다. 사람들이 돈을 반으로 접을 때마다 그의 얼굴도 따라 접혔다. ‘국부’의 얼굴이 두 동강 나는 사태를 용납할 수 없었던 정권은 그의 얼굴을 지폐 오른쪽으로 옮겨 인쇄했다. 죽은 위인들도 치열하게 다투는 화폐 모델의 영예를 1950년대엔 살아 있는 현직 대통령의 얼굴이 독점했다.
 행정부 수장인 이승만은 입법부 분과위원회 방마다 자신의 얼굴사진을 걸었다. “삼권분립 국가에서 대통령이 입법부에 압력을 가하는 행위”라며 야당이 반발했으나 무시됐다. 이승만의 얼굴사진은 그 자체로 성역이었다. 술집에서 그와 부통령 이기붕의 사진을 욕한 백아무개씨는 명예훼손으로 징역을 살았다. 4·19 혁명 두 달 전엔 자유당 전남도당 게시판의 이승만 사진에 욕설을 퍼부은 청년이 경찰 수배자 명단에 올랐다.  
 종신독재의 길을 닦던 시절 박정희의 얼굴사진에도 최고 권력자의 권위가 이입되고 있었다. 1969년 초 3선 개헌 여부를 놓고 공화당 의원총회에서 찬반토론이 벌어졌다. 정간용 의원이 발언했다. “나는 변소에 가더라도 대통령 사진이 실린 신문이 있으면 깨끗한 곳에 모실 정도로 마음속으로 박 대통령을 생각하고 있다.”
 

  유신헌법 공포 이후 박정희 얼굴사진이 (KBS) 뉴스를 탔다. 편집자의 손자국이 사진에 묻은 채 방송됐다. 뉴스가 끝난 뒤 ‘기관원들’이 들이닥쳐 편집자를 폭행했다. 이 사건 뒤 케이비에스엔 대통령 사진을 ‘모셔두는’ 보관함이 생겼다. 박정희 정권은 신문사에도 주기적으로 ‘새 존영’을 내려 바꿔 사용하도록 했다.
 죽은 박정희는 “내리는 비도 멈추게 하는 반인반신”(남유진 구미시장 발언)의 반열에 올라 있다. 해마다 그의 생가(경북 구미)에서 ‘탄신제’가 열릴 때면 참석자들이 조선시대 궁중 대례복을 입고 왕 혹은 신이 된 그의 사진 앞에 엎드린다.
 박정희가 사망했을 때 정부는 우표 2종을 600만장씩 발행했다. 그의 ‘존영’이 적갈색과 암자색으로 각각 도안됐다. 그의 죽음을 틈타 정권을 획득한 전두환도 취임 기념우표 700만장과 기념시트 70만장을 찍었다. 그의 얼굴과 ‘새 역사의 횃불’을 우표에 담았다.
 전두환은 ‘우표 정치’에 집착했다. 그는 재임기간 가장 많은 기념우표를 발행한 대통령이었다. 임기 7년6개월 동안 우표에 46회나 얼굴을 심으며 ‘찬탈한 권위’를 세웠다. 평균 두 달에 한 번꼴로 그를 기념한 우표가 인쇄됐다. 박정희의 얼굴은 18년 동안 24회 우표로 뿌려졌다. 이승만은 11년8개월간 12차례 우표에 등장했다. 노태우·최규하는 취임 때만 한 차례 찍었고, 윤보선의 얼굴이 실린 우표는 제작되지 않았다. ‘전두환 청와대’의 압력이 거듭되면서 체신부가 ‘알아서’ 기념우표를 내기도 했다. 대통령 기념우표의 남발은 우표 수집가들의 불만을 샀다.
이승만 사진 욕했다고 경찰 수배박정희 사진 손자국 났다고 폭행전두환 얼굴은 명함판으로 승격신군부 대통령 사진의 민주화 시련박정희·전두환 때 ‘존영’ 최다 사용
김대중, 대통령 사진 탈권위 시도노무현에 이르러 ‘존영’ 거의 소멸존영의 역사는 한국 현대사 압축판“한낱 사진이 권력 상징 된 이유는사진 주인공의 절대권력화 때문”
 전두환의 ‘우표 정치’
 전두환은 1979년 12·12 쿠데타로 ‘정권 접수’를 시작했다. 이듬해 6월부터 신문지상에선 ‘권력의 역전’이 일어났다. 최규하 당시 대통령의 이름과 얼굴사진이 신문에서 줄어들고 전두환의 이름을 언급하는 횟수가 늘어났다. 7월이 되면서는 전두환의 얼굴사진도 증명사진 크기에서 명함판 크기의 ‘존영’으로 교체됐다.
 내무부 공보과 소속 사진사(모창주)는 전두환 부부를 촬영할 때 특히 긴장했다. “외모가 세상의 입에 많이 오르내린” 그들은 가장 조심스런 피사체였다. “전 대통령은 절대 위에서 내려찍지 않고 우측 15도 각도에서 찍어야 머리숱이 많이 나온다는 것을 경험을 통해 터득했다. 이순자 여사는 턱 때문에 항상 정면사진만 찍어야 했다.”( 1997년 3월19일 보도)
 노태우는 1987년 6·10 항쟁의 거대한 분노를 겪고서야 대통령이 될 수 있었다. 그도 시대의 요구를 무시하지 못했다. 1988년 2월 대통령취임준비위원회는 “정부기관 외엔 대통령 사진 부착을 재고하고 ‘존영’이란 용어는 사용하지 않겠다”고 공언했다. 서울시청 현관에 걸린 전임 대통령의 대형 사진 3점을 떼어내되 그 자리에 자신을 밀어 넣지도 않았다. 중앙의 전두환 단독 사진은 어린이들이 만세를 부르는 사진으로, 왼쪽의 전두환 서울대공원 방문 사진은 올림픽 준비 현황 사진으로 교체했다. 전두환이 아시안게임 메달리스트들과 촬영한 오른쪽 사진은 남대문 분수 사진으로 바꿨다. 용어(존영) 사용 자제와는 별도로 얼굴사진은 변함없이 하달했다. 대형 액자는 관공서로 보내 벽에 걸도록 했고, 탁상용 액자는 공무원들 책상에 비치하도록 했다.
 민주화는 ‘신군부 대통령’의 얼굴엔 시련이었다. 1988년 봄 서울과 대전에서 ‘노태우 풍자전’이 열렸다. 한국 역사상 현직 대통령을 비판한 첫 전시회였다. 같은 해 10월엔 대학생 23명이 국회 의원회관 정호용(민정당) 의원실에 진입했다. ‘5공 비리 척결과 광주학살 진상규명’을 요구하며 노태우의 액자사진을 창밖으로 내던졌다.
 1996년 8월 전두환과 노태우에게 사형과 무기징역이 구형(반란·내란수괴죄 등)됐다. 1999년 5월엔 두 사람의 사진이 광주 5·18 묘역에서 철거되는 일이 벌어졌다. 신군부의 살인진압에 분노한 참배객들이 3년 전 피의자 신분으로 법정에 선 두 사람의 사진을 찢어 훼손했다.
 ‘문민정부’ 탄생 과정에서도 얼굴사진은 권력 쟁투의 최전선에 있었다. 총선과 대선이 한꺼번에 치러진 1992년 민주자유당 국회의원 후보들은 선거 홍보물에 자신의 사진보다 김영삼의 사진을 더 크게 실었다. 총선을 이용한 ‘김영삼 대통령 만들기’ 전략이었다. ‘(김영삼) 총재 존영 엽서’도 제작됐다. 대통령선거법(출판물·책자는 70쪽 이내의 정견집 1종만 허용)을 위반한 이 인쇄물은 일반 유권자들에게까지 배포됐다.
 1994년부터 대통령 얼굴사진도 부드러워졌다. 공보처는 전국 각급기관에 걸린 근엄한 표정의 김영삼 사진을 앉아서 웃거나(가로 사진) 서서 책 읽는 모습(세로 사진)으로 교체했다. 공무원들 사이에선 “사진 바꾼다고 성수대교 붕괴(1994년 10월21일)로 떨어진 지지도가 만회될지 의문”이란 말이 돌았다. 이듬해 7월 민주당 출신 서울시 민선 구청장들은 “지방자치시대에 걸맞지 않다”며 여당 대통령 얼굴사진의 집무실 비치를 거부하기도 했다. 군사정권 때와는 다른 장면들이 대통령 얼굴사진을 두고 목격되기 시작했다.
 본격적 ‘탈권위’는 김대중 정권에서 시도됐다. 김대중은 ‘각하’란 호칭을 쓰지 못하게 했고 관공서의 대통령 사진도 걷어냈다. 퇴출된 존영의 복귀를 요구한 것은 군 장성들이었다. 대통령 취임 직후 국방부는 “존영을 각급 부대에 게시하는 것은 군의 사기 진작과 군 최고통수권자에 대한 절대충성 및 강력한 지휘체계를 상징한다”며 수차례 허락을 구했다. 3개월간 답을 주지 않던 김대중은 재게시를 승인하되 조건을 달았다. 장성급 지휘부대로 제한해 총 464개의 사진만 허용했다. 김영삼 정부 땐 232부대에 모두 1533개의 사진이 걸렸다.
 
 권위주의와 비례하고 민주주의와 반비례
 권위주의가 승한 시대에 최고 권력자와의 거리는 하위 권력의 크기를 재는 척도가 된다. 박근혜 정권에서 되살아난 ‘존영 투쟁’은 그 사실을 상징적으로 보여준다. 논란은 여야 설전으로까지 번졌다. 문재인 전 더불어민주당 대표는 “지금이 무슨 여왕의 시대냐”고 꼬집었다. 새누리당은 “더민주도 김대중·노무현 전 대통령의 사진을 존영이라고 언급했다”며 맞받았다.
 노무현 정부 때도 ‘존영’이란 용어가 사용되긴 했다. 국가기록원에서 ‘존영’을 검색하면 대한민국 정부 수립 이후부터 2010년까지 326건의 정부 공식 자료(문서·사진·필름 등)가 확인된다. 1941~1950년 3건→1951~1960년 17건→1961~1970년 64건→1971~1980년 155건→1981~1990년 48건→1991~2000년 36건→2001~2010년 3건의 추이를 보인다. 정권별로 재분류해도 ‘현상’은 선명하다. 이승만 18건→윤보선 2건→박정희 173건→전두환 82건→노태우 21건→김영삼 20건→김대중 7건→노무현 3건이다. 단어 ‘존영’이 포함된 정부 자료는 박정희·전두환 때 최대 생산량을 기록했다. 김대중·노무현을 거치면서 존영이란 용어는 거의 사라졌다. ‘존영’의 사용 빈도는 권위주의와 비례하고 민주주의와 반비례했다.
 존영이라 일컫는 대통령 얼굴사진은 대개 증명사진 형태를 띤다. 대통령 전속 사진가가 찍는 경우는 많지 않다. 보통 당선인 시절에 찍는다. 당선되자마자 수많은 ‘공짜 촬영’ 제안이 들어온다.
 “웬만한 유명 사진가나 스튜디오들은 모두 ‘오퍼’를 넣는다고 보면 된다. 사실상 로비인 경우가 많다. 자기 작업실에 대통령 사진 하나 걸어놓는 것만큼 큰 홍보가 어디 있겠나.”
 과거 청와대에서 대통령 전속으로 일했던 한 사진가는 전했다. 당선자가 특정인을 지명하지 않는 한 일반적으로 비서진이 사진가를 고른다. ‘그동안 도움 받은 데 대한 답례’로 촬영 기회를 주는 경우도 있다. 취임 전 얼굴사진을 찍은 대통령들은 임기 후반에 한 차례 더 촬영하기도 한다. 노무현 전 대통령은 당선인 시절의 사진을 끝까지 사용했고, 이명박 전 대통령은 임기 말에 새로 찍었다.   
 대통령 사진은 ‘대통령 전속’이 소속된 청와대 춘추관에서 관리하지만, 민간 사진가들이 찍은 얼굴사진은 국가가 생산한 공식자료가 아니다. 개인이 찍은 대통령 개인의 소유다. 반드시 찍어야 한다는 원칙도 없고, 어떻게 찍어야 한다는 규정도 없으며, 어떻게 관리돼야 한다는 매뉴얼도 없다. 새누리당이 탈당 의원들에게 액자와 프린트 비용을 돌려달라고 할 순 있어도 대통령 사진의 소유권을 주장할 순 없다.
 ‘존영의 역사’는 한국 현대사의 압축판이다. 얼굴에도 계급이 있다고 믿는 대통령들의 시대는 평생 존영의 피사체로 살아본 적 없는 국민들에겐 수난의 시기였다. 누군가의 사진에 권력과 권위를 부여하는 정치 행위가 계속되는 한 존영도 시대착오적 이름을 연명할 것이다. ‘박근혜 존영 논란’을 지켜본 전직 대통령 전속 사진가는 말했다.
 “대통령의 얼굴사진에 기대 ‘진박’과 ‘멀박’(멀어진 친박)을 다투는 현실이 웃긴다. 사진은 사진일 뿐이다. 한낱 사진이 권력의 상징이 된 것은 사진의 주인공이 절대권력화되고 있기 때문이다.” 
  이문영 기자 moon0@hani.co.kr   


 		 		
	연재[토요판] 뉴스분석, 왜?
	
		존영, 권력 투쟁의 최전선“그는 처음부터 18호 수용소에서 살았다”별풍선이 욕망을 구원할 수 있을까‘이인수 구출령’이 입법예고 되었습니다“김종인은 구시대 사령관…거참 칭찬만 해야 하는데”	
 	"
다 모였군! 꼼짝 마라!,http://www.hani.co.kr/arti/politics/politics_general/738937.html,"
 		
	
		
							
					
					새누리당 서청원(왼쪽부터)·이인제·김태호 최고위원과 원유철 원내대표가 3월17일 오전 국회 원내대표실 부속실에서 간담회를 하고 있다. 김경호 선임기자 jijae@hani.co.kr
			

[토요판] 윤운식의 카메라 웁스구라
해가 질 무렵 가창오리 수십만 마리가 난다. 장관이다. 열심히 셔터를 누르는데 석양을 물들이던 태양이 자취를 감춘다. 붉게 물든 하늘을 배경으로 검은 점들의 군무가 펼쳐진다. 그림이 나쁜 건 아닌데 아쉽다. ‘저기 붉은 태양이 따~악 있었으면 정말 좋았는데’ 태양이 기다려 줄 리 없고 말 못하는 새는 자기들 맘대로 하늘을 난다. 둘 다 내 말을 듣는 존재도 아닌데 한 앵글에 들어오길 바라는 것부터가 무리일지 모른다. 이 정도도 괜찮다 싶으면 장비 걷고 돌아오고, 정 머릿속에 그린 그림이 나오길 바란다면 출장을 연장해야 한다.
 사진기자 생활을 하면서 한 앵글에 원하는 요소를 다 집어넣기란 힘들다. 눈동자보다 조금 큰 뷰파인더를 통해 들여다보면서 이것저것 찾아 한 앵글에 넣어야 하니 만만치 않은 일이다. 예전, 국회를 출입할 때였다. 당시 열린우리당과 민주당이 갈라설 때쯤이었을 거다. 타사 사진기자와 여의도의 한 음식점 식사 자리에 모인 민주당 구파(당시 우리끼리는 그렇게 불렀다)를 찍으러 간 적이 있었다. 비공개회의였는데 어찌 알음알음해서 찾아가 식당 문을 열고 보이는 사람에 대고 셔터를 눌렀다. 최대한 다 들어오게 해서. ‘아무개 있고, 아무개 있고…’ 이렇게 중얼거리면서. 그러다가 어깨를 부딪치면서 같이 사진을 찍던 타사 동료에게 셔터를 누르면서 물었다. “야, 아무개는 보이냐?” 타사 사진기자는 눈에서 카메라를 떼지 않고 말했다. “어, 저기 오른쪽 구석에.”
 쉽지 않지만 한 장의 사진을 찍었는데 뭔가 찍어야 할 사람들, 전부 다는 아니라도 최소한 엑기스(?) 있는 분들이 한 앵글에 다 들어왔다면 사진기자는 분명히 이렇게 말할지 모른다. “심봤다!”(오케바리, 오예~, 앗싸~ 등등 표현은 달라도 다 속뜻은 ‘아이고, 이렇게 고마울 수가’ 아니겠는가?)
 사진은 새누리당의 공천 파동이 한창일 때인 지난 3월17일의 사진이다. 김무성 대표가 새누리당 공천에 불만을 품고 최고위원회의 소집 자체를 하지 않자 나머지 친박계 최고위원들이 국회 원내대표실의 부속실에서 이야기를 나누다 소문을 듣고 밀려온 사진기자들에게 잡힌 것이다. 왼쪽의 서청원 최고위원은 카메라가 들이닥치자 서둘러 일어나고 있고 이인제 최고의원은 앉아서 들이닥친 기자들을 멍하니 보고 있다. 김태호 의원은 이 와중에도 어디론가 전화 중이고 원유철 원내대표는 머쓱한 표정이다. 무슨 얘기가 오고 갔는지 모르지만 이 사진 한 장이 당시의 새누리당 상황을 기가 막히게 설명해준다. 능력도, 유권자에 대한 인기도 필요 없고, ‘친박’으로도 성이 차지 않아 오직 ‘진박’이어야만 한다는 기준으로 공천의 칼날을 마구 휘둘러댔다. 집권당의 공천에 ‘배신과 보복’만이 난무했다. 원래 친박이었으나 오락가락하는 처신 탓에 미운털이 박힌 김무성 대표가 소집하지 않은 최고위원회의를 ‘그럼, 너 빼고 우리끼리’ 이러면서 모인 간담회다. 한 장의 사진에 이렇게 고위급 ‘친박’이 걸리기도 쉽지 않을 것 같다. 어? 그러고 보니 최고위원 중에 그분이 안 보인다? 원래 정체성이 무엇인지 감 잡을 수 없는 장군의 손녀, 삼둥이 할머니. 원래는 친박이었으나 탈박으로 돌아섰다는 소문도 들리던데 그래서 없었나 보다.
 그분에 대한 ‘충성’ 하나로 모든 것을 결정했던 여당을 심판할 날은 한 걸음 한 걸음 다가오고 있다. 정권 잡고 국회 다수당까지 하신 분들이 선거 때 느닷없이 야당을 심판해 달란다. 어느 나라 선거에서 야당을 심판하는지 모르겠지만 말이다. 그런데 이쪽은 갈라져 있네? 우리는 과연 심판할 수 있을까?
 윤운식 사진에디터 yws@hani.co.kr    
 

 

 		 		
	연재[토요판] 윤운식의 카메라 웁스구라
	
		다 모였군! 꼼짝 마라!인공지능, 넌 왜 말이 없는가개학운동장에서 확인하던 합격난의 난	
 	"
"정당 투표, 어느 당 찍으시렵니까?",http://www.hani.co.kr/arti/politics/politics_general/738921.html,"
 		
	
		
							
					
					무대 위에서 포즈를 취한 각 당의 비례후보자들. 왼쪽부터 김종대, 제윤경, 신보라, 이계삼, 채이배, 금민 후보. 사진 강재훈 선임기자 khan@hani.co.kr
			

[토요판] 커버스토리 / 정치BAR 피티쑈

각 당 비례후보자 통해 들어본
‘우리 당을 지지해야 하는 이유’
플라톤은 “착한 이들이 공적 사안에 무관심하면 악인의 지배를 받는다”고 했다. 선거 결과에 대한 책임은 그래서 출마한 정치인, 패배한 정당만의 몫이 아니다. 국적을 바꾸지 않는 한, 우리 모두는 다음 선거가 돌아오는 4~5년 내내 결과의 지배를 받는다. 기꺼이 투표한 이도, 기권한 이도 마찬가지다. 모두의 선택이고 모두의 책임이다. 예외가 없다. 이번 4·13 총선에서 유권자는 지역구에 출마한 국회의원 후보와 지지하는 정당에 각각 투표한다. 정당투표 3% 이상, 지역구 5석 이상을 획득한 정당에 47석의 비례대표 의석이 나눠진다. 어느 정당에 투표할지 정하셨는가. 아직 지지 정당을 확정하지 못했다면, 이들의 이야기를 들어보는 건 어떨까. 지난 5일 서울 마포구 양화로 ‘미디어카페 후’에서 열린 ‘피티(PT)쑈’에서 각 당의 비례대표 후보들이 모여 소속 정당의 매력을 이야기했다. 행사장의 분위기는 진지하고 뜨거웠다. 한국 사회의 현실과 지향해야 할 바가 이곳에서 다뤄졌다.

▶ “잔 다르크 식 열정을 봤다”, “카리스마가 느껴졌다”, “열정, 헌신, 감성이 묻어났다”, “호감도가 급상승했다”. 6명의 각 당 비례후보들의 피티쑈를 지켜본 청중들의 소감입니다. 피티쑈 현장은 선거운동 현장만큼이나 열기가 뜨거웠습니다. 선거가 끝나면 이들은 상당수가 국회의원이 돼 의정활동을 할 가능성이 높습니다. 예비 국회의원이라 할 이들에게 정치란, 정당이란, 바람직한 한국 사회란 어떤 모습일까요? 선거 뒤 우린 정치에서 희망을 볼 수 있을까요?

“발표자들은 배정받은 비례 순번상 의정활동 가능성이 매우 높습니다. 하지만 국회는 선수(당선 횟수)가 ‘깡패’죠. 비례대표에다 초선인 국회의원이 할 수 있는 일은 별로 없습니다. 의정활동의 각오, 의정현실을 헤쳐갈 복안을 듣고 싶습니다.”
 지난 5일 저녁 서울 마포구 양화로의 ‘미디어카페 후’. ‘발랄한 전복을 꿈꾸는 정치 놀이터’ 정치바(BAR)가 이날 연 ‘피티(PT)쑈’에 참석한 청중 30여명 중엔 20~30대 청년들이 많았다. 50대가량으로 보이는, ‘분당에서 온 이아무개’라고 자신을 소개한 질문자는 유독 눈에 띄었다. 질문 도중 ‘경험에 비춰보면’이라 말한 것으로 보아 당직자 등의 신분으로 국회에서 활동했던 듯했다. “이곳에 참석한 사람들이 감시자가 돼 여러분의 4년 의정활동을 지켜보겠습니다.” 말미에 그가 힘을 실었다. 무대 위 나란히 앉은 발표자들이 고개를 주억거리고 자리를 고쳐 앉았다.
 발표자들 중 당선 안정권인 이는 “‘실무자 국회의원’이 되겠다”거나 “사람들이 불행해지는 걸 막겠다”, “반드시 관련 법을 제정하겠다”고 각오를 밝혔다. 원외정당의 후보들은 ‘국회 입성’을 전제로 “정당정치와 원내정치의 문화와 관행을 완전히 바꾸겠다”거나 “임기 내내 기본소득 같은 이슈를 공론화하겠다”고 했다. 성서 잠언의 저자는 “죽고 사는 것이 혀의 힘에 달렸다”고 적었다. 오늘날 이 문장 그대로의 상황은 선거에서 구현된다. 혀의 힘으로 후보들은 죽기도, 살기도 한다. 혀의 힘은 확신에서 나온다. 막스 베버는 에서 직업정치가 곧 ‘소명의 정치’라 했다. 베버는 “자신이 제공하려는 것에 비해 세상이 너무 어리석고 비열해 보여도 이에 좌절하지 않을 확신이 있는 사람, 어떤 일에 직면해도 ‘그럼에도 불구하고(dennoch)!’라 말할 수 있는 사람만이 정치에의 소명을 지닌다”고 했다. 정당정치를 본령으로 하는 오늘날의 민주정치체제에서 혀의 힘은 비슷한 확신을 지닌 이들의 정치결사체 ‘정당’의 힘에 다름 아니다. 이들의 정치적 생과 사를 가르는 날이 곧 다가온다. 우리 주변에선 대체 어떤 이가 “그럼에도 불구하고!”라 외칠 수 있을까. 이들의 정당 중 어디가 “그럼에도 불구하고”라고 외칠 만한, 소명의 정치를 실현할 정당일까. 
 
 

 ■ [관련기사]
▶[풀영상] ‘당신의 한 표, 저에게 주세요’ 피티쑈▶새누리당 신보라 비례대표 후보 피티▶국민의당 채이배 비례대표 후보 피티 ▶더불어민주당 제윤경 비례대표 후보 피티 ▶노동당 금민 정책위 의장 피티▶녹색당 이계삼 비례대표 후보 피티▶정의당 김종대 비례대표 후보 피티

 “우리 당을 지지해주세요”
 정치바는 가 만드는 정치 콘텐츠 전문 디지털 매체다. 피티쑈는 정치바가 시민·독자와의 접점을 마련하고자 기획한 행사다. 지난해 12월부터 다달이 시민의 정치 참여, 청년정치, 여성정치 등의 주제를 놓고 연사들과 독자들이 소통하는 기회를 마련했다. 4·13 총선을 앞두고 지난 5일에 열린 다섯번째 피티쑈의 주제는 ‘우리 당을 지지해야 하는 이유’였다. 정당 지지를 호소해야 하는 자리인 만큼 각 당의 매력을 효과적으로 발산할 당선 유력권에 있는 비례대표를 연사로 초청했다. 의미있는 캠페인을 벌이고 있으면서도 기존 언론보도에서 소외된 원외정당도 초청했다. 피티쑈의 발표자에겐 10분씩의 시간이 공평하게 주어졌다. 발표 자료를 먼저 보내온 이부터 발표 순서를 고르게 했다. 발표자들은 자신의 이력과 강점에 기대 각 당의 주요 정책을 풀어놨다. 청년 후보는 청년정책을, 경제단체에서 오래 시민운동을 해온 이는 한국의 경제 현실에 대한 진단과 처방을 내놨다. 우리 사회의 근본적 변화, 근원적 전환을 호소한 이도 있었다.

	
		
							
					
					지난 5일 저녁 서울 마포구 양화로 ‘미디어카페 후’ 안에 있는 피티쑈 행사장 무대에 각 당의 발표자들이 나란히 앉아 청중과 이야기를 나누고 있다. 왼쪽부터 신보라, 제윤경, 금민, 이계삼, 김종대, 채이배 후보. 강재훈 선임기자 khan@hani.co.kr
			


 
	
		
							
					
			

새누리당의 청년 할당 비례후보(7번)인 신보라(33) 전 청년이여는미래 대표가 먼저 마이크를 잡았다. 새누리당의 청년정책이 가장 신뢰할 만하다는 것이 그의 주장이었다. “새누리당은 당선 확정권에 청년들을 배치했습니다. 청년들이 도전할 수 있는 기회를 주고 있는 것입니다.” 서울 노원병 지역구에 출마한 이준석(31) 후보와 부산 사상의 손수조(31) 후보, 서울 관악갑의 원영섭(38) 후보가 근거였다. “국민의당, 더불어민주당은 어떤가요? 청년후보들이 본선에서 뛰고 있나요? 당선 확정권에 청년들을 배치하고 있나요? 청년들에게 열린 기회를 준다지만 실상은 청년들에게 인색한 모습입니다.” 신 후보는 서울시의 청년수당, 성남시의 청년배당 등 야당 소속 단체장들의 청년 지원 정책도 거론했다. “절박한 청년들에게 야당은 몇 달간 돈을 줄 테니 일자리는 너희가 알아서 찾으라고 합니다. 세금으로 생색은 다 내면서. 이게 과연 옳은 것일까 묻고 싶습니다.” 
 신 후보의 억양은 청중의 수나 행사장 규모에 견줘 다소 연설조였다. 박근혜 대통령의 연설 모습이 겹쳐 보이기도 했다. 그는 “3가지 방안을 통해 ‘청년의 독립’을 약속하겠다”며 “청년들의 주거 부담과 재정 부담을 덜고, 국가의 ‘일자리 중매’ 능력을 업그레이드하겠다”고 했다. “부처마다 운영되는 청년정책이 150여개에 달하지만 정책의 수혜자인 청년들의 체감도는 매우 낮습니다. 청년기본법을 제정해 청년지원서비스를 하나로 통합해 체감도를 확 끌어올리겠습니다. 정책 수립 때 청년들의 참여를 제도적으로 보장하겠습니다.”
 신 후보는 청년정책을 포함해 이번 총선에서 새누리당이 제시한 ‘5대 개혁과제’를 소개했다. 의회도 국민과 똑같이 법의 심판을 받도록 하고(‘갑을개혁’), 엄마들의 자립과 양육을 돕고(‘마더센터’), 노년의 삶이 불행하지 않도록 하고(‘4050 자유학기제’), 기업이 공정하고 자유롭게 일할 수 있는 환경을 만들겠다는 것(‘일자리 규제 개혁’)이다. “새누리당의 국회의원 후보들은 이 같은 약속을 지키기 위해 1년 안에 개혁법안을 발의하겠다는 공약서에 서명을 했습니다. 이런 새누리당이 어찌 허황되고 거짓된 공약을 이야기할 수 있겠습니까. 반드시 공정하고 열린 기회를 갖도록 노력하겠습니다.” 첫 10분이 끝났다.
‘혀의 힘’이 생과 사 가를 날 온다누가 “그럼에도 불구하고” 외칠까피티쑈에 6개 정당 후보자 참여청중 “4년 의정활동 지켜보겠다”후보자들은 자리를 고쳐 앉았다
새누리당 “청년에게 도전기회 줘”국민의당 “거꾸로 된 한국 경제”더민주 “죽은 채권 부활 금지”연설조, 차분한 설명, 호소력 ‘눈길’어느새 또 10분이 지나 있었다 
 “한국은 위기입니다”
 다음 순서는 국민의당의 비례후보(6번)인 채이배(41) 국민의당 공정경제위원장이었다. 회계사이자 경제개혁연구소 연구위원 출신답게 그는 ‘공정성장’을 강조했다. “한국의 경제 상황을 위기라고들 하는데 임금불평등, 즉 소득의 불평등이 가장 주요한 원인입니다. 또 이것의 원인은 기업불평등과 고용불평등에서부터 나온다고 생각합니다.” 차분한 목소리로 그는, 각종 통계수치를 들어 국민의당의 공정성장 정책을 설명하기 시작했다.
 그가 제시한 2013년 기준 아시아 국가들의 상위 10% 소득점유율(국제통화기금) 자료를 보면, 한국은 45%의 비중을 차지해 싱가포르(42%), 일본(41%), 뉴질랜드(32%)보다 높았다. 경제 성장과 실질임금 성장의 격차도 점점 벌어졌다. 2000년 이후 2014년까지 국내총생산은 73.8%가 상승했지만 전 산업 평균 실질임금은 같은 기간 38.6%밖에 늘지 않았다. 그는 “이는 소득의 대부분이 근로자에게 가지 않고 기업에 머물고 있는 것”이라 했다. “이로 인해 예전엔 가계에서 돈을 벌어 저축하면 기업이 은행에서 빌려 투자했는데, 지금은 거꾸로 기업이 은행에 저축하고 일반 국민들이 돈을 빌려 집을 사거나 생활비로 쓰는, 거꾸로 된 경제로 가고 있습니다.”
 각종 수치들은 한국의 경제 상황이 얼마나 엄혹한지 단적으로 드러냈다. 기업 간의 불평등 상황도 마찬가지였다. 2013년 전체 기업의 당기순이익 중 59.6%를 재벌 등 100대 대기업이 가져갔다. 반면 중소기업의 이익은 35.3%로, 이익이 대기업에 몰려 있었다. 그럼에도 고용은 중소기업이 전체의 71.5%를 책임졌다. 대기업은 4.1%에 불과했다. 이는 대기업과 중소기업 노동자 사이에 소득불평등으로 이어졌다. 둘 사이 임금 격차는 점점 벌어졌다. 1980년 중소기업의 임금은 대기업의 96.7% 수준으로 거의 비슷했던 반면, 지금(2014년)은 중소기업 임금이 대기업의 60%밖에 되지 않는다. 게다가 한국의 고용 기간은 불과 평균 5.5년(2013년, 경제협력개발기구)이다. 채 후보는 “5년 정도 회사를 다니면 다음 회사를 또 찾아야 하는 상황이다. 이건 고용유연성이 얼마나 높은지를 보여주는 것인데도 새누리당과 박근혜 정부는 ‘노동개혁을 통해 유연성을 더 높여야 한다’, ‘쉬운 해고가 가능해야 한다’고 얘기하고 있다. 잘못된 정책”이라고 말했다. 그는 “이런 불평등을 완화하려면 소득구조의 개선이 필요하며, 모두 공평하게 잘 사는 대한민국을 만들자는 게 국민의당의 기조”라고 강조했다.
 세번째 발표자는 더불어민주당의 비례후보(9번)인 제윤경(44) 주빌리은행 대표였다. 그는 오랜 기간 서민금융 문제를 해결하기 위한 활동에 몸담아왔다. 그는 “소멸한 채권이 다시 살아나지 않게 규제하고 금융회사의 채무조정 절차를 의무화하겠다”고 말했다.
 제 후보는 자신의 어린 시절 이야기로 발표를 시작했다. “어렸을 땐 저녁 7시만 되면 동네 공장 앞에서 엄마의 퇴근을 기다리며 서성댔습니다. 어슬렁대다 보면 친구들을 만났는데 매번 거짓말을 했습니다. 공장에 다니는 엄마가 부끄러웠기 때문입니다. 그땐 가난이 부끄러웠습니다. 하지만 지금의 가난은 더 나아갑니다.” 그는 채권추심원과 마주칠까 두려워 아이를 아침 일찍 등교시키고, 60만원의 빚을 갚지 못해 한밤중에 아이가 보는 앞에서 수갑이 채워진 채 유치장에 끌려간 한부모가정 여성의 사례를 소개했다. “채권은 죽지 않고 살아남아 반복적으로 추심됩니다. 갚아도 갚아도 끝이 없습니다. 야만적입니다.”

	
		
							
					
					6명의 발표자들이 무대에 프레젠테이션(PT) 화면을 띄워놓고 각자 자신의 이력과 강점에 기대 각 당의 주요 총선 공약을 설명하고 있다. 강재훈 선임기자
			

 
 “정치가 마음만 먹으면…”
 부실채권의 유통 과정을 설명하는 대목에서 제 후보의 말은 빠르고 짧게 끊어졌다. “카드사에서 100만원을 빌려 3개월을 연체하면 부실채권이 됩니다. 카드사나 은행은 신중한 대출, 책임있는 대출을 해야 하는데 그러지 않습니다. 카드사는 이를 회계장부에서 0원으로, 상각처리하고 손실처리합니다. 이어 대부업체에 헐값에 팔아치웁니다. 100만원의 빚을 진 김아무개의 채권은 3만~10만원에 팔립니다. 하지만 채권의 재산권은 고스란히 양도됩니다. 소득과 재산을 조사하고 유체동산 압류예고장을 보내 살림살이를 압류합니다. 추심원은 꼭 아무도 없는 시간에 찾아옵니다. 열쇠공을 불러 문을 따고 들어가 가난한 살림살이에 딱지를 붙입니다.”
 ‘가난의 야만적 그림자’를 걷어내겠다는 제 후보의 목소리는 호소력이 짙었다. 다만 주어진 시간을 온전히 채권추심 문제에만 할애하고 있었다. “2012년 대선 때 새누리당이 323만명의 신용유예자를 구제하겠다고 했지만 정부는 대신 추심사업을 해 은행에 돈벌이를 안겨줬습니다.  
정치가 마음만 먹으면 얼마든지 많은 사람을 구제할 수 있는데도 그러지 않았습니다. 국회에서 ‘죽은채권부활금지법’을 만들어 채권이 다시 살아나지 않도록 규제하겠습니다. 340만명의 채무자들에게 제기의 기회를 보장해 인권이 우선이고 사람이 우선인 나라를 만들겠습니다.” 어느새 또 10분이 지나 있었다.
 이날 피티쑈엔 원외정당인 노동당과 녹색당도 참여했다. 금민(54) 노동당 정책위원회 의장이 네번째 발표자였다. 발표자 중 유일하게 비례후보가 아닌 그는, 2007년 대선에서 사회당 후보로 출마한 경험이 있다. 그는 이번 선거엔 출마하지 않았다. 금 의장은 현재 한국이 처한 경제 현실의 전반을 살피면서 “모든 국민에게 기본소득을 지급하고 최저임금을 인상한 뒤 노동시간을 획기적으로 줄여야 한다”고 했다. 그는 “그렇게 되면 소득도 줄지 않고 일자리도 는다. 저성장 위기의 시대를 맞아 경제, 사회 체제를 전반적으로 바꿔야 한다”고 제안했다. 
 그가 말하는 한국의 현실은 암울하다. 불안정 노동인데다, 최악의 저임금·장시간 노동 국가인 한국에선 열심히 일해도 빚만 는다. 노동이 가져가는 몫을 의미하는 노동소득분배율은 경제협력개발기구 평균보다 10% 떨어지고 일본보다 15% 적다. 빚져야 겨우 집 얻고 생활비를 조달한다. 임금격차는 “참을 수 없는 한계에 도달해 있다”. 복지에 쓰는 공공지출은 경제협력개발기구 평균의 절반이다. 그런데 세금은 경제협력개발기구 평균보다 10% 모자라게 걷는다. 정부와 여당은 ‘수출하면 나아질 것’이라지만 전세계 경제가 어렵다. 내수를 살려야 하는데 소비마저 얼어붙었다. “그러니 사람들 사는 게 사람 사는 삶인가.”
 현실은 암울하지만 답은 선명했다. 그는 “프랑스가 과거 사회당 정부 시절 그랬듯, 노동시간을 획기적으로 줄이면 일자리가 생긴다”고 했다. “소득이 준다고 걱정하지만, 모든 국민에게 월 30만원의 기본소득을 지급하고, 최저임금을 시간당 1만원으로 인상하면 소득도 줄지 않고 노동시간도 단축됩니다. 집에 일찍 들어가게 되고 삶과 일과 가족이 균형을 찾는 겁니다. 모두에게, 청년들에게도 안정된 일자리가 생깁니다.” 금 의장은 이와 함께 “간접세 중심의 조세 체제를 고부담 누진 소득세 중심으로 바꾸고, 토건예산을 줄이고, 국방예산을 삭감하면 225조원이 생긴다”면서 그리되면 “국민 누구나 사람답게 살 수 있게 된다”고 강조했다.
 “여러분이 던지는 한 표는 경제침체 저성장 시대에 모두가 함께 살자는 외침입니다. 노동당이란 특정한 정당에 던지는 한 표가 아니라 여러분 스스로에게 던지는 한 표입니다. 경청해주셔서 감사합니다.” 금 의장이 마지막 말을 마치자마자 10분의 경과를 알리는 신호음이 울렸다. 사회자가 “알파고 수준의 시간 엄수”라 칭찬했다. 청중들이 웃었다.
노동당·녹색당 원외정당도 참여노동당 “노동시간 대폭 줄여야”녹색당 “1석의 의미는 다르다”정의당 “국민 월급 300만원 시대”“새누리당 면제” 농담에…
2부 청중과의 질의응답 시간엔의정활동 각오, 신산업 육성,미래세대 대책, 통일 물었다코앞으로 다가온 국회의원 선거유권자의 마음은 어디를 향할까 
 “민주주의, 껍데기만 남아”
 중학교 국어교사였던 탈핵운동가 이계삼(42)씨가 다섯번째 발표자로 무대에 올랐다. 그는 녹색당의 비례후보(2번)다. “학교를 그만두고 우리 교육의 근본적 전환을 위한 실천에 동참하기 위해 밀양송전탑 사건을 함께했다”는 그는 “기본소득을 도입하고 대안적 삶을 위한 정치로 국회를 채워가겠다”고 포부를 밝혔다.
 “2012년 교장 선생님에게 사직서를 낸 며칠 뒤 이치우 어르신께서 분신자결하는 사건이 있었습니다. 밀양송전탑 사건에 함께하게 됐고, 제 삶이 바뀌었습니다. 거리에서 움막에서, 경찰과 한전과 부대끼면서 안 해본 일이 없었습니다. 이런 질문 앞에 매일 마주쳤습니다. 정치는 어디에 있는가.” 
 철탑은 10년이 걸려 끝내 완공됐다. 그동안 밀양엔 하루 3천명의 공권력이 들어와 계엄군처럼 주둔했다. 두 사람이 스스로 목숨을 끊었고 383명의 주민이 입건됐다. 아직 한전이 주는 돈을 거부하고 싸우는 300여명의 이들이 남았다. “전기가 모자라서 송전탑을 짓는 게 아닙니다. 이 모든 게 결국 돈 문제, 대자본의 문제였습니다. 핵발전소의 건설과 유지 운영에 관계하는 몇 개의 대기업들이 힘없고 약한 사람에게 모든 고통을 떠넘긴 것입니다. (핵발전소의 폐기물을) 10만년이나 보관해야 하는 어마어마한 책임을 후손들에게 다 떠넘기는 것입니다. 이 모든 말도 안 되는 현실은 법이 정당성을 보증하고 있었습니다. 힘없고 약한 사람들이 겪어야 하는 고통과 모순, 비합리의 바탕은 모두 이런 얼개를 갖고 있다는 생각이 들었습니다. 대한민국의 민주주의는 껍데기만 남아 있습니다.” 차분했던 이 후보의 목소리는 점차 고조되고 있었다. 그는 “녹색당의 한 석은 한 명의 국회의원을 배출하는 게 아니라 9천명의 녹색당원이 모두 국회로 들어가는 것을 말한다. 전혀 다른 목소리와 새로운 논리, 새로운 의제로 허당이 된 한국 정치의 공간을 채워나가고자 한다”고 강조했다. 무대 위 화면엔 31년 만에 탈핵을 이뤄낸 독일 녹색당과, 10년 만에 기본소득을 국가의 정책으로 만든 핀란드 녹색당의 모습이 비쳤다.
 “녹색당의 한 석이 갖는 의미와 변화의 차이를 헤아려주십시오. 어둠을 저주하는 것은 아무 의미가 없습니다. 필요한 것은 한 자루의 촛불을 켜는 것입니다. 녹색당에 던지는 한 표는 전환의 씨앗이 되고 대안의 숲을 이뤄낼 것입니다. 녹색당이 한국의 광막한 어둠에서 한 자루의 촛불이 되겠습니다. 여러분들이 그 초의 불을 켜주십시오.” 발표가 끝났다. 청중의 박수소리가 가장 크게 들린 듯했다.
 
	
		
							
					
			

마지막 발표는 국방안보 전문가이자 정의당의 2순위 비례후보인 김종대(49) 후보가 맡았다. 김 후보는 먼저 “(앞서 발표된) 많은 공약도 지키지 않으면 허당이다. 새누리당은 공약을 자꾸 잊어버린다”며 “징병검사 때 인지능력 저하자는 병역이 면제된다. 새누리당의 국정수행 부담도 면제해야 한다”는 농담으로 발표를 시작했다. 듣는 이들이 씁쓸히 웃었다.
 그가 소개한 정의당의 핵심공약은 ‘국민월급 300만원 시대, 복지임금 100만원’이었다. 아무래도 청년 문제가 핵심이었다. “문제는 청년들이 미래로 나갈 수 있는 사다리가 끊겨 있다는 것이죠. 일자리와 학업 등이 문제라지만 실제로 알아보면 진짜 고민은 왜 사는지 모르겠다는 것입니다. 인생의 의미, 자기 정체성이 확인이 안 되고 있습니다. 희망의 사다리가 끊어진 사회의 전형입니다.”
 그는 “포괄적 접근이 필요하다”고 했다. “일부 정당에서 군 복무 기간 단축 공약을 냈지만 청년들의 현실과는 맞지 않는다”고 했다. 2년가량인 고졸 군입대자의 대기 기간과, 제대 뒤 취업에 걸리는 31개월을 포함해 청년의 생애주기를 놓고 접근한 정책을 내놓아야 한다는 것이다.
 
 “새누리당에서 안 지킨 공약 참고했다”
 “정의당에선 국민월급 300만원 시대를 강조합니다. 임금 정책, 대기업 초과이익, 남녀임금 격차 해소, 동일노동 동일임금 이런 것들이 종합적으로 됐을 때 2020년까지 구체적인 목표를 따져보니 월급 300만원 시대란 결론을 내렸습니다. 단, 월급만 인상하면 현실성이 없겠죠? 중소상인, 자영업자, 골목상권 서민경제 그 자체에 온기가 돌도록 정책을 병행하지 않으면 300만원 시대는 구호에 불과할 겁니다. 결국 소득격차 해소를 위한 노력이 있어야 합니다. 현재 상위 10%와 하위 10%의 소득격차 11.9배를 2025년까지 5배로 줄이겠다는 겁니다. 단순한 구호 아닙니다.”
 김 후보는 ‘복지임금 100만원’을 설명하면서 “고교 무상교육, 반값 등록금 같은 새누리당이 대선 때 공약했다가 지키지 않은 것들을 참고로 했다”고 또 농을 쳤다. 6명의 발표자 가운데 우스갯소리를 한 건 그러고 보니 김 후보뿐이었다. 
 “그동안 진보는 분열하고 내부 갈등이 있었습니다. 진보라고 이야기하기에도 부끄러운 일 많이 겪었습니다. 3년 전 정의당 지지율은 1%였습니다. 풍찬노숙 절치부심하며 어엿한 원내정당으로 성장했습니다. 여러분의 사랑이 조금 더 필요합니다.” 피티쑈의 1부가 끝났다.
 발표자들과의 질의응답이 진행된 2부에서 청중들은 의정활동의 각오 외에도 여러 가지를 궁금해했다. 기본소득 정책의 의의, 미래 먹거리인 신산업 육성을 위해 필요한 과제, 청소년이나 영유아 등 미래 세대를 위한 대책, 최저임금 인상 필요성, 통일 등에 대해 물었다. 분위기는 차분하고 진지했다.
 발표자들은 “공정성장의 혜택이 대기업에만 돌아가지 않게 해야 한다”(채이배), “현실로 다가온 4차 산업혁명을 대학 교육 과정에 담으려 노력 중이다”(신보라), “불로소득을 당연시하고 부러워하는 관행에 제동을 걸어야 한다”(제윤경), “시대정신의 전환을 위한 몫을 사회가 보장해줘야 한다”(이계삼)고 말했다. 금민 의장은 “4차 산업혁명 뒤 자동화된 기업은 인류 공동의 재산인 지식을 소유하게 되니 그들이 우리에게 기본소득을 지급해야 한다”고 했다. 김종대 후보는 “보수 정당들은 재벌과 성장 중심인 기존 경제구조와 체질을 개선하지 않고 시혜를 베풀 듯 공약을 남발한다”며 “위기상황에선 아무런 희망이나 비전을 주지 못한다”고 새누리당과 더민주를 함께 비판하기도 했다. 
 질의응답 중 김 후보는 새누리당에 대해 ‘인지장애’라고 한 것을 두고 청중으로부터 “소수자에 대한 차별적 발언”이란 지적을 받고 사과했다. 신 후보는 앞서 여러 발표자들이 새누리당의 공약 미이행에 대해 지적했지만 답변을 하지 않았다. 청중과의 대화는 1시간 남짓 진행됐다. 지난해 12월부터 한 달에 한 차례씩 열린 정치바의 피티쑈는 이날 행사를 끝으로 ‘시즌1’을 마무리했다. 향후 4년간 우리의 정치를 이끌어갈 국회의원을 뽑는 선거날은 코앞으로 다가왔다. 각자의 마음에 꿈꾸는 나라, 필요한 정치의 상이 자리잡았을까. 4천만 유권자의 마음은 어디로 향하고 있을까.
  박기용 기자 xeno@hani.co.kr 
피티쑈 한줄 관전평 청중 5명에게 들어본 “우린 이렇게 봤다”

	
		
							
					
			

         


 		
	이슈4.13 총선
	
		너도나도 군부대 이전 공약…‘군인들 어디서 나라 지키나’사전투표율 역대 최고 12.2%…전남 ‘최고’-부산 ‘최저’세번째 승부…‘텃밭’ 현역 박민식 vs 10년 도전 전재수낙동강벨트 유일한 ‘2여 1야’ 구도[사설] 박 대통령의 막무가내 ‘선거운동’	
 		
	연재[토요판] 커버스토리
	
		정당 투표, 어느 당 찍으시렵니까?“한국 휴대폰 부품은 전부 대한민국 거야?”개성공단 이전에 단둥의 역사 있었네얼어붙지 않은 무역도시, 곰인형을 품고 자는 사람들나쁘고 추한 사람은 없다, 나쁘고 추한 상황이 있을 뿐	
 	"
[포토] 출국 전 한표,http://www.hani.co.kr/arti/politics/politics_general/738920.html,"
 		
	
		
							
					
					국회의원 총선거에 처음 도입된 사전투표 첫날인 8일 오전 인천국제공항 출국장에 마련된 사전투표소에서 여행객들이 출국에 앞서 투표하고 있다. 이번 선거에서는 유권자들의 투표 편의를 위해 인천공항과 서울역, 용산역에도 사전투표소가 설치됐다. 사전투표는 9일까지 전국 3511개 투표소에서 오전 6시부터 오후 6시까지 이뤄진다.
인천공항/신소영 기자 viator@hani.co.kr
			


국회의원 총선거에 처음 도입된 사전투표 첫날인 8일 오전 인천국제공항 출국장에 마련된 사전투표소에서 여행객들이 출국에 앞서 투표하고 있다. 이번 선거에서는 유권자들의 투표 편의를 위해 인천공항과 서울역, 용산역에도 사전투표소가 설치됐다. 사전투표는 9일까지 전국 3511개 투표소에서 오전 6시부터 오후 6시까지 이뤄진다.
인천공항/신소영 기자 viator@hani.co.kr  
 

 

 		
	이슈4.13 총선
	
		너도나도 군부대 이전 공약…‘군인들 어디서 나라 지키나’사전투표율 역대 최고 12.2%…전남 ‘최고’-부산 ‘최저’세번째 승부…‘텃밭’ 현역 박민식 vs 10년 도전 전재수낙동강벨트 유일한 ‘2여 1야’ 구도[사설] 박 대통령의 막무가내 ‘선거운동’	
 		 	"
은평을·동작을 더민주-정의당 ‘작은 단일화’ ,http://www.hani.co.kr/arti/politics/politics_general/738918.html,"
 		강병원·허동준 후보로 결정
‘1여다야’ 구도로 치러지는 4·13 총선 선거운동이 막바지로 치닫고 있는 가운데 서울 지역 일부 선거구에서 더불어민주당과 정의당 후보의 단일화가 이뤄졌다.
 은평을 강병원 더민주 후보는 8일 보도자료를 내어 “오늘 강 후보와 김제남 정의당 후보가 합의한 안심번호를 통한 여론조사 단일화 방식으로, 강 후보가 은평을의 단일 후보로 확정됐다”고 발표했다. 강 후보는 “김제남 후보가 야권의 승리라는 대의를 위해 큰 지혜와 통 큰 결단을 내렸다. 김 후보와 지지자 여러분에게 정말 고맙다”고 밝혔다.
 은평을에서는 새누리당 공천에서 배제된 뒤 무소속으로 출마한 이재오 후보와 국민의당의 고연호 후보, 민주당 이강무 후보, 민중연합당 유지훈 후보, 무소속 최병호 후보 등이 뛰고 있다. 더민주와 정의당의 단일화로 야권은 ‘거물급’ 정치인인 이재오 후보를 견제할 교두보를 확보했다. 하지만 상당한 지지율을 얻고 있는 국민의당 고연호 후보는 단일화 대상에서 빠졌다.
 전날 동작을 선거구에서는 허동준 더민주 후보와 김종철 정의당 후보가 경선을 통해 허 후보로 단일화했다.
 송경화 기자 freehwa@hani.co.kr 
 

 

 		
	이슈4.13 총선
	
		너도나도 군부대 이전 공약…‘군인들 어디서 나라 지키나’사전투표율 역대 최고 12.2%…전남 ‘최고’-부산 ‘최저’세번째 승부…‘텃밭’ 현역 박민식 vs 10년 도전 전재수낙동강벨트 유일한 ‘2여 1야’ 구도[사설] 박 대통령의 막무가내 ‘선거운동’	
 		 	"
여야 3당 대표 ‘혼전’ 수도권 총력전,http://www.hani.co.kr/arti/politics/politics_general/738917.html,"
 		김무성, 안양 등 돌며 야권연대 비판
김종인, 목 치료해가며 은평 등 유세
안철수, 충청권 찍고 수도권 강행군
총선 사전투표 첫날이자 공식 선거운동 마지막 주말을 맞은 8일 여야 3당 지도부는 최대 승부처인 수도권을 다시 찾아 막판 지지를 호소했다.
 김무성 새누리당 대표는 하루 종일 경기도 접전지 11곳을 돌았다. 야당 후보가 강세인 지역에서 “집권여당 후보가 당선돼야 예산을 많이 끌어올 수 있다”며 예산 공약을 내세웠다. 또 해당 지역 후보를 당선시켜주면 국회의장(심재철 후보), 사무총장(차명진 후보) 등 직책을 맡게 해주겠다는 감투 공약도 이어갔다.
 ‘야권연대’ 지역에선 야권연대를 뒷거래로 규정하며 파급효과 차단에 나섰다. 김 대표는 심재철 후보(안양 동안을) 지원유세에서 “이 지역에서 야당 후보자들이 야권연대를 한다는데 이건 참 못난 짓”이라고 말했다. 국민의당 박광진 후보가 지난달 말 출마를 포기하고 더불어민주당 이정국 후보의 공동선거대책위원장을 맡은 것을 겨냥한 것이다. 김 대표는 또 “어제도 인천 남동을에서 야권의 두 후보가 연대를 하면서 구의원을 서로 주고받기로 했다는 보도가 나왔다”며 “뒷거래를 하려면 왜 출마를 하느냐. 대한민국 국회의원이 장난이냐”고 비판했다. 김 대표는 경기 김포시 합동유세에서 김두관 더불어민주당 후보(김포갑)를 ‘김두한’이라고 부르는 말실수를 하기도 했다.
 김종인 더불어민주당 비상대책위원회 대표는 하루 종일 서울과 인천, 경기 지역을 돌며 호남에서 발원한 이른바 ‘녹색 바람’(국민의당 상승세)이 수도권으로 향하는 것을 차단하는 데 주력했다. 인천 서을 신동근 후보 지원유세에서 김 대표는 “이번 선거는 더민주가 새누리당을 제치고 많은 의석을 차지해 현 상황을 치유할 수 있는지를 결정하는 선거”라고 말했다.
 앞서 이날 오전 서울 은평갑 박주민 후보 선거사무실에서 중앙선대위를 연 김 대표는 현 집권당의 ‘경제 실정 심판’을 강조했다. 새누리당의 양적완화 정책을 겨냥해 “기업들에 돈이 부족해서 경제가 침체된 상황이 아니다. 경제민주화를 통해 경제정책의 틀을 바꾸는 것이 해법”이라고 목소리를 높였다. 그는 부평 유세 중간에 이비인후과를 찾아 후두염 진단을 받은 목을 치료하기도 했다.
 안철수 국민의당 상임공동대표는 ‘녹색 바람’을 거대 양당의 장벽을 넘어 수도권으로 북상시키는 데 안간힘을 썼다. 오전 서울역에서 사전투표 독려를 시작으로 충청권 대전·천안을 찍고 다시 수도권 일대를 도는 유세 강행군을 이어갔다. 안 대표는 이날 오후 천안 신부동 지원유세에서 이번 총선이 기성 양당구조를 깨는 선거라고 강조하며 “3번에 표를 달라”고 호소했다. 그는 앞서 대전행 케이티엑스(KTX)에서 목캔디를 먹은 뒤 취재진에 “아침부터 목이 잠기기는 처음”이라며 계속되는 유세전에 따른 목의 피로를 언급하기도 했다.
이경미 권오성 기자 kmlee@hani.co.kr  
 

 

 		
	이슈4.13 총선
	
		너도나도 군부대 이전 공약…‘군인들 어디서 나라 지키나’사전투표율 역대 최고 12.2%…전남 ‘최고’-부산 ‘최저’세번째 승부…‘텃밭’ 현역 박민식 vs 10년 도전 전재수낙동강벨트 유일한 ‘2여 1야’ 구도[사설] 박 대통령의 막무가내 ‘선거운동’	
 		 	"
"박 대통령, 격전지만 콕 찍어 ‘노골적 총선행차’",http://www.hani.co.kr/arti/politics/bluehouse/738916.html,"
 		
	
		
							
					
					박근혜 대통령이 8일 오후 전주 완산구 전북창조경제혁신센터를 방문해 부스를 돌아보고 있다.
전주/청와대사진기자단
			

‘충청권 승부처’ 청주 방문뒤
진박 정운천 출마한 전주로
“20대 국회 변모되길 바란다”
사실상 ‘야당 심판론’ 거론해
한달여 강원·제주외 전국 순회
야 “부당한 선거개입…중단을”
4·13 총선을 닷새 앞둔 8일, 박근혜 대통령이 격전지인 청주와 전주의 창조경제혁신센터를 잇따라 방문했다. 야당이 내세우고 있는 박근혜 정부 ‘경제 실패론’에 대한 반박이자, 여야가 초박빙 접전을 벌이고 있는 지역을 찾아 측면지원에 나선 것으로 보인다. 특히 박 대통령은 이날 “20대 국회는 확 변모되는 국회가 되기를 기원한다”고 밝히는 등 사실상 ‘야당 심판론’을 재점화하면서 선거 개입 논란을 증폭시켰다.

	
		
							
					
					박근혜 대통령 최근 지역 방문 주요 일정
			

 박 대통령은 이날 오전 충북 청주에 있는 충북창조경제혁신센터를 방문해 성과를 점검하고 기업들과 간담회를 열었다. 박 대통령은 크라우드펀딩(다수의 개인에게서 자금을 모으는 행위)에 성공한 기업들과 만난 자리에서 “(크라우드펀딩) 법안이 (국회와) 싸움싸움 끝에 작년에 간신히 통과가 돼서 6월부터 시작이 됐다”며 “앞으로는 창업에 도움이 되는 법안들은 지체 없이 빨리빨리 통과시켜주는, 그래서 경제활성화에 도움을 많이 주는, 이번에 선거가 진행이 되고 있는 20대 국회는 그렇게 확 변모되는 국회가 되길 여러분과 같이 기원하겠다”고 밝혔다. 박 대통령이 창조경제혁신센터를 방문해 정치 관련 발언을 한 것은 이번이 처음이다.
 충북센터가 자리한 청주시 청원구는 오성균 새누리당 후보와 변재일 더불어민주당 후보가 오차범위 안에서 접전을 벌이는 지역이다. 청원뿐 아니라 상당·서원·흥덕구 등 청주 지역 4개 선거구에서 모두 여야가 초박빙으로 맞붙고 있다. 특히 이번 총선은 2012년 새누리당이 선진통일당과 통합하면서, 충청 기반의 정당 없이 치러지는 선거다. 충청권 표심이 이번 선거의 성패를 좌우한다는 판단 아래 박 대통령이 직접 공략에 나선 것으로 보인다. 충북은 박 대통령의 외가가 있는 곳이기도 하다.
 박 대통령은 이어 케이티엑스(KTX)를 타고 전북 전주로 이동해 전북창조경제혁신센터를 찾았다. 박 대통령은 30분간 머물며 기업 대표들과 만나 “개인이 돈을 버는 것도 중요하지만, 지역과 나라도 잘되게 노력해 달라”며 ‘애국심’을 강조했다. 전주에서는 ‘진박’ 정운천 후보가 야권 분열에 힘입어 전북 내 ‘여당 의원’을 노리고 있다. 박 대통령은 전주 방문을 위해 점심식사도 열차 안에서 해결하는 ‘강행군’을 자처했다.
 청와대는 청주·전주센터 방문에 대해 “경제 활성화와 일자리 창출 성과 점검의 일환으로 이루어지는 것”이라고 설명했다. 하지만 박 대통령은 지난 2월25일 취임 3주년을 맞아 대전창조경제혁신센터를 방문한 데 이어, 대구와 경북 안동(3월10일)-부산(3월16일)-충남 아산(3월18일)-경기 성남(3월22일)-경기 의정부(3월25일) 등 최근 한달 남짓 강원·제주를 제외한 전국 순회를 이어왔다. 공정한 선거관리와 선거중립의 의무를 지고 있는 대통령이 노골적인 선거개입에 나서고 있다는 비판이 나온다. 더민주는 논평을 내어 “박근혜 대통령은 선거개입 논란을 불러일으키는 지방 순회 행사를 중단할 것을 강력히 요구한다”고 밝혔고, 국민의당 이상돈 선거대책위원장도 논평을 통해 “여당 후보가 경합을 벌이는 지역을 방문하는 것은 부당한 선거개입으로 의심을 살 수밖에 없다”고 비판했다.  
최혜정 기자 idun@hani.co.kr  
 

 

 		
	이슈4.13 총선
	
		너도나도 군부대 이전 공약…‘군인들 어디서 나라 지키나’사전투표율 역대 최고 12.2%…전남 ‘최고’-부산 ‘최저’세번째 승부…‘텃밭’ 현역 박민식 vs 10년 도전 전재수낙동강벨트 유일한 ‘2여 1야’ 구도[사설] 박 대통령의 막무가내 ‘선거운동’	
 		 	"
국민의당 지지율 급상승…호남서 충청·수도권 번지나,http://www.hani.co.kr/arti/politics/assembly/738914.html,"
 		
	
		
							
					
					안철수 국민의당 공동대표가 8일 오전 서울역에서 지원유세차 고속철도를 타고 대전으로 출발하기에 앞서 아이패드로 뉴스를 검색하고 있다. 
 김봉규 선임기자 bong9@hani.co.kr
			

창당이래 14% ‘최고’…이탈층 재결집
경합 많은 수도권 당락 바꿀수도

비례 뽑는 정당투표 지지율도 올라
비례 10석 등 최대 30석 가시권
8일 발표된 한국갤럽의 4월1주차 정례 조사에서 국민의당 정당지지도는 창당 이래 가장 높은 14%를 기록했다. 비례대표를 뽑는 정당투표 지지율도 17%까지 올랐다. 이 추세면 국민의당은 10석의 비례대표 의석을 확보할 수 있다. 안철수 공동대표가 서울 지역구(노원병)에서 우세를 지키고, 28석이 걸린 호남 지역구에서 선전이 이어지면, 지역구와 비례대표를 더한 국민의당 의석수는 최대 30석까지 바라볼 수 있다는 전망도 나온다. 호남권에 묶여있던 ‘녹색 바람’이 공식 선거운동 시작 뒤 충청·수도권까지 세력을 확대하는 모습도 확인됐다.
 ■ 국민의당 ‘비례 10석’ 가시권 

	
		
							
					
			

이번 조사에서 눈에 띄는 대목은 국민의당의 경우 ‘정당 지지도’보다 ‘정당투표 지지율’이 높다는 점이다. 다른 정당 지지층 일부가 비례대표를 뽑는 정당투표에서는 국민의당을 지지하는 ‘교차투표’ 성향을 보인다는 뜻이다. 한국갤럽 자료를 보면, 새누리당 지지층의 6%, 더민주 지지층의 5%가 정당투표에서는 국민의당을 찍겠다는 의사를 밝혔다. 정의당 지지층도 15%가 정당투표에서는 국민의당으로 옮겨가는 모습을 보였다. 한국갤럽의 정당투표 지지율에 근거해 비례대표 예상 의석을 산출하면 새누리당 21석, 더민주 11석, 국민의당이 10석, 정의당은 5석을 얻는 것으로 나온다. 국민의당으로선 애초 예상했던 비례대표 의석(6~7석)보다 3~4석을 더 얻게 되는 셈이다. 국민의당 관계자는 “안심하긴 이르다. 최근의 지지율 상승은 더민주의 공천 논란에 따른 반사이익으로 본다”고 말했다. 투표일까지 상승세를 이어가기엔 거대 양당에 견줘 국민의당 조직력이 취약하다는 것이다.
 ■ 수도권 지역구 판세에도 영향 
국민의당 상승세가 전체 지역구 판세에 얼마나 영향을 미칠 것인지도 주목할 부분이다. 현재로선 국민의당의 상승세가 지역구에서 국민의당 후보를 자력으로 당선시킬 수준에는 이르지 못한 것으로 보인다. 하지만 경합지역이 많은 수도권에서는 당락을 바꿀 정도의 영향은 있다는 게 정치권의 중론이다. 이 점은 한국갤럽의 ‘지역구 선거 지지정당’ 조사 결과에서도 확인된다. ‘지역구 선거에서 국민의당 후보에게 투표하겠다’는 응답은 서울이 12%, 인천·경기는 11%였다. 1주 전에 견줘 서울은 4%포인트, 인천·경기는 3%포인트 오른 수치다. 최근 여론조사에서 3%포인트 안에서 1·2위 후보가 접전을 벌이는 초경합 지역이 수도권에만 19곳에 이르는 점을 감안하면 국민의당의 상승세는 수도권 접전지역의 더민주 후보들에게 악재로 작용할 가능성이 높다.
 ■ 국민의당 왜 뜰까? 
국민의당의 상승세는 ‘녹색 바람’의 진원지인 호남 지지율 급등에 힘입은 바가 크다. 호남 지지율 상승이 수도권의 호남 출향민들에게 영향을 미치고, 여기에 중도 성향의 ‘제3정당’ 선호층까지 가세하면서 수도권 지지율 상승세로 이어지고 있는 것이다. 호남권 지지율은 2주 전(22%)에 견줘 15%포인트가 급등했는데, 같은 기간 서울은 7%포인트(10%→17%), 인천·경기는 6%포인트(8%→14%) 지지율이 상승했다. 더민주가 비례대표 공천 논란과 ‘김종인 사퇴 파동’을 겪으며 지지율이 정체된 사이, 2월초 창당을 전후한 시기에 국민의당을 지지했다가 이탈했던 지지층이 투표일이 다가오면서 재결집하는 양상이 뚜렷해진 것이다. 실제 국민의당 지지율은 창당 직전인 1월 3주차에 13%로 가장 높은 지지율을 보였다가 12%(1월4주~2월1주)→10%(2월3주)→9%(3월1주)→8%(3월2주~4주)로 지속 하락한 뒤 3월5주에 12%로 급반등했다. 국민의당의 상승세가 시작된 시점은 더민주가 공천 파동과 내분으로 흔들리고, 국민의당은 야권연대 문제를 둘러싼 내분을 봉합하고 전열을 정비해간 시기와 일치한다.
 이세영 기자 monad@hani.co.kr    
 

 

 		
	이슈4.13 총선
	
		너도나도 군부대 이전 공약…‘군인들 어디서 나라 지키나’사전투표율 역대 최고 12.2%…전남 ‘최고’-부산 ‘최저’세번째 승부…‘텃밭’ 현역 박민식 vs 10년 도전 전재수낙동강벨트 유일한 ‘2여 1야’ 구도[사설] 박 대통령의 막무가내 ‘선거운동’	
 		 	"
부동층·젊은세대가 역시나 ‘막판 변수’,http://www.hani.co.kr/arti/politics/politics_general/738913.html,"
 		선거운동 막바지

부동층 유권자 비율 21%나
19대때와 투표의향 역방향성
20대 8%p↑ 50~60대 8~9%p↓
박근혜·문재인 발언도 변수로
예측할 수 없는 유권자의 선택은 개표가 끝난 뒤에야 모습을 드러내며 정치의 역동성을 가져오거나 기존 정치구도를 연장시키기도 한다. 
 투표일을 닷새 앞둔 8일 현재까지 4·13 총선 결과도 정확한 가늠이 어렵다. 아직 지지 후보와 지지 정당을 정하지 못한 부동층이 21%에 이르고, 과거보다 적극적인 투표 참여 의사를 밝힌 젊은층의 실제 투표참여 여부나 선거 직전 유력 정치인의 행보에 따라 선거 결과가 요동치기 때문이다.   
 ■ 부동층 
 총선 1주일 전 진행한 한국갤럽 여론조사(4~6일)에서 현재 지지하는 정당, 총선에서 투표할 지역구 후보의 정당 및 비례대표 정당을 묻는 질문에 ‘없음’ 또는 ‘의견 유보’ 답변을 한 비율은 23~19%다. 2주일 전에 견줘 모두 4%포인트씩 줄었다. 선거에 임박해 마음을 정한 유권자들이 조금씩 늘고 있는 것인데, 여전히 부동층(浮動層)으로 묶을 수 있는 유권자 비율은 21%나 된다. 
 이미 표를 줄 후보·정당을 정한 유권자들의 마음도 바뀔 가능성이 남아 있다. 
 한국갤럽이 역대 총선 직후 벌인 조사를 보면, 투표자의 절반 가까이가 ‘선거일로부터 1주일 이내에 투표 후보를 결정했다’고 답했다. 2012년 19대 총선에서는 43%, 18대 총선에서는 53%나 됐다. 한국갤럽 장덕현 부장은 8일 “정치 성향과 지역에 따라 차이는 있겠지만 이번 조사에서 지지 정당을 정했다고 답한 이들 가운데서도 또 다시 마음을 바꿀 수 있다”고 했다.    
 ■ 세대별 투표율  
핵심 지지층도 고개를 저을 정도로 공천 싸움을 벌인 새누리당은 50대와 60대 이상 유권자들의 투표율이 떨어질 것을 우려한다. 실제 4년 전 19대 총선과 비교하면 세대별 투표 의향의 ‘역방향성’이 나타난다. 이번 총선에 꼭 투표하겠다는 응답은 20대에서 71%로 나타났다. 4년 전에는 63%였다. 반면 50대는 4년 전에 견줘 87%→75%, 60대 이상은 89%→80%로 떨어졌다. 그러나 여론조사 전문가들은 “투표의향과 투표행동에는 차이가 있기 때문에 드러난 수치를 보수적으로 봐야한다”고 지적한다. 젊은 세대의 경우 ‘사회적으로 바람직한’ 답변만 하고 실제 투표율은 떨어지는 반면, 고연령층은 투표 의향이 있는 사람은 대부분 투표를 하고, 투표하지 않겠다던 사람들도 선거 당일에는 투표장에 나가는 경향이 있다는 것이다. 
 

  ■ 이번에도 외마디 정치?  
부동층에게는 표심을 굳힐 ‘약간의 계기’가 필요하다. 총선개입이라는 비판에 아랑곳 않고 선거 격전지만 골라 지방 투어를 강행하는 박근혜 대통령이 선거 직전 ‘외마디 정치’를 할 가능성도 있다. 총선 전날인 12일 국무회의가 예정돼 있는데, 박 대통령은 지난 1년여 국무회의 공식발언을 통해 정치권에 대한 국민의 불신을 부추기는 발언을 쏟아냈다. 국회, 특히 야당 심판과 유승민 심판 등을 노골적으로 요구해왔다.  
 문재인 전 더불어민주당 대표가 호남 유권자들의 지지와 자신의 정치적 거취를 연결시키겠다는 고강도 발언을 내놓은 것도 향후 부동층을 움직일 변수가 될 수 있다. 
김남일 기자 namfic@hani.co.kr    


 		
	이슈4.13 총선
	
		너도나도 군부대 이전 공약…‘군인들 어디서 나라 지키나’사전투표율 역대 최고 12.2%…전남 ‘최고’-부산 ‘최저’세번째 승부…‘텃밭’ 현역 박민식 vs 10년 도전 전재수낙동강벨트 유일한 ‘2여 1야’ 구도[사설] 박 대통령의 막무가내 ‘선거운동’	
 		 	"
손학규 결국 지원유세 안나선다,http://www.hani.co.kr/arti/politics/politics_general/738911.html,"
 		
손학규 전 더불어민주당 상임고문이 4·13 총선에 출마한 야당 후보들에 대한 지원유세에 나서지 않기로 결정한 것으로 알려졌다. 
 손 전 고문의 한 측근은 8일 “더불어민주당 쪽으로부터 간곡한 지원 요청을 받고 깊이 고민했으나 결국 선거 유세에 나서지 않기로 최종 결론 내렸다”고 전했다. 손 전 고문과 가까운 정장선 더민주 총선기획단장은 지난 6일 밤 손 전 고문에게 전화를 걸어 “야권이 참패할 위기에 처해 있다”며 도와달라고 설득한 것으로 알려졌다. 이에 손 전 고문은 수도권의 후보들을 중심으로 지원할 것을 검토했으나 결국 직접 나서지 않기로 했다. 손 전 고문은 이미 정계은퇴를 했는데 정치 일선에 다시 나서는 것이 적절치 않다고 판단한 데다, 자신과 가까운 후보들조차 더민주와 국민의당 양쪽에 갈려 있어 어느 한 당을 편들기도 부담스러웠던 듯하다.
 더민주는 곤혹스러워하고 있다. 호남에서 국민의당에 밀리고, 수도권에서도 야권분열 등으로 고전하면서 더민주에선 “이러다간 100석도 넘기 어렵다”는 얘기가 나오고 있다. 분위기를 반전시킬 만한 마땅한 뾰족수가 없는 더민주는 손 전 고문의 등장을 학수고대하던 상황이었다. 한 핵심 당직자는 “많은 후보들이 손 전 고문에게 도와달라고 부탁한 것으로 알고 있다. 이번 주말이 수도권에서 승패가 갈리는 고빗사위다. 만약 손 전 고문이 이번 주말 나서준다면 큰 힘이 됐을 텐데 안타깝다”고 말했다.  
 이유주현 기자 edigna@hani.co.kr   
 

 

 		
	이슈4.13 총선
	
		너도나도 군부대 이전 공약…‘군인들 어디서 나라 지키나’사전투표율 역대 최고 12.2%…전남 ‘최고’-부산 ‘최저’세번째 승부…‘텃밭’ 현역 박민식 vs 10년 도전 전재수낙동강벨트 유일한 ‘2여 1야’ 구도[사설] 박 대통령의 막무가내 ‘선거운동’	
 		 	"
"문재인, 정치생명 건 승부수…호남민심 녹일까",http://www.hani.co.kr/arti/politics/politics_general/738910.html,"
 		
	
		
							
					
					문재인 전 더불어민주당 대표가 8일 오후 광주 충장로에서 시민들의 환호를 받으며 ‘광주시민에게 드리는 글’을 발표하기위해 충장로우체국 계단으로 향하고 있다.
 광주/이정우 선임기자 woo@hani.co.kr
			

142일만에 광주 방문 지원 유세
“호남이 지지하지 않으면 더불어민주당은 사실상 무너진다. 제1 야당의 자리를 유지하더라도 정권교체는 불가능해진다. 그런 상황에서 정치 생명을 이어가는 건 연명에 불과하다. 마지막 카드를 던진 것이다.”
 더불어민주당 문재인 전 대표가 8일 광주에서 한 “호남이 지지를 거두면 정치 은퇴하겠다”는 발언에 대해 한 측근은 이렇게 설명하며 ‘문재인의 고해성사’라고 표현했다. 문 전 대표는 이런 내용을 가까운 의원들과도 상의하지 않은 채 하루 전날 보좌진에게 구술을 해 기자회견문으로 가다듬었다고 한다.
 
	
		
							
					
					문재인 전 대표의 광주 충장로 발언
			

문 전 대표는 애초 광주까지 내려갈 생각은 없었다. 백의종군을 선언한 상태에서 요청도 오지 않는데 광주를 찾아가는 게 어색하다고 생각한 것이다. 그러나 국민의당 기세가 올라가며 광주 선거가 7대 1이냐 8대 0이냐라는 관측이 나오고, 그의 광주행이 정치 쟁점이 되자 피할 수 없는 선택이 돼버렸다. 당의 분위기도 바뀌었다. 김종인 대표는 문 전 대표의 광주행이 반감만 키울 것이라고 우려했으나 당 전략가들의 판단은 달랐다. 당 실무진들은 “광주 상층의 분위기와 일반 유권자들의 분위기는 다르다. 문 전 대표의 광주행이 분위기를 바꿀 수 있다”고 김 대표를 설득했다. 여론조사까지 돌려 긍정적 반응이 높다는 보고서까지 올라갔다. 당 관계자는 “김종인 대표 혼자만으로는 힘이 부친 상황이 됐다”며 “국민의당은 미래권력인 안철수 대표가 뛰고 있는데, 우리 쪽은 미래권력을 스스로 가둬놓고 있는 꼴”이라고 설명했다.
광주 전패 위기에 불가피한 선택측근들도 모르게 원고 구술 정리　
‘정치적 무능’ 비판엔 자세 낮춰호남 홀대·차별론엔 강한 반박　
김종인 “광주시민 진심 알아줄것”더민주 “지지층 결집 동력 형성”
 문 전 대표는 자신을 바라보는 광주의 싸늘한 시선을 두가지로 파악하고 있다. 하나는 정권교체의 희망을 보여주지 못한 정치적 무능이고 다른 하나는 자신이 호남을 차별했다는 시각이다. 이 가운데 첫번째는 전적으로 인정했다. 그는 “제가 얼마나 부족한 사람인지 잘 알고 있다”며 “진심으로 용서를 구한다. 분이 풀릴 때까지 제 얼굴 맞대고 호되게 꾸짖어달라”고 했다. 중간중간 목이 메인 듯 연설을 멈추기도 했다. 그러나 그는 ‘호남 홀대’나 ‘호남 차별’은 자신의 인생을 송두리째 부정하는 치욕이고 아픔이라고 강하게 항변했다. 그는 87년 6월항쟁 전야 5월에 부산 가톨릭센터에서 광주항쟁 비디오 관람회를 열어 광주의 아픔을 부산시민에게 알렸고, 3당 합당으로 호남이 고립됐을 때도 부산에서 전라도니 빨갱이니 하는 소리를 들어가면서도 호남과 잡은 손을 놓치 않았다고 호소했다. 문 전 대표는 ‘호남 홀대’ 얘기가 나올 때마다 이 이야기를 하고 싶어했으나 기회를 잡지 못했다고 한다.
 그의 광주행에 대해 김종인 대표는 “광주시민들도 너그러운 마음으로 받아들일 수 있지 않겠나 생각한다”고 말했다. 더민주에서도 광주 시민들의 반응에 귀를 쫑긋 세우고 있다. 주말 동안 호남의 여론을 지역별, 계층별, 연령별로 모니터링할 계획이다. 한 당직자는 “그동안 ‘문재인은 안 돼’라는 말에 기가 눌려 말을 하지 못했던 지지층이 자신의 목소리를 낼 수 있는 계기가 마련됐고, 그 지지층을 투표장으로 이끌어 낼 수 있는 동력이 형성됐다”고 평가했다.
 

  김의겸 선임기자 kyummy@hani.co.kr    


 		
	이슈4.13 총선
	
		너도나도 군부대 이전 공약…‘군인들 어디서 나라 지키나’사전투표율 역대 최고 12.2%…전남 ‘최고’-부산 ‘최저’세번째 승부…‘텃밭’ 현역 박민식 vs 10년 도전 전재수낙동강벨트 유일한 ‘2여 1야’ 구도[사설] 박 대통령의 막무가내 ‘선거운동’	
 		 	"
정의당 “혁신하는 진보정당에 사랑을 나눠달라”,http://www.hani.co.kr/arti/politics/polibar/738909.html,"
 		 정치BAR_‘정당 지지 호소’ 피티쑈 : 김종대정치BAR의 다섯번째 피티쑈 ‘당신의 한 표, 저에게 주세요’가 2016년 4월5일 저녁 7시, 서울 홍대앞 미디어카페후에서 열렸습니다. 6개 정당의 ‘대표선수’가 연사로 나와 ‘우리 당을 지지해야 하는 이유’를 10분 동안 정성껏 설명했습니다. 정의당 김종대 비례대표 후보의 피티 동영상과 발언을 소개합니다. 





 
 이렇게 많은 공약이 나온다한들 지키지 않으면 허당이다. 왜 새누리당은 지난 대선 때 냈던 그 많은 경제민주화와 복지 공약이 이번에 왜 안 나왔을까. 재탕 삼탕이 나왔는데 안 지키니까 나온 것. 공약이 무슨 설렁탕이냐. 몇 번을 우려먹는 거냐. 새누리당이 거짓말하는 거라 생각하지 않는다. 새누리당은 거짓말하는 나쁜 당이 아니라 잊어버린 거다. 기억력이 없어서 모르고 있는 거다. 징병검사 받을 때 인지능력 저하자는 병역이 면제된다. 새누리당의 국정수행 부담을 면제해야 한다. 
 먼저 땀의 가치, 노동의 가치를 일깨우는데 땀의 가치가 정의로운 대한민국이다. 또 법이다. 법 앞에 평등해야 한다. 노회찬 의원 삼성 떡값 검사 밝혔다가 의원직 잃었다. 심상정 의원, 백혈병 계속 싸우지만 상당히 큰 벽에 부딪혀있다.  
 그 다음이 차별인데. 완전히 차별 없는 세상을 만들자는 데는 공감하지 않는다. 차별은 있을 수 있다. 그러나 차별이 이데올로기화 되는 게 무섭다. 당연한 것으로 내면화되고 체질화되는 게 무섭다. 세월호 사건이 그렇다. 차별이 통치의 이데올로기가 되는 무서운 단계가 됐다고 본다. 청년들의 문제는 미래로 나아갈 수 있는 사다리가 끊겨있다. 일자리, 학업 문제보다 진짜 고민은 왜 사는지 모르겠다는 거다. 인생의 의미, 자기정체성이 확인이 안 되고 있다. 희망의 사다리가 끊어진 사회의 전형적인 현상이다. 
 

  작년에 목함지뢰 사건 이후 부상당한 장병들 국가에게 내라고 열심히 싸워서 군인연금법이 바뀌는 데 기여했다. 원외에서 싸워서 이 정도 성과를 이뤘다면 들어가선 훨씬 잘 할 거다. 국방공약에서 일부 정당은 군 복무를 21개월에서 18개월로 단축하겠다는 공약이 나오는데 청년 현실과 맞지 않다. 고졸, 군입대 대기기간이 24개월이다. 군대가서 21개월. 제대해서 취업하는 데 걸리는 시간 31개월이다. 전부 76개월이 나온다. 그렇다면 21개월에서 18개월로 3개월 줄이는게 중요하겠나, 76개월을 줄이는 게 중요하겠나. 청년의 생애주기에서 학업 문제, 군대 문제, 취업 문제가 생애주기에서 일직선상에 있다고 보고 정책이 융합되고 복합돼야 한다. 정책을 따로 했기 때문에 효과가 없는 것이다. 청년의 생애주기 속에서 어떻게 그것이 자리잡느냐 포괄적으로 접근하니 전혀 다른 세상이 보인다. 저희 공약은 군입대부터 취업까지 76개월을 36개월로 줄일 수 있다. 국가예산 전혀 안 든다. 


	
		
							
					
					정치바(BAR) 피티쑈 정의당 김종대후보. 강재훈 선임기자 khan@hani.co.kr
			



 심상정 대표는 국민월급 300만원 시대를 강조한다. 가계소득, 부채, 임금 문제 다 받아들여서 종합했을 때 국민월급이 300만원 시대가 되야겠다는 것이다. 그러기 위해서는 임금정책, 대기업 초과이익, 남녀임금 격차 해소, 동일노동 동일임금  이런 정책들이 종합적으로 됐을 때 구체적인 목표를 따져보니 2020년까지 월급 300만원이라는 결론 내렸다. 소사업자, 자영업자가 지급하려면 굉장히 부담된다. 월급만 인상하면 현실성이 없다. 골목상권 부활하는 서민경제 자체를 온기가 돌도록 병행하지 않으면 300만원 시대는 구호에 불과하다. 소득격차 해소를 위한 노력이 지금 현재 상위 10%와 하위 10%의 소득 격차 11.9배를 2025년까지, OECD 평균 수준인 5배로 좁혀보자는 거다. 
 복지임금 100만원은, 고교 무상교육은 박근혜 대통령이 대선 때 공약했다가 안 지킨 건데 이번에 또 나왔다. 이래서 머리가 나쁜 거다. 병역면제 사유에 해당됩니다. 반값등록금 이 거 다 새누리당 공약이었다. 이걸 복지임금이란 개념으로 묶어보자고 한 거다. 
 진보가 분열하고 내부 갈등, 진보라고 이야기하기에도 부끄러운 일 많이 겪었다. 정의당 3년 전 지지율 1%였다. 풍찬노숙 하면서 절치부심 하면서 어엿한 원내정당으로 성장했다. 여러분의 사랑이 조금 더 필요하다. 
 이번에 비례대표 선거에 11명이 나왔는데 아름다운 경쟁했다. 제가 외람되게 입당한 지 6개월밖에 안 됐는데도 최다득표로 1위를 했다. 남자이기 때문에 2번을 한 역차별도 받았다.(웃음) 그런데 이런 과정을 통해서 각 분야 전문성 있는 분들이다. 새누리당 후보는 청년 어디있냐고 했는데 조성주 여기 있다. 환경 전문가, 언론 전문가 이 분들이 국회에 들어갈수록 사랑을 조금만 나눠달라. 성찰하는 진보, 혁신하는 진보로 잘 준비했다. 

 정리/김태규 박기용 기자 dokbul@hani.co.kr


	
		
							
					
			


◎ 정치BAR 페이스북 바로가기 ◎ 정치BAR 텔레그램 바로가기 

  


 		
	이슈4.13 총선
	
		너도나도 군부대 이전 공약…‘군인들 어디서 나라 지키나’사전투표율 역대 최고 12.2%…전남 ‘최고’-부산 ‘최저’세번째 승부…‘텃밭’ 현역 박민식 vs 10년 도전 전재수낙동강벨트 유일한 ‘2여 1야’ 구도[사설] 박 대통령의 막무가내 ‘선거운동’	
 		
	연재정치BAR 피티쑈
	
		정의당 “혁신하는 진보정당에 사랑을 나눠달라”[영상] ‘당신의 한 표, 저에게 주세요’ 피티쑈녹색당 “우리의 1석, 당원 9천명의 국회 입성 효과”노동당 “증세, 기본소득, 노동시간 단축…함께 살자”국민의당 “‘공정성장’으로 임금·기업·고용 불평등 해결”	
 	"
망월동 무릎꿇은 문재인…‘서운함’ ‘반가움’ 엇갈린 광주,http://www.hani.co.kr/arti/politics/assembly/738908.html,"
 		“문재인” 연호 사이로 질책 터져
“이미 실기” “늦었지만 반전 계기”
광주 시민사회 등도 반응 교차
“잘 왔어. 더민주가 살아야지 호남이 산다.” “야단을 맞으려면 공개적으로 무릎 꿇고 맞더라고!” 
 8일 광주를 찾은 문재인 더불어민주당 전 대표를 만난 광주시민들의 얼굴엔 반가움과 서운함이 교차했다. ‘문재인’을 연호하며 반기는 시민들 사이로 그를 질책하는 목소리도 일부 터져 나왔다. 문 전 대표가 광주를 찾은 건 142일 만이다.
 문 전 대표는 이날 아침 국립5·18민주묘지와 구묘역을 순례하는 것으로 1박2일간의 호남 일정을 시작했다. 오전 10시50분께 검은 정장에 검은 넥타이 차림으로 도착한 그는 김홍걸 더민주 국민통합위원장의 안내로 광장을 지나 추모탑 앞으로 걸어가는 내내 굳게 입을 닫았다. 추모탑 앞에서 분향과 묵념을 마친 뒤엔 무릎을 꿇고 고개를 숙인 채 한참 동안 일어나지 않았다. 신묘역 방명록과 구묘역 탑돌에 새겨 넣은 메시지가 그의 말을 대신했다. “광주정신 총선승리”, “광주정신이 이기는 역사를 만들겠습니다”. 
 강력한 ‘반문재인 정서’로 인해 국민의당의 의석 ‘싹쓸이’가 점쳐지는 광주 지역이지만 시내에서 만난 시민들은 대체로 문 전 대표를 향해 반가움을 드러냈다. 청년층은 “2040세대에게 희망을 달라. 얼굴이 많이 상해서 안타깝다”고 응원했고 중장년층은 “선거 때까지 호남에 계속 있어라. 힘내라”고 격려했다. 충장로 네거리에서 ‘광주시민들께 드리는 글’을 발표할 때에는 지지자 300여명이 몰려 “문재인”을 연호했다. 온종일 굳었던 문 전 대표의 얼굴도 지지자들의 응원에 비로소 펴졌다.
 문 전 대표의 ‘낮은 자세’에도 불구하고 광주의 시민사회에선 ‘이미 실기했다’는 목소리도 나온다. 광주의 정치 사정에 밝은 한 지역 인사는 “문 전 대표의 발언은 적극 지지층을 결집시키는 효과는 거두겠지만 선거에 임박해 열세를 만회하기 위해 내놓은 것으로 보여 진정성을 인정받기 어려울 것 같다”고 전망했다. 또다른 인사는 “메시지의 내용도 예상 밖이었고 망월동에서 무릎을 꿇은 뒤 광주 정치의 상징인 충장로를 찾는 등 행보도 훌륭했다”면서도 “결정적인 영향을 미치기엔 시간이 너무 촉박하지 않나 싶다”고 말했다. 
 당내에선 ‘호남’이 문 전 대표의 발표에 반응할 경우 여파가 곧바로 수도권에 퍼져갈 거라고 전망한다. 더민주의 한 당직자는 “문 전 대표가 배수진을 치고 용서를 구했으니 광주 안에서도 오늘내일 충분한 토론이 있을 거라고 본다”며 “광주가 움직이면 지금 국민의당에 옮겨간 수도권 내 호남 민심도 반응할 것”이라고 말했다. 
광주/엄지원 기자 umkija@hani.co.kr    
 

 

 		
	이슈4.13 총선
	
		너도나도 군부대 이전 공약…‘군인들 어디서 나라 지키나’사전투표율 역대 최고 12.2%…전남 ‘최고’-부산 ‘최저’세번째 승부…‘텃밭’ 현역 박민식 vs 10년 도전 전재수낙동강벨트 유일한 ‘2여 1야’ 구도[사설] 박 대통령의 막무가내 ‘선거운동’	
 		 	"
"국민의당 “선거용, 진정성 없다” 일축",http://www.hani.co.kr/arti/politics/assembly/738907.html,"
 		안철수 “국민의당이 정권교체 적임”
김한길·박주선 ‘야권분열 책임’ 비판 
문재인 더불어민주당 전 대표가 8일 광주를 찾아 대선 불출마와 정계 은퇴로 배수진을 치며 더민주 총선 후보자에 대한 지지를 호소한 것에 대해 국민의당은 “선거용”이라고 일축했다.
 안철수 국민의당 공동대표는 “호남 시민들, 광주 시민들께서 판단하고 결정할 것”이라고 말했다. 안 대표는 이날 경기 광명시 지원유세 뒤 기자들과 만나 문 전 대표의 광주 발언에 대해 “국민의당에 유입된 지지층의 30% 정도가 새누리당을 지지하다가 실망해서 이탈한 분들”이라며 “그것만 봐도 국민의당은 확장성이 있고, 정권 교체의 가능성이 훨씬 더 큰 정당”이라고 밝혔다. 
 박주선 국민의당 최고위원은 논평을 내어 “총선을 5일 앞둔 문 전 대표의 광주 방문에는 자신의 대권 행보를 향한 작은 계산밖에 보이지 않는다”면서 “대권을 향한 욕심과 위선으로는 민심의 문을 열 수 없다”고 비판했다. 그는 “먼저 친노 패권에 대해 사죄하고 친노 계파 해체에 대한 실천적 조처가 있어야 한다”고 덧붙였다.
 이날 국민의당 황주홍 후보 지원유세에 나선 김한길 의원은 “오늘 더민주 문재인 대표가 광주를 들르러 찾아왔다고 한다. 이제 선거를 며칠 앞두고 일회성 방문으로 말 몇 마디 한다고 해서 계파 패권주의를 막무가내로 밀어붙인 책임, 야권을 분열시킨 책임에서 결코 벗어날 수 없다”고 말했다.
 국민의당 관계자는 “오늘 문 전 대표 메시지의 핵심은 본인이 ‘적자’라는 것인데, 삼성차 유치 공약을 던지는 김종인 더민주 비대위 대표나 광주에 가서 선거용 메시지를 내놓는 문 전 대표나 광주의 심리를 너무 모르는 것 같다”고 말했다. 
송경화 기자 freehwa@hani.co.kr  
 

 

 		
	이슈4.13 총선
	
		너도나도 군부대 이전 공약…‘군인들 어디서 나라 지키나’사전투표율 역대 최고 12.2%…전남 ‘최고’-부산 ‘최저’세번째 승부…‘텃밭’ 현역 박민식 vs 10년 도전 전재수낙동강벨트 유일한 ‘2여 1야’ 구도[사설] 박 대통령의 막무가내 ‘선거운동’	
 		 	"
내 한 표의 소중함,http://www.hani.co.kr/arti/politics/politics_general/738904.html,"
 		
	
		
							
					
					나흘 앞으로 다가온 20대 총선, 후보들마다 자신을 뽑아달라고 열변을 토하며 유권자들 앞에 허리를 숙이고 머리를 조아린다. 환호하고 박수치는 유권자들에게는 지금이 가장 대접받는 시간일 것이다. 총선 결과가 나오고 당선된 이들이 다시 국회로 들어간 뒤에도 유권자들이 이렇게 환호하고 박수칠 수 있으려면, 당선된 뒤에 돌아서서 국민은 나 몰라라 하고 자신들의 배만 불리려 이전투구를 벌이는 후보보다는 진정으로 나라 경제를 살리고 국민을 위한 정치를 할 후보에게 투표해야 한다. 기권 없이 행사하는 나의 한 표가 나와 내 가족의 삶을 보장하기 때문이다.  당진/이정아 기자 leej@hani.co.kr 
			

[토요판] 한 장의 다큐 
나흘 앞으로 다가온 20대 총선, 후보들마다 자신을 뽑아달라고 열변을 토하며 유권자들 앞에 허리를 숙이고 머리를 조아린다. 환호하고 박수치는 유권자들에게는 지금이 가장 대접받는 시간일 것이다. 총선 결과가 나오고 당선된 이들이 다시 국회로 들어간 뒤에도 유권자들이 이렇게 환호하고 박수칠 수 있으려면, 당선된 뒤에 돌아서서 국민은 나 몰라라 하고 자신들의 배만 불리려 이전투구를 벌이는 후보보다는 진정으로 나라 경제를 살리고 국민을 위한 정치를 할 후보에게 투표해야 한다. 기권 없이 행사하는 나의 한 표가 나와 내 가족의 삶을 보장하기 때문이다.  
당진/이정아 기자 leej@hani.co.kr  
 

 

 		 		
	연재[토요판] 리뷰&프리뷰
	
		다음주의 질문친절한 기자들GIS 뉴스한장의 다큐키워드 놀이	
 	"
"“픽 미, 픽 미!” (Pick me, Pick me!)",http://www.hani.co.kr/arti/politics/politics_general/738902.html,"
 		
	
		
							
					
					무대 위에서 포즈를 취한 각 당의 비례후보자들. 왼쪽부터 김종대, 제윤경, 신보라, 이계삼, 채이배, 금민 후보. 사진 강재훈 선임기자 khan@hani.co.kr
			

각 당 비례후보자 통해 들어본
‘우리 당을 지지해야 하는 이유’
플라톤은 “착한 이들이 공적 사안에 무관심하면 악인의 지배를 받는다”고 했다. 선거 결과에 대한 책임은 그래서 출마한 정치인, 패배한 정당만의 몫이 아니다. 국적을 바꾸지 않는 한, 우리 모두는 다음 선거가 돌아오는 4~5년 내내 결과의 지배를 받는다. 기꺼이 투표한 이도, 기권한 이도 마찬가지다. 모두의 선택이고 모두의 책임이다. 예외가 없다. 이번 4·13 총선에서 유권자는 지역구에 출마한 국회의원 후보와 지지하는 정당에 각각 투표한다. 정당투표 3% 이상, 지역구 5석 이상을 획득한 정당에 47석의 비례대표 의석이 나눠진다. 어느 정당에 투표할지 정하셨는가. 아직 지지 정당을 확정하지 못했다면, 이들의 이야기를 들어보는 건 어떨까. 지난 5일 서울 마포구 양화로 ‘미디어카페 후’에서 열린 ‘피티(PT)쑈’에서 각 당의 비례대표 후보들이 모여 소속 정당의 매력을 이야기했다. 행사장의 분위기는 진지하고 뜨거웠다. 한국 사회의 현실과 지향해야 할 바가 이곳에서 다뤄졌다.
박기용 기자 xeno@hani.co.kr  
 

 

 		 		 	"
문재인 “호남 지지 못 받으면 대선불출마·정계은퇴”,http://www.hani.co.kr/arti/politics/politics_general/738901.html,"
 		‘반문 정서’ 한복판 광주행
더민주 지지 호소하며 몸 낮춰

“호남홀대론 오해 거둬달라
내 인생을 통째 부정하는 치욕”

	
		
							
					
					문재인 전 더불어민주당 대표가 8일 오전 광주광역시 운정동 국립5·18민주묘지에서 김대중 전 대통령의 삼남 김홍걸씨와 함께 무릎을 꿇고 참배하고 있다.  광주/이정우 선임기자 woo@hani.co.kr
			

문재인 더불어민주당 전 대표가 8일 광주를 찾아, 호남에서 패배할 경우 정계에서 물러나고 2017년 대선에 불출마하겠다는 뜻을 밝혔다. 더민주가 호남에서 국민의당에 밀리는 상황을 반전시키기 위해 정치적 배수진을 친 것으로 보인다. 투표일을 닷새 앞둔 시점에서 문 전 대표의 이런 승부수가 그동안 싸늘했던 호남 표심을 얼마나 움직일 수 있을지 주목된다.   
 문 전 대표는 이날 광주 충장로에서 ‘거리 기자회견’을 열어 “(호남에서) 저에 대한 지지를 거두시겠다면 저는 미련 없이 정치 일선에서 물러나겠다. 대선에도 도전하지 않겠다”고 밝혔다. 그는 “호남의 정신을 담지 못하는 야당 후보는 이미 그 자격을 상실한 것과 같다”며 “진정한 호남의 뜻이라면 저는 저에 대한 심판조차 기쁜 마음으로 받아들이겠다”고 말했다. 그동안 김종인 비상대책위원회 대표는 호남의 ‘반문재인 정서’를 자극할까 우려해 문 전 대표의 호남행에 부정적인 입장이었지만, 문 전 대표는 오히려 이날 광주에서 정면돌파 의지를 밝힌 셈이다.
 그는 “호남 분들의 전폭적 지지를 밑거름 삼았던 제가 여러분에게 한번도 제대로 승리의 기쁨을 돌려드리지 못했다”며 “못난 문재인이 왔다. 여러분에게 직접 야단을 맞고, 직접 질타를 듣기 위해서, 안 된다는 당을 설득해 이제야 왔다”며 몸을 낮췄다. 문 전 대표는 이어 “더민주는 새로운 인재들로 다시 태어났다. 호남 기득권 정치인의 물갈이를 바라는 호남의 민심에 우리 당은 호응했다. 이분들에게 일할 기회를 달라”고 더민주 후보들에 대한 지지를 호소했다. 한편으론 국민의당을 겨냥해 “호남 민심을 왜곡해서 호남을 변방에 가두어두려는 분열적 정치인들에 대해 여러분은 강한 교체 의지를 가지고 있을 것”이라며 “더민주 후보들을 통해 그런 구시대적 분열적 정치인을 심판할 수 있다”고 말했다.
 문 전 대표는 또한 참여정부와 자신이 호남을 홀대했다는 주장을 반박하는 데 회견의 상당 부분을 할애했다. 그는 “저에게 덧씌워진 ‘호남홀대’, ‘호남차별’이라는 오해는 부디 거두어주시라. 그 말만큼은 제 인생을 송두리째 부정하는 치욕이고 아픔”이라며 “노무현 전 대통령과 참여정부에 대한 모욕이다. 저와 당과 호남의 분열을 바라는 사람들의 거짓말에 휘둘리지 말아주시라. 그것만은 절대 인정하지 않겠다”고 강조했다.
 당내에선 전망이 엇갈렸다. 한 당직자는 “문 전 대표가 진정성 있는 모습을 보였으니 호남 유권자들이 넓은 마음으로 받아주지 않겠냐”고 말했다. 그러나 또 다른 당직자는 “분위기를 반전시키기엔 너무 늦었다. 호남의 문재인 지지자들이 결집하는 효과 정도일 것”이라고 말했다. 
 이유주현 기자 edigna@hani.co.kr   
 

 

 		
	이슈4.13 총선
	
		너도나도 군부대 이전 공약…‘군인들 어디서 나라 지키나’사전투표율 역대 최고 12.2%…전남 ‘최고’-부산 ‘최저’세번째 승부…‘텃밭’ 현역 박민식 vs 10년 도전 전재수낙동강벨트 유일한 ‘2여 1야’ 구도[사설] 박 대통령의 막무가내 ‘선거운동’	
 		 	"
사전투표율 첫날 5.45%…9일 6시 마감합니다,http://www.hani.co.kr/arti/politics/politics_general/738899.html,"
 		
4·13 총선 사전투표 첫날인 8일 최종 투표율이 5.45%로 집계됐다. 2년 전 지방선거 사전투표 첫날 최종 투표율보다 약간 올랐다. 
 
	
		
							
					
					20대 총선 1일차 사전투표율
			

중앙선거관리위원회는 이날 오전 6시부터 저녁 6시까지 진행된 사전투표에서 총 4210만398명의 선거인 가운데 229만6387명이 투표에 참가했다고 밝혔다. 시·도별로는 전남이 9.34%로 가장 높은 사전투표율을 기록했고, 전북이 8.31%로 뒤를 이었다. 가장 낮은 곳은 부산으로 4.4%다.
 지난 2014년 6월 지방선거 때 사전투표 첫날(5월30일) 최종 투표율이 4.75%를 기록한 점에 견줘, 이번 20대 총선 사전투표율은 0.7%포인트 오른 것이다. 2014년 지방선거 때 이틀간의 최종 사전투표율은 11.49%였다.
 사전투표는 9일(오전 6시~오후 6시)까지 전국의 읍·면·동에 설치된 3511개 투표소에서 진행된다. 별도의 부재자 신고가 필요 없고, 주민등록증·운전면허증·여권 등 신분증을 가져가면 주소지와 상관없이 어디서나 할 수 있다. 인천공항, 서울역, 용산역에도 투표소가 설치됐다. 정확한 사전투표소 위치는 중앙선거관리위원회 누리집(nec.go.kr)을 참조하거나 대표전화(1390)로 확인할 수 있다. 
황준범 기자 jaybee@hani.co.kr 
 

 

 		
	이슈4.13 총선
	
		너도나도 군부대 이전 공약…‘군인들 어디서 나라 지키나’사전투표율 역대 최고 12.2%…전남 ‘최고’-부산 ‘최저’세번째 승부…‘텃밭’ 현역 박민식 vs 10년 도전 전재수낙동강벨트 유일한 ‘2여 1야’ 구도[사설] 박 대통령의 막무가내 ‘선거운동’	
 		 	"
"[영상] ‘당신의 한 표, 저에게 주세요’ 피티쑈",http://www.hani.co.kr/arti/politics/polibar/738897.html,"
 		 정치BAR_6개 정당 열띤 ‘지지 호소’ 

	
		
							
					
					지난 5일 저녁 서울 마포구 양화로 ‘미디어카페 후’ 안에 있는 피티쑈 행사장 무대에 각 당의 발표자들이 나란히 앉아 청중과 이야기를 나누고 있다. 왼쪽부터 신보라, 제윤경, 금민, 이계삼, 김종대, 채이배 후보.  강재훈 선임기자 khan@hani.co.kr
			



 2016년 4월5일, 서울 홍대앞 미디어카페후에서 정치BAR의 다섯번째 피티쑈가 ‘당신의 한 표, 저에게 주세요’라는 제목으로 열렸습니다. 4·13총선을 앞둔 6개의 정당의 ‘대표선수’들이 나와 ‘왜 우리 당을 지지해야 하는지’를 설명하는 자리였습니다. 1부에서 새누리당, 국민의당, 더불어민주당, 노동당, 녹색당, 정의당의 순서로 각 10분씩 피티가 진행됐고, 청중들과 질의·응답으로 2부를 이어갔습니다. 피티쑈 녹화영상을 통해 현장의 감동을 감상해 보시죠. 

[전체영상]



 

  
김태규 기자 dokbul@hani.co.kr


	
		
							
					
			


◎ 정치BAR 페이스북 바로가기 ◎ 정치BAR 텔레그램 바로가기    


 		
	이슈4.13 총선
	
		너도나도 군부대 이전 공약…‘군인들 어디서 나라 지키나’사전투표율 역대 최고 12.2%…전남 ‘최고’-부산 ‘최저’세번째 승부…‘텃밭’ 현역 박민식 vs 10년 도전 전재수낙동강벨트 유일한 ‘2여 1야’ 구도[사설] 박 대통령의 막무가내 ‘선거운동’	
 		
	연재정치BAR 피티쑈
	
		정의당 “혁신하는 진보정당에 사랑을 나눠달라”[영상] ‘당신의 한 표, 저에게 주세요’ 피티쑈녹색당 “우리의 1석, 당원 9천명의 국회 입성 효과”노동당 “증세, 기본소득, 노동시간 단축…함께 살자”국민의당 “‘공정성장’으로 임금·기업·고용 불평등 해결”	
 	"
“풍경이고 뭐고 뭘 봤는지 아무 기억도 없대이”,http://www.hani.co.kr/arti/politics/diplomacy/738896.html,"
 		
	
		
							
					
					핵안보정상회의를 마치고 멕시코를 방문 중인 박근혜 대통령이 2일(현지시각) 오후 멕시코시티 베니토 후아레스 공항에 도착해 영접을 받고 있다. 연합뉴스
			

[토요판] 조세영의 외교클럽
(4) 대통령의 해외순방
대통령이 한번 해외순방을 하면 100명이 넘는 인원이 수행하고 수십억원의 예산이 들어간다. 이처럼 큰 비용을 들여서 정작 얻어내는 성과가 무엇이냐고 인색한 평가를 받는 경우도 있기 때문에 정부 차원에서는 전 부처를 동원해서 성과사업을 발굴해 내느라 애를 쓴다. 정상회담에서 어떤 합의가 이루어졌는지, 해묵은 현안이 얼마나 많이 해결되었는지, 경제 분야는 어떤 구체적 결실이 있었는지 따위의 외교적 성과가 평가 기준이 된다. 그러나 해외순방 행사를 준비하는 의전 실무자들 입장에서는 무엇보다 차량과 숙소가 제일 중요하다.
 특별기가 공항에 착륙하면 대통령은 트랩을 내려와 방문국 정부에서 나온 고위급 환영 인사들과 인사를 나누고 나서 대기하고 있는 차량에 탑승해 숙소로 떠난다. 외국의 국빈이 탑승해 이동하는 차량 행렬을 모터케이드(motorcade)라고 하는데, 브이아이피(VIP) 차량 이외에 경찰 사이드카, 의전 선도차, 경호차, 고위 수행원 차량 등 10여대의 승용차와 필수 수행원용 미니버스 2~3대로 구성된다. 대부분의 실무 수행원들은 대통령이 떠난 다음에 대형 버스를 타고 단체로 숙소로 이동하므로 시간적으로 여유가 있다.
 그러나 대통령의 모터케이드에 포함되어 함께 이동해야 하는 수행원들은 첫 번째 행사인 공항 도착 행사부터 바짝 긴장해야 한다. 불과 5분 남짓한 짧은 행사 시간 동안에 재빠르게 특별기의 후문 트랩으로 내린 뒤 길게 늘어선 차량 대형 속에서 지정된 차를 찾아 신속하게 타야 한다. 일단 대통령이 타고 나면 모터케이드는 지체 없이 출발하기 때문에 탑승 위치를 못 찾고 헤매다가는 차를 놓치기 십상이다.

 영빈관은 국력과 문화의 가늠자
 100미터도 넘는 길이의 모터케이드가 교통이 통제된 거리를 경찰 사이드카의 호위 속에 태극기를 휘날리며 논스톱으로 질주한다. 비록 수행원 신분이지만 그 속에 앉아 차창 밖으로 연도에 서서 손을 흔드는 시민들을 바라보고 있노라면 왠지 뿌듯해져서 마치 자기가 브이아이피가 된 듯한 착각에 빠지기도 한다.
 대통령은 방문 기간 중 숙소 건물에서 열리는 행사를 제외한 모든 행사에 모터케이드로 이동한다. 행사마다 수행원의 참석 범위가 다르므로 그에 맞추어 모터케이드 탑승 계획도 다르게 짜야 한다. 정확한 탑승 인원을 정확한 시간에 이동시켜야만 행사가 제대로 진행되기 때문에 순방 행사에는 차량이 중요하다고 하는 것이다.
 대통령의 해외순방 기간에는 대통령이 숙박하는 장소가 곧 청와대의 역할을 하는 곳이 된다. 방문국에서 영빈관을 제공하는 경우에는 그곳에서 숙박한다. 미국은 백악관 맞은편의 블레어하우스가 국빈 전용 영빈관이며, 중국에서는 조어대(댜오위타이)가 외국 정상의 숙박시설로 제공된다. 일본은 1909년에 바로크 양식으로 건축한 화려한 서양식 석조 건물을 영빈관으로 사용하고 있다. 2005년에는 교토에 일본 전통 건축양식의 영빈관을 추가로 개관했다.
 

  대통령이 영빈관에서 묵는 것은 방문국으로부터 최고의 의전적 예우를 받는다는 의미다. 그러나 수행원들의 입장에서는 다르다. 영빈관은 품격이 있는 대신 국가가 운영하는 탓에 아무래도 일반 호텔보다는 지내기가 불편하고 경비가 엄중하다 보니 마음대로 바깥을 출입하기도 어렵다. 숙소 내에 레스토랑이 있는 것도 아니고 가볍게 칵테일이라도 한잔할 곳도 마땅치 않다. 룸서비스를 이용하기도 불편하다.
 그래서 수행원들은 자기 숙소가 영빈관이 아닌 일반 호텔에 배정되는 게 더 편하다. 영빈관은 수용할 수 있는 인원이 많지 않기 때문에 그 안에서 숙박을 하는 대상은 대통령과 공식 수행원 이외에는 근접경호나 부속실 근무자 등 필수요원들로 제한된다. 나머지 대표단은 영빈관에서 가까운 일반 호텔에 묵으면서 필요할 때마다 차량을 타고 영빈관을 출입한다.
 어느 나라든 영빈관은 웅장하고 기품과 전통이 잘 느껴지도록 만들어져 있기 때문에 아무리 고급이라도 일반 호텔에 묵는 것과는 다른 각별한 감회를 갖게 된다. 영빈관의 건물이나 실내 장식, 각종 전시품과 제공되는 서비스를 보면서 그 나라의 국력 수준과 문화의 깊이를 느낄 수 있다. 청와대에 영빈관이라는 이름의 시설이 있지만 그곳은 대규모 연회나 회의를 위한 공간이고 숙박시설은 없기 때문에 한국에는 외교용 시설로서의 영빈관은 존재하지 않는 셈이다. 한국의 국제적 위상에 비추어 볼 때 이제는 영빈관 건설을 검토해 볼 때가 되지 않았나 싶다.
 나는 1996년부터 2년간 청와대 의전비서실에 근무하면서 김영삼 대통령의 해외순방 행사를 6차례 수행했다. 이때 15개국을 방문하면서 현지의 최고급 호텔에서 묵었지만 지금 되돌아보면 특별히 기억에 남는 곳이 별로 없다. 유일하게 브라질에서 머물렀던 호텔이 협소하고 불편했던 기억이 난다. 수행원들이 맡긴 세탁물이 잘못 배달되는 경우가 다반사였는데 일일이 호텔 쪽에 이야기를 해도 제대로 대응이 되지 않았다. 결국 모두들 자기 방에 잘못 배달되어 온 세탁물을 문밖 손잡이에 걸어 놓고 복도를 돌아다니며 다른 객실 손잡이에 자기 세탁물이 걸려 있지 않은지 찾으러 다니는 사태가 벌어졌다. 브라질리아가 내륙에 건설한 행정수도이다 보니 상업적 경쟁이 없어서 호텔도 몇 안 되고 서비스 수준도 낮은 탓이라고 했다.

100미터 넘는 모터케이드 행렬행사마다 수행원 참석 범위 달라매번 탑승계획 다르게 짜야필수요원까지만 영빈관 숙박나머지 수행원은 근처 호텔 이용
가까운 거리는 당일치기 순방외교부장관은 전 일정 밀착 수행대통령 눈도장 찍을 확실한 기회특별기 함께 타는 수행원들속옷 따위 들고 다니는 불편함도

	
		
							
					
					멕시코를 방문 중인 박근혜 대통령이 3일(현지시각) 멕시코시티 국립인류학박물관을 찾아 박물관 관계자로부터 설명을 듣고 있다.   연합뉴스
			


 수행원 짐은 전날 미리 맡겨야
 반면 영빈관에 머물렀던 기억은 지금도 뚜렷하게 남아 있다. 인도에서 묵었던 영빈관 하이데라바드 하우스는 붉은 빛깔을 띤 돌로 외벽을 장식한 웅장한 건물이었다. 그곳에는 큰 키에 전통 복장을 한 근무자들이 음식도 서빙하고 잡다한 심부름도 해주었다. 대리석으로 치장된 건물 내부에는 크고 작은 그림들이 많이 걸려 있어서 인상적이었다. 그중엔 식민지 시절에 영국의 고관들이 야외에서 피크닉을 하고 있고 곁에서 인도 사람들이 시중을 들고 있는 그림이 눈에 띄어 놀랐다. 인도인은 자존심이 강하다고 들었는데 외빈이 투숙하는 국가시설에 그런 그림을 걸어놓는 것이 어떻게 가능할까 의아스러울 정도였다.
 정상외교가 일상화된 요즈음엔 가까운 거리는 굳이 숙박을 하지 않는 당일치기 해외방문도 등장했다. 한국에서는 1992년 11월8일 노태우 대통령이 당일 일정으로 교토를 방문해서 미야자와 일본 총리와 회담을 하고 돌아온 것이 처음이다. 그 후에는 2008년 12월 후쿠오카에서 열린 한중일 정상회담과 2009년 6월 일본 실무방문 때 이명박 대통령이 당일치기 일정을 소화했다. 이때는 따로 호텔을 예약하지 않고 대표단의 규모를 최대한으로 줄여서 현지의 대사관이나 총영사관에 잠시 머물면서 업무를 처리했고, 대통령과 고위 수행원들은 대사관저나 총영사관저를 대기하는 공간으로 사용했다.
 대통령 해외순방을 수행하는 인원은 공식 수행원과 비공식 수행원, 경호요원 등을 합쳐 100명이 넘는 규모다. 이들은 대부분 대통령이 탑승한 특별기로 함께 이동하므로 경호처에서 화물 검색을 제대로 하려면 상당한 시간이 걸린다. 그래서 특별기에 탑승하는 수행원들은 개인 수화물을 잠금을 해제한 상태로 출발 하루 전에 미리 지정된 장소에 가져다 맡겨야 한다. 경호처는 수집된 여행가방을 일일이 열어서 꼼꼼히 검색한 뒤에 출발 당일 특별기에 적재한다.
 첫 번째 방문국에서 행사가 모두 끝나고 다음 방문지로 떠날 때도 마찬가지다. 모든 수행원은 출발 전날 저녁에 짐을 숙소 호텔 내의 지정된 장소로 가져다 두어야 한다. 여기서도 경호요원들이 밤샘 작업을 하며 화물을 검색해서 특별기로 일괄 운송한다. 짐을 미리 내놓고 나서 하룻밤을 더 지내려다 보니 다음날 아침에 갈아입은 속옷이며 세면도구 같은 것을 서류가방에 적당히 넣고 다녀야 하는 불편함이 생기기도 한다.
 나의 청와대 근무 경험으로 볼 때 대통령의 해외순방 기간에는 국내에서보다 대통령과 가까이 접할 기회가 많아진다. 국내에 있는 동안에는 대통령이 이중 삼중의 삼엄한 경호를 받으며 청와대에서 집무하기 때문에 대통령을 가까이 접하는 기회는 굉장히 제한된다. 장관들도 대통령에게 보고를 하려면 청와대의 담당 비서실을 통해 미리 일정을 잡아야 한다. 재임 기간 중에 대통령에게 단독보고를 한 번도 하지 못하고 물러나는 장관들도 많았다. 심지어는 청와대에 근무하는 수석비서관들조차도 대통령 집무실과 비서실의 위치가 떨어져 있는데다 짧은 거리라도 자동차를 타고 두세 곳의 경호 초소를 거쳐야 하기 때문에 대통령에게 직접 대면보고를 하는 기회는 많지 않을 정도였다.
 그런데 해외순방 때는 길게는 일주일 이상을 대통령과 동행하며 숙소도 같은 호텔이다 보니 대표단에 포함된 장관들이나 수석비서관들이 국내에 있을 때와는 비교할 수 없을 정도로 대통령을 만날 기회가 많아진다. 행사 때마다 대통령과 함께 참석하는 것은 물론이고 필요하면 행사의 막간을 이용하여 대통령 숙소의 거실 같은 곳에서 짬짬이 보고를 할 수도 있다. 공식 일정이 없는 조찬이나 오찬·만찬 기회에 대통령과 식사를 함께 하며 긴 이야기를 나눌 수도 있다.

 국내 골칫거리 잠시 잊는 시간
 누가 뭐래도 최고 수혜자는 역시 외교부 장관이다. 외교부 장관은 국내에서도 각종 외교행사 때문에 다른 장관들에 비해 대통령을 직접 만나거나 보고할 기회가 많은 편이다. 그런데 해외순방 기간에는 대통령의 시간이 모두 외교에 집중되므로 외교부 장관이 대통령과 이야기를 나눌 기회가 몇 배나 더 늘어난다. 직장생활에서도 상사와 함께 해외출장을 다녀보면 국내에 있을 때보다 훨씬 가까워지는 법인데, 대통령과 함께 해외순방을 하는 것은 더 말할 나위가 없을 것이다.
 대통령의 입장에서 해외순방은 어떤 것일까? 외국을 방문해서 최고의 예우를 받으며 화려한 행사에 참석해 보면 한 나라를 대표하는 최고지도자가 되었다는 사실을 새삼 느끼게 될 것이다. 그리고 국내의 골치 아픈 대소사로부터 조금이나마 벗어나 머리를 식힐 수 있는 기회이기도 하다. 그러나 2~3일마다 방문지를 옮겨 다니며, 많을 때는 하루에 10개 가까운 행사를 치러내야 하는 해외순방은 상당한 격무임에 틀림없다. 아무리 몸은 해외에 있더라도 국내 상황에 대한 관심과 긴장을 늦출 수도 없다.
 김영삼 대통령이 퇴임 후 몇 년이 지나서 가족과 함께 샌프란시스코를 방문한 적이 있는데 그때 나는 그곳의 총영사관에 근무하고 있었다. 전직 대통령의 해외 방문에 대해서는 현지 대사관이나 총영사관이 예우 지침에 따라 지원하게 되어 있다. 예전에 의전비서실에서 근무한 인연도 있고 함께 온 비서실, 경호실 직원들과도 낯익은 사이였기 때문에 총영사관에서는 내가 일정을 수행하게 되었다.
 수행원들과의 편안한 식사 자리에서 누군가가 대통령 재임 중에 해외순방도 많았고 좋은 곳에도 많이 가보셨을 텐데 어디가 제일 기억에 남느냐고 질문을 했다. 김 전 대통령은 비행기로 현지에 도착하고 나면 정해진 대로 차 타고 가서 회담하고 연설하고 다시 호텔로 차 타고 돌아오는 식으로 쳇바퀴 도는 일정인데, 그러다 보니 내가 어디 가서 뭘 봤는지 그 나라 풍경은 어땠는지 그런 것들은 전혀 기억이 없다고 털어놓았다. 정상회담에서 어떻게 대응할 건지, 연설 때 어떻게 분위기를 잡을 건지, 다음 일정은 무엇이 핵심인지 이런 것들을 생각하느라 모터케이드로 이동하면서 창밖으로 보이는 풍경조차도 눈에 들어오지 않았으리라. 역시 대통령으로서 해외순방을 하는 것은 정상외교가 주는 부담감 때문에 개인적인 해외여행과는 전혀 다른 세계라는 생각이 들었다.
※ 다음 회부터는 격주로 연재됩니다. 

	
		
							
					
					조세영 동서대학교 특임교수 겸 일본연구센터 소장
			

조세영 동서대학교 특임교수 겸 일본연구센터 소장
▶조세영 동서대학교 특임교수 겸 일본연구센터 소장. 외교부에서 30년 근무한 뒤 정년보다 8년 일찍 퇴직해서 실천적 문필가를 꿈꾸며 살고 있다. 일본·중국·예멘·미국 샌프란시스코에서 일했고 동북아시아국장을 지냈다. 저서로 와 가 있다. 거창한 외교론이 아니라, 외교라는 일을 쉬운 이야기로 풀어보려는 생각에 연재를 시작했다. 격주 연재.  


 		 		
	연재[토요판] 조세영의 외교클럽
	
		“풍경이고 뭐고 뭘 봤는지 아무 기억도 없대이”“그건 통역의 실수로 잘못 전달된 거예요”“친구로 남기 바란다면 만나지 말라”왜 이리도 부끄러운 심부름을 했을까	
 	"
