핵실험 강행김정은 리더십의 실체(實體) ,http://news.joins.com/article/19865485,"
핵탄두 소형화·경량화·표준화에 성공했다고 주장하는 北, 사진 통한 ‘공식 인증’은 예삿일 아닌 듯... “핵 개발을 대미 협상용으로 내세워 체제 보장받는 데 더는 얽매이지 않기로 한 것 아니냐”는 관측도 북한 노동신문이 3월 11일 김정은 국방위원회 제1위원장의 탄도 로켓(미사일) 발사훈련 참관 소식을 전하면서 공개한 사진. 김정은 앞 탁자 위에는 ‘전략군 화력 타격 계획’이라는 문구가 적힌 한반도 지도가 놓였다. 김정은은 “핵 공격 능력을 높이기 위한 필요한 시험들을 계속해야 한다”고 말했다.[사진 노동신문]북한이 핵탄두 사진을 관영매체(노동신문)에 노출한 지난 3월 9일 오전. 각 언론사의 외교안보 담당 기자들이 출입하는 통일부 기자실은 갑자기 분주해졌다. 북한 최고 지도자인 김정은 국방위원회 제1위원장 앞에 핵탄두 기폭장치가 모습을 드러내는 초유의 일이 벌어졌기 때문이다.기자들은 노동신문에 등장한 핵탄두 사진이 실물인지를 확인하기 위해 바쁘게 움직였다. 북한이 하필 이 시점에 핵탄두를 백일하에 공개한 의도가 뭔지를 파악하는 일도 급했다.특히 핵탄두의 소형화·경량화·표준화에 성공했다고 주장해온 북한이 김정은의 핵무기 연구현장 방문 소식을 전하며 사진을 통해 ‘공식 인증’한 것은 예삿일이 아니다. 이미 한반도는 새해 벽두를 뒤흔든 북한의 4차 핵실험(1월 6일)과 2월 7일 장거리 로켓(미사일) 발사 이후 일촉즉발의 긴장감에 휩싸이고 있는 상황이었다. 북한 조선중앙 TV가 3월 9일 국방위원회 제1위원장인 김정은 최고사령관이 핵무기병기화사업을 지도했다고 보도했다. 시찰에는 우리 정부가 3월 8일 독자 제재 대상에 이름을 올린 전략군 사령관 김락겸과 노동당 부부장 홍영칠, 그리고 김 제1위원장의 누이동생인 김여정 등이 동행했다.[중앙포토]국제사회는 경고를 무시하고 정면으로 도전한 북한을 향해 칼을 빼들기 시작했다. 유엔 안전보장이사회(안보리)는 3월 2일(현지시간) ‘역대급’ 수위의 대북제재 결의안(2270호)을 만장일치로 채택했다.미국은 북한 권력서열 2위인 황병서 인민군 총정치국장 등 주요 인사 11명을 특별제재 대상으로 지명하는 등 추가 제재안을 발표했다. 우리 정부도 천안함 폭침과 연평도 폭격 등 각종 대남 도발의 배후로 지목된 김영철 전 정찰총국장을 비롯한 북한 인사 40명과 단체 30곳을 금융제재 대상자로 지정하고, 북한에 머문 외국 선박의 국내 입항을 금지하는 등 ‘3·8 독자 제재조치’를 내놨다. 북한 도발을 응징하기 위해 정부와 국제사회가 전방위로 ‘김정은 정권 옥죄기’에 들어간 형국이다.그렇다면 이제 초점은 33세에 불과한 북한 최고 지도자 김정은이 과연 어떤 선택을 할지에 모아진다. 핵을 버리고 협상 테이블에 나올 것인지, 아니면 핵무기와 경제개혁이라는 두 마리 토끼를 안고 간다는 ‘핵·경제 병진(竝進) 노선’을 끝까지 포기하지 않을 것인지 등이다. 이와 관련해 김정은의 ‘흉중’(胸中)을 읽는 데 참고가 될 만한 흥미로운 연구 결과물이 나왔다. 통일부가 의뢰해 이화여대 통일학연구원 이상근 연구위원이 작성한 <김정은 리더십 연구: 김정일과의 비교를 중심으로(이하 ‘김정은 리더십 연구’)>라는 제목의 보고서다.이 보고서는 태어날 때부터 왕자로 대접받고 자라 시쳇말로 금수저를 물고 태어났다는 김정은이 자유분방하면서도 적극적이며 승부욕이 강해 지는 것을 몹시 싫어하는 ‘무인(武人)적 리더십’을 보이고 있다고 분석했다. 그런 김정은의 성향을 토대로 내린 보고서의 결론은 이렇다. “강대국들의 압력에 굴복하는 것을 극도로 싫어하는 김정은의 리더십을 감안할 때 그가 핵을 포기하는 결단을 내리기를 기대하기는 어렵다.”보고서는 또 일관성이 강하고 실리를 계산적으로 추구하는 김정은 스타일에 비춰보면 북한은 앞으로 경제개혁을 지속적으로 추진할 가능성이 높다고 예상했다. 대외 개방도 점진적으로 추진할 것이라고 내다봤다. 다음의 서술내용은 이상근 연구위원의 연구보고서를 토대로 ‘김정은 리더십’의 원형을 탐구한 것이다.l 어려서부터 남다른 승부욕… 폭력적 성향도김정은의 리더십을 정확히 이해하려면 그가 태어나 거쳐온 성장 환경을 살펴볼 필요가 있다. 김정은의 개인사에서 두드러지는 특징은 그가 북한의 일반 주민들은 물론 파워엘리트와도 따로 떨어진 채 성장했고, 성인이 된 뒤에도 이름 등 신분을 드러내지 않고 살아왔다는 점이다. 세종연구소 정성장 통일전략연구실장은 “김정은은 태어날 때부터 왕자로 태어나 일반 사회와 격리됐기 때문에 누구를 의식할 필요없이 자유롭고 행복한 어린 시절을 보냈다”고 설명했다.김정은의 이 같은 유년기 성장환경은 부친 김정일과도 상당한 차이를 보이는 부분이다. 김정일은 처음부터 왕자로 성장했던 것은 아니기 때문이다. 1942년생인 김정일은 1945년 해방 이후 수상의 아들로 상당한 특권을 누리긴 했지만 늘 다른 사람들의 눈을 의식하며 살았다. 1947년 한 살 어린 남동생이 익사했고 2년 뒤인 1949년에는 생모 김정숙을 잃는 아픔도 겪었다. 또 해방, 한국전쟁, 권력투쟁 등 정치적 소용돌이를 눈으로 지켜보며 자랐다.그에 비하면 김정은은 걱정거리 없는 어린 시절을 보냈다. ‘김정은 리더십 연구’ 보고서에 따르면, 김정은은 늘 형과 함께 지냈고 수행원을 겸하는 10대 미소녀 두어 명과 어울려 다녔다. 운전기사·영화기사·경호원·요리사 등도 간혹 김정은 형제의 놀이상대가 돼줬다.김정은은 13세가 된 1996년 여름부터 4~5년간 스위스에서 지낸 것으로 파악된다. 김정은은 이때 형 김정철이 다니던 베른 국제학교에 다니다가 몇 달 뒤 그만둔 것으로 알려졌다. 이후 베른 인근의 리베펠트 슈타인횔츨리학교에 편입해 2000년 가을까지 학교를 다녔다.김정은은 공립학교에 다닐 당시 북한 외교관 아들로 신분을 위장했다. 이름도 ‘박은(Un Park)’이라는 가명을 썼다. 이 당시 김정은은 프로농구에 흠뻑 빠졌다. 함께 어울렸던 동급생들의 증언에 따르면 김정은은 방과후 친구들과 농구를 즐겨 했고, 친구들을 집으로 데려가 미국프로농구(NBA) 경기를 자주 시청했다.김정은의 승부욕이 남달랐던 것은 농구 경기 등을 통해 청소년기부터 드러났다는 게 북한 전문가들의 일반적 견해다. 동국대 김용현(북한학과) 교수는 “김정은이 농구를 할 때만은 격렬한 플레이를 했고 지는 것을 몹시 싫어했다는 동급생들의 증언이 있다”고 말했다. l 北 최고지도자, ‘능력’보다 ‘백두혈통’이 결정적1. 김정일 국방위원장이 후계자인 김정은(당 중앙군사위 부위원장)과 함께 자강도 희천발전소 건설장을 현지지도했다. 조선중앙통신은 이 사진을 2010년 11월 4일 보도하며 촬영 날짜와 시각은 밝히지 않았다. 2. 북한 김정일 사망 2주기인 17일 평양 만수대 언덕에 있는 김일성(왼쪽)·김정일의 대형 동상 앞에 김정은이 헌화한 꽃이 놓여 있다. [중앙포토]김정은의 강한 승부욕은 때로 폭력적 성향으로 드러나기도 했다. 커트 캠벨 전 미 국무부 동아시아태평양 차관보는 김정은의 고모부인 장성택이 처형된 직후인 2013년 12월 14일 미국 매체 CNN과의 인터뷰에서 “미 정부가 김정은의 성격을 알아보기 위해 스위스 학교 동급생 등 많은 사람을 접촉했다. 김정은은 매우 위험하고 예측불가능하며 과대망상증이 있고 폭력지향적이라고 결론내렸다”고 전했다.김정은은 나이가 조금씩 들면서는 학창 시절에 경험한 서방 세계에 비해 훨씬 낙후된 북한 경제난의 실상을 조금씩 깨우치기 시작한 것으로 보인다. 김정일의 일본인 전속 요리사 후지모토 겐지는 자신이 쓴 책 <북한의 후계자 왜 김정은인가>에서 2000년 8월쯤 김정은과 나눈 대화를 이렇게 기억했다.“김정은은 북한의 공업기술이 다른 아시아 국가들에게 비해 많이 뒤처져 있으며 김정일과 가족이 머무르는 초대소마저도 자주 정전이 될 정도로 전력 부족이 심각하다는 현실을 거론했다. 또 중국이 공업·상업·농업 등 여러 면에서 성공을 거두고 있다는 이야기를 김정일에게 들었다면서 북한이 본보기로 삼아야 할 것이라고 말했다.”북한의 후계자 선정 과정은 수령이 살아 있는 동안 진행된다. 김일성이 김정일에게, 또 김정일이 김정은에게 권력을 넘겨주는 과정은 모두 수령 생존 기간에 후계 구도가 짜였다.다만 김정일은 1974년 후계자 내정 이후 김일성이 사망한 1994년까지 20년이라는 장기간의 후계체제 구축 과정이 있었던 반면, 김정은의 권력 세습은 2009년 1월 후계자 내정 이후 2011년 12월 김정일이 사망하기까지 만 3년이 채 안 되는 기간 동안 ‘속성’으로 진행됐다는 점이 대비된다.김정일은 김일성이 1971년 제6차 조선사회주의노동청년 동맹 대회에서 후계자 문제를 거론한 이후 1974년 제5기 8차 전원회의에서 정치위원으로 추대되면서 김일성의 후계자로 공식 내정됐다. 이때부터 북한의 주요 매체들은 김정일을 ‘당 중앙’으로 부르기 시작했다.이처럼 차곡차곡 후계 구도를 완성해간 김정일과는 달리 김정은은 당의 공식 절차 없이 김정일의 지명에 의해 후계자 권력을 넘겨받았다. 정성장 연구실장은 “2008년 8월 뇌졸중으로 쓰러진 뒤 한동안 공식석상에서 모습을 감춘 김정일이 이듬해인 2009년 1월 대외활동을 재개하면서 가장 먼저 한 일은 셋째 아들인 김정은을 후계자로 지명한 것이었다. 그만큼 김정은 후계체제 구축은 상당히 급박하게 이뤄졌다”고 말했다.김정일의 후계자 정통성으로 능력과 자질 등 지도자 리더십이 부각된 반면 김정은이 ‘백두 혈통’이라는 핏줄이 유독 강조된 것도 이런 배경에서다. 이때부터 김정은 선전 벽보에는 “만경대 혈통, 백두의 혈통을 이은 청년 대장 김정은 동지”라고 실렸고, 김정은의 찬양 가요인 ‘발걸음’이 조선중앙 방송에 반복해서 방영됐다.김정은의 후계자 지위를 강화하기 위해선 파워엘리트 후견 그룹도 필요했다. 이를 위해 후견인으로 등장한 인물이 당의 장성택(김정은 고모부), 군의 이영호 총참모장이었다. 김정일은 2010년 6월 장성택을 국방위원회 부위원장에 임명해 ‘백두혈통의 후견인’을 맡겼고, 이영호를 중앙군사위원회 부위원장에 앉혀 ‘선군(先軍) 후견인’으로 내세웠다.하지만 공교롭게도 이들 양대 후견인은 김정은 집권 2년이 채 안 돼 형장의 이슬로 사라졌다. 이영호는 2012년 7월 정치국 확대회의에서 모든 직위를 박탈당하며 숙청됐다. 장성택은 2013년 12월 8일 정치국 확대회의에서 ‘반당 반혁명 종파행위’로 낙인찍혀 회의장에서 끌려나간 뒤 나흘 만에 사형을 선고받고 그 자리에서 처형됐다. 이후 2015년 5월 현영철 인민무력부장, 올 2월 이영길 총참모장 등 고위 간부들의 숙청이 줄줄이 이어졌다.김정은은 한쪽으로 공포정치를 통해 집권 체제 강화를 시도하면서도 또 다른 한쪽으로는 ‘인민 속으로’ 들어가는 대중정치도 적극 활용하는 양면 전략을 구사하고 있다. 북한 노동당 기관지 <노동신문>은 지난 1월 15일 김정은이 직접 기타를 치며 노래를 부르는 사진을 내보냈고, 사흘 후(1월 18일)에는 대남 선전매체 <우리민족끼리>가 2012년 5월 김정은이 한 이발소를 찾아 여성 이발사들에게 “누가 (내) 머리를 깎아주겠는가”라고 물어보는 등 화기애애한 분위기를 자아냈다고 소개했다. 동국대 김용현(북한학과) 교수는 “친근한 지도자 이미지로 주민들의 충성심을 한껏 고취시키려는 의도”라며 “이는 ‘은둔형 지도자’라고 불렸던 김정일 때와는 확실히 달라진 모습”이라고 말했다.l “인민이 ‘노동당 만세’ 부를 수 있도록 해야”김정일 사망 후 김정은 집권 첫해인 2012년 1월 17일 양형섭 최고인민회의 상임위원회 부위원장은 AP통신과의 인터뷰에서 김정은 시대 경제운용 방식의 단서가 될 만한 얘기를 했다. 당시 양형섭은 김정은이 지식기반 경제에 초점을 맞추고 있으며 중국 등 다른 나라들에서 시행된 경제개혁을 연구하고 있다고 전했다.김정은은 그해 1월 28일 조선노동당 간부들을 만난 자리에서 “공장과 기업이 충분히 가동되지 않아 생필품이 제대로 공급되지 않으니 인민들의 생활이 불편하다”고 지적했다. “인민들이 어려운 생활을 하면서도 변함 없이 노동당을 따르고 있다. 이런 훌륭한 인민들에게 더 나은 물질과 문화생활을 보장해주어 인민이 언제나 노동당 만세를 부를 수 있도록 해야 한다”고도 했다.2012년 4월 15일 김일성 탄생 100주년 기념 열병식 연설에서도 김정은은 인민들의 먹고 사는 문제를 비중 있게 언급했다. 김정은은 “인민이 다시는 허리띠를 졸라매지 않게 하고 사회주의 부귀영화를 마음껏 누리게 하자는 것이 확고한 결심”이라며 “경제 강국을 전면적으로 건설하는 길에 들어서야 할 것”이라고 강조했다.김정은이 북한 경제를 성장시킬 비책으로 삼는 것은 과학기술과 지식경제 비전이다. 실제로 김정은은 집권 후 뚜렷하게 과학기술 우대정책을 펴고 있다.지난해 11월 과학기술정책연구원 이춘근 선임연구위원이 쓴 ‘북한 김정은 시대의 과학기술정책 변화와 시사점’이라는 제목의 보고서에 따르면, 과학기술계에 대한 김정은의 특혜는 북한 곳곳에서 확인된다. 김정은 집권 후 평양을 중심으로 조성된 ‘은하과학자거리’, ‘위성과학자주택지구’, ‘미래과학자거리’ 등이 그 예다. 북한 국가과학원이 김정은 집권 1년 뒤인 2012년 12월 창립 60주년을 전후해 대대적인 체제 개편을 벌여 ‘먹는 문제’를 해결하기 위한 생명공학과 에너지, 정보·나노, 자동화 등 첨단기술에 집중하고 있다는 분석도 나온다. 이 선임연구위원은 “김정은 시대 들어 지식경제 구현과 강성국가 건설을 목표로 과학기술의 중요성과 역할이 매우 커졌다”고 진단했다.김정은은 북한 경제에 대한 처방에서도 기술적 실용성을 앞세우고 있다. 이 부분도 아버지 김정일과는 확연히 대비되는 대목이다. 김정일은 웅장한 시설물을 세우는 것을 국가적 목표로 정하고 이를 통해 주민들의 인정을 받으려 했다. 그 결과로 세워진 것들이 거대한 비날론 공장, 희천발전소 등이다. 하지만 이런 대형사업들은 재정과 기술 부족으로 여러 차례 중단됐고 완공 이후에도 원래 목표에 턱없이 미치지 못하는 성과를 내는 데 그쳤다.이에 반해 김정은은 초대형 사업보다는 관광, 주택건설, 소프트웨어 개발 등 자원투입 규모가 상대적으로 작고 실질적인 성과를 거둘 가능성이 높은 사업을 선호하는 경향이 뚜렷하다.문화·예술·스포츠 정책 면에서도 김정일이 기념비적 건축물이나 이데올로기를 반영한 예술작품 창작에 힘쓴 반면, 김정은은 순수 오락을 제공하는 것으로도 만족하는 모습이다. 선전선동 목적과는 다소 동떨어진 순수한 오락거리를 제공해 엘리트 계층과 일반 주민들의 욕구를 충족시키려 하는 것으로 보인다. 스키장, 빙상장, 인라인스케이트장, 민속공원 건설 등이 그런 사례다. l 핵·경제, 두 마리 토끼 잡을 수 있을까김정은이 그려나가는 북한의 모습은 어떤 것일까. 김정은이 새해 첫날 육성으로 발표한 ‘2016년 신년사’를 보면, 그 대강을 짐작할 수 있다. 김정은의 올 신년사 주요 대목이다.“동지들! 올해는 조선노동당 제7차 대회가 열리는 뜻 깊은 해입니다. 우리는 주체혁명 위업 수행에서 역사적인 분수령으로 될 당 제7차 대회를 승리자의 대회, 영광의 대회로 빛내어야 합니다. ‘조선노동당 제7차 대회가 열리는 올해에 강성국가 건설의 최전성기를 열어나가자!’ 이것이 우리 당과 인민이 들고나가야 할 전투적 구호입니다. (…) 경제강국 건설에 총력을 집중하여 나라의 경제발전과 인민생활 향상에서 새로운 전환을 일으켜야 하겠습니다.”김정은은 신년사에서 “‘자강력 제일주의’를 높이 들고 나가야 한다”면서 구체적인 실천 지침을 제시하기도 했다. 분야별 과제가 제시됐는데 경제가 정치·군사·사회·문화를 제치고 맨 앞에 올랐다. 36년 만에 치르게 되는 5월 당대회에서 명실상부한 자신의 시대를 열어젖히려는 김정은에게는 경제 강국 건설이 가장 시급한 화두임을 보여주는 부분이다.하지만 그러면서도 김정은은 핵을 내려놓지 않는 ‘핵·경제 병진 노선’을 끝까지 고수하고 있다. 올해 신년사에서는 핵 관련 언급을 자제했지만, 신년사 이후 5일 만에 4차 핵실험을 감행해 국제사회를 충격에 빠뜨렸다.김정은은 김정일 사망 후 집권 2년차인 2013년 2월 이미 3차 핵실험을 강행한 바 있다. 북한대학원대학교 양무진 교수는 “이미 그때부터 김정은은 핵 보유를 기정사실화하고 독자적인 생존을 추구하겠다는 판단을 했던 것으로 보인다”며 “핵 개발을 미국과의 협상용으로 내세워 체제 보장을 약속받는 데 더 이상 얽매이지 않기로 한 것”이라고 분석했다.핵·경제 병진 노선이 일시적 선택이 아니라 항구적 노선이라는 점은 최근 공개된 북한의 대외 선전용 책자 <조선에 대한 이해>에서도 드러난다. 세종연구소 정성장 실장이 지난 3월 13일 공개한 이 책자는 북한을 방문한 외국인에게 팔기 위해 제작된 것으로 자연·역사·정치·군사·경제·문화 등 각 권별 주제에 대한 질문과 답변 형식으로 북한을 소개하고 있다.이 책의 4권 ‘군사’ 편에서는 “2013년 3월 조선노동당 중앙위원회 전원회의에서 제시된 경제건설과 핵무력건설의 병진 노선은 핵무력을 강화·발전시켜 나라의 방위력을 완벽하게 다지면서 경제건설에 더 큰 힘을 넣어 사회주의 강성국가 건설 위업을 완성하기 위한 전략적 노선이다”라고 정의했다. 그러면서 “경제건설과 핵무력건설의 병진 노선은 급변하는 정세에 따르는 일시적인 대응책이 아니라 항구적으로 틀어쥐고 나가야 할 전략적 노선”이라고 못박았다.- 글 김형구 기자 kim.hyounggu@jtbc.co.kr [박스기사] 인터뷰  '김정은 리더십 연구’ 낸 이상근 이화여대 통일학연구원 연구위원 - “김정일이 예술가형이면 김정은은 무사형 가까워”北 체제는 핵·경제 병진 노선에 따라 ‘방향성’을 갖고 변화해가는 것으로 파악 통일부 의뢰로 지난해 6개월간의 연구 끝에 ‘김정은 리더십 연구’를 내놓은 이상근 이화여대 통일학연구원 연구위원은 “김정일은 ‘예술가형 리더십’, 김정은은 ‘무사형 리더십에 가깝다”고 분석했다. 예술가적 리더십을 발휘한 김정일이 장엄함을 중시하면서 겉으로 보이는 것을 우선시하는 ‘극장정치’에 주력했다면, 김정은은 효율성을 우선시하면서 모험을 무릅쓰는 경향도 드러낸다. 다음은 이 연구위원과의 일문일답.김정은 리더십 연구에 오랫동안 공을 들인 이유는?“럭비공처럼 튀고 예측하기 어려운 북한 정권과 지도자의 행태 때문에 ‘김정은의 리더십이 위태로운 것 아니냐’는 주장을 펴는 사람이 많았다. 하지만 북한 체제는 김정은이 제시한 핵·경제 병진 노선에 따라 분명히 ‘방향성’을 갖고 변화해가고 있다는 생각을 했다. 북한은 최고지도자의 권력 집중이 어느 나라보다 심하기 때문에 김정은 리더십이 어떤 특징을 갖고 있는지를 정밀하게 살펴보는 것이 북한의 현재를 파악하고 미래를 예측하는 데 제일 중요하다.”김정은이 핵 개발을 포기하지 않는 이유는 뭔가?“더 이상 핵 개발을 협상수단으로 삼아 미국으로부터 안전에 대한 보장과 체제 인정을 얻어내려 하지는 않겠다는 결정 때문으로 보인다. 미국으로부터의 안전 보장과 체제 인정을 추구하되 핵 보유국으로도 인정받겠다는 것이다.”왜 핵과 경제라는 두 마리 토끼를 다 잡으려 한다고 보나?“핵·경제 병진 노선은 한마디로 국방비를 늘리지 않고도 적은 비용으로 나라의 방위력을 강화하면서 경제건설과 인민생활 향상에 큰 힘을 돌릴 수 있게 한다는 전략이다. 김정은으로서는 어차피 핵을 포기하기 어렵다면 핵 보유를 명분으로 군사비 지출을 줄이고 경제건설에 자원을 더 배분하겠다는 계산이 선 것으로 보인다.”보고서에서는 김정일이라면 달랐을 것으로 분석했는데, 어떤 차이가 있나?“김정일은 장거리 미사일을 쏘고 대북제제에 맞서 다시 핵실험을 하고서도 미국을 결국 협상 테이블로 이끌어내는 리더십을 보였다. 김정일이라면 핵·경제 병진 노선을 발표해 미국과의 협상 여지를 스스로 막아버리진 않았을 것이다. 반면에, 김정은은 미국의 압력에 대해 미국의 예상을 뛰어넘는 초강경 정책으로 대응하는 한편 과거와 다른 협상조건을 제시했다. 또 미국이 이를 받아들일 수 없다면 대화를 못해도 그만이라는 입장을 취하고 있다.”김정은은 지난 1월 4차 핵실험을 할 때 중국에 알리지 않았다. 대중 관계에서도 강경한 자세를 취하는 것인가?“북한의 핵 정책에 대한 중국의 비판적 입장, 그리고 뒤 이은 대북 압박은 북한 지도부의 예상보다 훨씬 강했다. 그럼에도 김정은은 중국과의 관계 개선에 적극적으로 나서지 않고 있다. 이는 북·중관계가 다소간 악화되더라도 혈맹 관계의 근간을 무너뜨릴 정도는 아니라고 판단했기 때문일 것이다. 북한의 경제상황이 이전보다 개선된 데 따른 김정은의 자신감과 지기 싫어하는 특유의 개인적 기질이 작용한 결과이기도 하다.” 



	"
"""당비 내줄게""…5800만원 살포한 비례대표 공천 신청자 고발",http://news.joins.com/article/19866321,"
수천만원의 불법자금을 살포해 당원을 모집한 비례대표 공천신청자가 적발됐다.충북선거관리위원회는 당비를 대신 내주는 조건으로 당원을 모집하고 이 과정에서 5800여 만원의 불법 자금을 제공한 혐의(공직선거법 위반)로 모 정당 국회의원 비례대표 공천 신청자 A씨(70)를 검찰에 고발했다고 10일 밝혔다.A씨는 지난해 5월부터 11월까지 신규 당원 1300여 명에게 4620만원의 당비를 대신 내 준 혐의다. 선관위는 A씨가 모집한 당원 1인당 월 1만~3만원 하는 당비를 6개월간 보전해 준 것으로 보고 있다. A씨는 당원 모집책에게 활동비 명목으로 1200만원을 제공한 혐의도 받고 있다.공직선거법상 후보자는 선거구 내 유권자나 기관·단체·시설에 기부행위를 할 수 없도록 규정돼 있다. A씨는 비례대표 공천을 받지 못했다.청주=최종권 기자 choigo@joongang.co.kr



	"
격전지 서울 종로·대구 수성 사전투표도 후끈,http://news.joins.com/article/19865356,"
8~9일 이틀 간 진행된 20대 총선 사전투표의 투표율이 12.2%로 집계됐다. 중앙선거관리위원회에 따르면 8일 오전 6시부터 이날 오후 6시까지 진행된 사전투표에서 총 유권자 4210만398명 중 513만1721명이 투표에 참여했다.2013년 제도 도입 후 첫 전국 단위 선거였던 2014년 6대 지방선거 사전투표율은 11.5%로, 이번이 0.7%포인트 높았다.사전투표를 합친 6대 지방선거의 총 투표율은 56.8%로, 2010년 5대 선거보다 2.3%포인트 증가 효과를 봤다. 선관위는 당초 이번 사전투표율이 15%를 넘길 것으로 예측했지만 기대치엔 못 미쳤다.지역별 투표율은 전남(18.9)-전북(17.3)-세종시(16.9)-광주(15.8) 순으로, 6대 지방선거 사전투표때(전남-전북-세종-강원)와 비슷했다. 관심지역중엔 대구 수성구가 14.6% 투표율을 기록, 대구시 평균(10.1%)보다 약 1.5배 높았다.수성갑에선 새누리당 김문수-더불어민주당(더민주) 김부겸, 수성을에선 새누리당 이인선-무소속 주호영 후보가 맞붙고 있다. 오세훈(새누리당)-정세균(더민주) 후보가 격돌한 서울 종로도 14.2%로 서울에서 최고 투표율(서울시 평균은 11.6%)을 기록했다.최정묵 한국사회여론연구소 부소장은 ""야권 성향 지지자들이 많이 참여한 것으로 보여 비 새누리당 후보들에게 유리해 보이지만 본 투표에서 여권 결집 반작용이 생길 수도 있다""고 분석했다.사전투표는 후보 사퇴 등 선거일(13일) 전 사흘 동안 발생할 지 모를 돌발변수가 감안되지 않아 선거 최종결과에도 영향을 미칠 수 있다. 6대 지방선거에선 통합진보당 백현종 경기지사 후보가 사전투표 마감 뒤 사퇴하는 바람에 15만표의 무효표가 발생했고, 이로 인해 남경필 새누리당 후보가 김진표 새정치민주연합 후보를 4만여표 차이로 이기는 데 원인을 제공했다는 분석도 나왔다.◇키워드: #20대 총선#사전투표율이충형ㆍ추인영 기자 adche@joongang.co.kr 



	"
"""중국 북한식당 종업원들,북한 여권 이용해 동남아행""",http://news.joins.com/article/19865344,"
중국의 북한식당에서 일하다 한국으로 온 종업원 13명은 저장성 닝보(寧波)의 류경식당에서 일하던 종업원으로 밝혀졌다.중국의 한 소식통은 ""중국 기업과의 합작으로 설립된 이 식당 관계자에 대해 현지 당국이 진상 확인 차원에서 1차 조사를 한 상태""라며 ""종업원들은 북한 여권을 이용하여 중국을 출국한 것으로 보인다""고 밝혔다.본지가 중국 소식통이 알려준 류경식당과 전화 통화를 한 결과, 이 식당이 며칠 전부터 영업 중단에 들어간 것으로 확인됐다. 이는 종업원의 집단 탈출 사태와 관련이 있는 것으로 해석된다. 예약접수 번호로 전화를 받은 중국인 직원은 ""요 며칠 전부터 영업을 중단한 상태여서 예약 접수를 받지 않고 있다""고 말했다. 중단 이유를 묻는 질문에는 ""사나흘 전 종업원들이 사라졌다”며 ""언제 다시 영업을 재개할지 알 수 없는 상태""라고 말했다. 중국 동북 지방의 북한 식당에서 일하다 옮겨온 직원이 있느냐는 질문에 대해서는 ""예전에 있었지만 지금은 없다""고 대답했다. 서울에 도착한 종업원은 원래 지린(吉林)성의 북한 식당에서 일하다 수개월 전 닝보로 옮겨온 것으로 알려져 있다.한편 이들의 탈출 경위에 대해 중국 소식통은 ""북한 종업원들이 소지한 여권은 합법적이기 때문에 비행기표만 구입하면 동남아로 출국하는 데 아무런 문제가 없다""며 ""출입국 기록과 탑승 기록을 정밀 조사해봐야겠지만 현재로선 중국 당국이 그들의 출국에 협력했다는 정황은 드러난 게 없다""고 말했다. 닝보 공항엔 동남아 20여 개 도시로 운항하는 항공편이 있다.그는 이어 ""평소 북한 종업원들의 여권은 함께 탈출한 남성 지배인이 일괄 관리해 온 것으로 알고 있다""며 ""그가 탈출을 주도했거나 공모한 것이라면 다른 탈북자들과 달리 중국 당국의 협력을 받지 않고도 중국땅을 벗어날 수 있다""고 설명했다. 이는 북한 종업원들의 집단 탈출이 신속한 출국조치 등 중국 정부의 협력 아래 이뤄진 것이라는 분석이나 전언과 배치되는 것이다. 주중 한국대사관 관계자들은 ""이번 사안은 대사관이나 중국 내 한국 총영사관이 관여한 바가 없을 뿐 아니라 전혀 알지도 못했다""고 말했다. 대사관이나 총영사관 경내로 들어온 탈북자에 대해서는 보호조치를 하면서 중국 측의 협력을 받아 한국행이 이뤄지도록 하는 사례가 있지만 이번 사안은 그렇지 않다는 것이다.주중 대사관의 간부는 ""당사자들에 대한 국내 관련 당국의 조사가 끝나면 탈출 경위도 자세하게 밝혀질 것""이라고 말했다.  주한 중국대사관 왕위민 정무과장은 ""우린 한국 언론 보도를 보고 알았는데 처음 동남아의 북한식당이라고 했다가 나중에 중국에서 왔다고 해 더 놀랐다""며 ""북한인들이 독자적으로 움직인 게 아닌가 추정된다""고 말했다.   베이징=예영준 특파원 yyjune@joongang.co.kr 



	"
"안철수, 문재인에 ""19대땐 왜 새누리 과반 만들었나""",http://news.joins.com/article/19864592,"
안철수 국민의당 공동대표는 9일 서울 중랑구를 시작으로 성남·용인·수원·군포·의왕·부천·안산을 돌며 수도권에서 집중 유세를 벌였다. 그는 ""국민의당이 새누리당에 과반 어부지리를 준다""는 더불어민주당 문재인 전 대표의 광주 비판에 ""왜 19대 국회에서 새누리당 과반을 만들었느냐""고 반박했다. [중앙포토]안철수 국민의당 공동대표가 9일 ""국민의당이 새누리당에 과반 어부지리를 준다""는 더불어민주당 문재인 전 대표의 광주 비판에 대해 ""그러면 왜 19대 국회에서 새누리당 과반을 만들었느냐""고 반박했다.안 대표는 이날 오후 수원에서 열린 국민의당 합동유세 직후 기자들의 질문에 ""1번을 그대로 놔두고 2~8번을 다 합쳐도 못 이긴다""면서 이 같이 말했다.그러면서 ""문제는 현재 합리적이고 개혁적인 새누리당 지지자분들이 이탈하고 있는 점""이라며 ""그 (새누리당) 이탈자들을 담을 그릇이 저희 국민의당이 되겠다""고 말했다.안 대표는 기자들이 ""새누리 이탈자를 담아내기에 영남권에 경쟁력있는 후보가 없다""고 지적하자 ""창당 두 달만에 여러가지로 노력했지만 아직 많이 부족하다""며 ""수도권부터 시작해 앞으로 계속 전국정당으로 거듭나는 계기를 만들겠다""고 답했다.새누리당 김무성 대표가 유세에서 ""야당의 공약은 독약이 발린 거다. 먹으면 죽는다""고 비판한 데 대서도선 ""새누리당이 초조한 거 같다. 초반엔 칭찬일색이더니 굉장히 초조해보인다""고 답했다.안 대표는 ""이번 공약들을 비교해보면 국민의당 공약이 가장 실현가능성있고 정직하다는 게 전문가들 평가""라며 ""예를 들어 일자리창출 공약도 국민의당은 85만개를 제시했는 데 새누리당 500만개 이상, 더민주 300만개, 정의당은 200만개인 데 누가 가장 거짓말하고 실현불가능한 공약을 내세웠는 지는 숫자만 보면 현명한 국민이 평가할 수 있을 것""이라고 주장했다.안 대표는 이날 서울 중랑구를 시작으로 성남·용인·수원·군포·의왕·부천·안산을 돌며 수도권에서 집중 유세를 벌였다. 그는 ""대한민국의 위기는 1번, 2번 기득권 양당 철밥통 때문""이라며 ""두개의 당만 있다보니 반대만하고, 싸움만해도 쉽게 반사이익 얻어 국회의원이 된다""고 말했다.이어 ""노력하지 않고도 정치적 이득을 얻으니 민생문제 해결 관심이 없다""며 ""1, 2번이 싸울 때 국민의당이 20대 국회에서 민생문제 해결 방법을 제시하겠다""고 주장했다.앞서 문재인 전 대표는 이날 오전 광주 무등산에서 ""지금 국민의당이 걷고 있는 길은 제1당에 어부지리를 줘 여당 의석을 늘려주는 것""이라며 ""(국민의당이) 양당 구도를 깬다면서 1당구도를 만들어주는 것""이라고 공격했다.문 전 대표는 ""국민의당이 다당제를 얘기하는 것도 이해는 가지만, 다당제는 제1당이 과반이 되지 않도록 하는 것이 전제""라며 ""그래야 2·3당이 연정을 통해 제1당의 폭정을 막을 수 있다""고 말했다.이지상 기자 ground@joongang.co.kr



	"
"'큰절' 올린 문재인 ""전략투표 해달라…국민의당 찍으면 새누리 어부지리""",http://news.joins.com/article/19864533,"
 더민주 문재인 전 대표가 전북 전주 전북대 입구에서 열린 합동유세에서 지지연설을 마친 뒤 후보들과 큰절을 올렸다.더불어민주당 문재인 전 대표가 9일 1박2일간의 호남 방문 일정을 마무리했다.문 전 대표는 방문 둘째날인 9일에는 '호남의 전략적 투표'를 강조했다. 전날 광주의 민주화의 상징인 충장로에서 “호남이 지지를 거두면 대선에 불출마한다”고 선언한 이후에 내놓은 공격적 메시지다.문 전 대표는 이날 오전 광주 무등산에서 시민들과 만나 “국민의당은 호남 밖에서는 안철수 대표 한 명 말고는 당선될 사람이 하나도 없다”며 “호남이 바라는 것이 호남 내에서 지지받는 게 아니라 호남이 밀어주면 그 힘을 바탕으로 호남 바깥에 나가서 이겨라, 그래서 정권을 바꾸라는 것이다.그런데 호남 바깥에 한 명도 없는 당이 어떻게 정권교체의 역할을 하겠느냐”고 말했다. 문 전 대표는 이어 “더민주가 많이 부족했고 실망시킨 것을 잘 알고 있지만, 새누리당과 맞서 정권을 교체할 세력은 더민주밖에 더 있나. 그런 부분을 전략적으로 택해달라”고 호소했다.광주에서의 열렬한 지지를 확인한 문 전 대표는 전북 일정부터는 유세차에 오지 않으려던 계획도 변경해 마이크를 잡았다. 전북은 광주에 비해 문 전 대표의 지원유세 요청이 많았던 곳이다.문 전 대표는 이날 오후 전북 정읍-고창에 출마한 하정열 후보의 유세장에서 유세차에 올라 “어제 광주를 갔지만 아직 제가 호남과 전북에서는 단상 위에 올라서 후보들을 지원하는 유세를 지원하기에는 아직 이르다 생각해서 단상에 오르진 않았다”며 “올라온 김에 말씀 드리겠다”며 말문을 열었다.문 전 대표는 이 자리에서도 전략적 투표를 강조했다. 그는 “호남 안에서 전북 안에서 ‘더민주가 낫냐, 국민의당이 낫냐’ 따질 때가 아니다”라며 “(국민의당은) 교섭단체가 될까말까 하는 군소정당으로는 정권교체를 해낼 수 없다. 3당 구도를 만들겠다고 하지만 1당의 새누리당의 과반 의석을 저지해야만 3당 구도의 의미가 있다”고 강조했다. 문 전 대표의 유세현장엔 2000여명의 지지자들이 몰렸다.전주 갑·을·병에 출마한 김윤덕·최형재·김성주 후보가 참석한 전주 합동 유세에서도 유세차에 올랐다. 그는 이 자리에서는 호남의 전략적 투표를 수도권에까지 확산시켜달라고 요청했다. 문 전 대표는 “전주 시민도 전략적 투표를 해야 하지만 또 하나 더 있다”며 “수도권에 있는 전북 출신 유권자들까지 전략적 투표를 할 수 있도록 해달라”고 말했다.그러면서 “수도권에 국민의당 후보 많이 나왔지만 당선될 분이 아무도 없는데 더민주 후보를 떨어뜨릴 역할만 해서 새누리당에 어부지리를 주게 돼 호남과 또 다른 전략적 투표가 필요하다”고 주장했다.김성주 후보와 맞붙는 국민의당 정동영 후보를 겨냥해선 “돌아온 정동영도 있지만 계속 밀어줘도 전주 발전 시켜준 것 같지 않아 여러모로 복잡할 것 같다”며 “더이상 머뭇거리지 말라. 미우나 고우나 좀 부족해도 정권을 교체할 수 있는 당은 더민주밖에 없다”고 강조했다. 문 전 대표는 이어 유세 중 유권자들을 향해 큰절을 올리기도 했다.문 전 대표는 전북 전주에 이어 김춘진(김제-부안)·한병도(익산을) 후보의 선거사무소를 방문하면서 1박2일의 광주·호남 일정을 마치고 서울로 돌아왔다. 10일에는 서울과 경기 등 수도권에서 지원유세에 나설 계획이다.광주=강태화 기자 thkang@joongang.co.kr



	"
"지상욱, 심은하와 함께 사전투표",http://news.joins.com/article/19861670,"
4ㆍ13 총선 새누리당 서울 중-성동을 후보로 나선 지상욱 후보와 배우인 아내 심은하씨가 8일 오후 지역구내에 위치한 중구 다산동 주민센터 강당에서 사전투표를 했다.9일까지 진행되는 사전투표 첫날 투표소를 찾은 지 후보는 “이번 총선은 말이 아니라 행동과 실천으로 새로운 정치를 실현할 수 있는 국회의원을 뽑는 중요한 선거” 라며 “그 어느 때보다 유권자 여러분들의 현명한 판단과 선택이 중요하다”고 말했다.그는 “사전투표가 활성화되면 투표 포기층의 참여를 더욱더 많이 이끌어낼 수 있다”며 “사전투표의 중요성을 알리고 독려하기 위해 총선일이 아닌 사전투표일에 투표를 하게 됐다”고 밝혔다.이가영 기자 ideal@joongang.co.kr 



	"
사전투표 마치고 'V' 인증샷은 선거법 위반?,http://news.joins.com/article/19861669,"
사전투표를 마친 후 손가락으로 기호 2번을 암시하는 ‘V’ 표시를 한 투표 인증샷을 소셜네트워크서비스(SNS)에 게시할 경우 선거법에 저촉될까. 선관위에 따르면 이번 사전투표에 한해서는 선거법 위반이 아니다.9일까지 진행되는 사전투표는 13일 총선 당일 투표와는 다른 점이 있다. 선거운동 기간 중에 진행되기 때문이다. 엄지손가락 등으로 새누리당 기호인 1번을 나타내거나 ‘V’ 등의 기호를 표시한 투표 인증샷 같은 선거운동은 가능하다는 게 선관위의 설명이다.반면 선거운동이 끝난 13일 투표 때는 이런 인증샷을 올리면 선거법 위반이다. 특정 후보의 선거운동을 위하는 것으로 인식되는 행위를 할 경우 3년 이하의 징역이나 600만 원 이하의 벌금을 받을 수 있다.사전투표 땐 투표 인증샷을 올리며 지지정당을 밝히는 것도 가능하다. 특정 정당과 후보자의 선거사무소나 선거벽보, 선거 시설물을 배경으로 촬영한 사진을 올리는 것도 허용된다. 각 정당을 상징하는 빨간색이나 파란색, 녹색 옷을 입고 찍은 인증샷을 게시해도 된다. 단 자신이 투표한 사람을 드러내는 것은 허용되지 않는다. 예컨대 ""투표했습니다. 000당 000후보 지지해주세요”는 가능하지만 “0번에 투표했습니다. 0번 지지해주세요“는 불가능하다. 선거운동 기간이라 지지정당과 후보를 밝히는 식의 표현은 가능하지만 본인이 어디에 투표했다고 공표하는 건 비밀투표 원칙에 위배된다고 선관위는 설명했다. 또 사전투표소 100m 안에서 특정 후보를 위한 선거 운동을 하는 것도 금지다.13일 투표 땐 특정 후보나 정당에 대한 지지를 나타내는 인증샷을 올릴 수 없을 뿐 아니라 선거벽보를 배경으로 할 때도 모든 후보자의 선겨 벽보 전체를 배경으로만 해야 한다.기표소 내부나 투표 용지를 촬영하는 것은 사전투표와 선거당일 투표 모두 불가능하다. 선관위 김영헌 공보과장은 “기표소가 아닌 투표소 내부에서 사진을 찍는 것은 가능하지만 다른 유권자의 투표 행위에 방해가 될 수 있기 때문에 투표장 인근에 마련해 둔 포토존에서 인증샷을 찍는 것이 좋다”고 말했다.사전투표는 9일 오후 6시까지다. 신분증만 있으면 전국 3511개 사전투표소에서 전용단말기로 발급받은 투표용지를 이용해 투표할 수 있다. 선관위 홈페이지(http://www.nec.go.kr/)에서 가까운 투표소 위치를 검색할 수 있다.안효성 기자 hyoza@joongang.co.kr



	"
"[속보] 해외 북한 식당 직원 13명 집단 탈출 국내 입국···""대북 제재 후 부담감 느꼈다""",http://news.joins.com/article/19861364,"
북한이 해외에서 운영 중인 식당에서 일하던 13명이 탈북해 7일 국내에 입국했다고 통일부가 8일 발표했다. 같은 식당에서 일하는 종업원들이 한꺼번에 탈북해 집단 귀순한 것은 처음이다. 남자 지배인 1명과 여자 종업원 12명이다.통일부 정준희 대변인은 이들이 ""해외에서 생활하면서 한국 TV 드라마·인터넷 등을 통해 한국의 실상과 체제 선전의 허구성을 깨닫고 최근 집단 탈북을 결심했다""고 전했다.탈북을 결심한 시점에 대해 정 대변인은 ""대북 제재를 국제사회가 강력하게 이행하는 상황에서 해외에 있는 북한 식당도 타격을 받는 것으로 알고 있다. 상납 요구 등 압박이 계속되기 때문에 상당한 부담감을 느낀 것으로 알고 있다""고 말했다.정부가 지난달 8일 독자 대북 제재 조치 중 하나로 발표한 북한의 해외 식당 이용 자제를 계도 등 대북 압박의 여파로 이들이 집단 귀순을 결심했다는 뜻이다.이들이 해외 어느 식당에서 일했는지, 어느 경로를 통해 국내로 입국했는지 등 구체적 탈북 경위에 대해 정 대변인은 ""신변 보호를 위해 밝힐 수 없다""고만 말했다. 이 중 한 종업원은 정부에 ""한국에 오는 것에 대해 (탈북자들끼리) 서로 마음이 통했으며 누구도 거부하지 않았다""고 말했다고 한다.북한은 현재 12개국에서 130여개의 식당을 운영하고 있으며, 이를 통해 벌어들이는 연수익은 1000만달러(약 120억원)에 달하는 것으로 정부는 파악하고 있다.북한의 해외 식당은 2012년 전까지만 해도 100개 남짓에 불과했으나 김정은 체제가 이후 30% 가까이 늘었다. 외화 벌이 거점으로 해외 식당을 활용하기 위해 수를 늘린 것으로 정부는 보고 있다. 이들은 입국 직후 건강 검진을 받았으며 건강은 비교적 양호한 상태다.정부가 탈북자들의 입국을 먼저 발표한 것은 이례적인데다 20대 총선을 닷새 앞두고 이런 발표를 한 이유에 대해 정 대변인은 ""이례적이기 때문에 발표한 것""이라고 말했다. 그는 이어 ""(해외 북한 식당에서 일하는 이들은) 중산층 이상이고 비교적 성분도 좋은 사람들인데 이런 사람들이 한꺼번에 마음을 합쳐서 탈북했다는 것은 의미가 있다고 정부는 판단한다""고 말했다.전수진 기자 chun.sujin@joongang.co.kr



	"
"[속보] ""북한 해외식당 종업원 10여명 집단 탈북해 입국···대북 제재 후 첫 사례""",http://news.joins.com/article/19861052,"
[속보]  ""북한 해외식당 종업원 10여명 집단 탈북해 입국···대북 제재 후 첫 사례""통일부는 북한 해외식당에서 근무하는 종업원 10여 명이 집단 탈출해 이번 주에 국내에 입국했다고 8일 밝혔다.온라인 중앙일보 



	"
[뉴스룸 레터] 문재인과 표심,http://news.joins.com/article/19860844,"
“호남이 지지를 거두면 미련없이 정치 일선에서 물러나겠다. 대선에도 도전하지 않겠다.” 오늘 광주를 찾아간 문재인의 말입니다. 비장한 거취 표명입니다. 다만, 호남에서 몇 석을 잃어야 정계은퇴를 실행할지는 밝히지 않았습니다. 반응은 분분합니다. 정면돌파하는 모습이 눈물 날 정도로 감격적이다, 급하니까 또 쇼 한다, 나중에 다른 말 않게 미리 기준을 못 박아라, 정치인이 한번 말했으면 알아들어야지 뭘 째째하게 숫자를 대라 하냐…. 총선 닷새 전에 나온 문재인의 발언, 호남뿐 아니라 전국의 표심엔 어떤 영향을 줄까요.여론조사가 춤을 춥니다. 할 때마다 숫자가 달라지는 지역이 적잖습니다. 후보 당사자는 물론이고 유권자들도 헷갈립니다. 이게 과연 진짜 표심의 동향인지, 샘플링의 오류 탓인지 말입니다. 하기야 출구조사도 잘 맞지 않는 게 요즘 선거입니다. 응답률이 저조한 여론조사의 신뢰도엔 한계가 있을 수밖에 없습니다. 문제는 그런 조사 결과가 사표(死票) 방지 심리와 맞물려 표심에 실제 영향을 줄 가능성이 있다는 점입니다.미국에선 서민의 대변자를 자처하는 클린턴과 샌더스가 서민의 발인 지하철에 익숙찮아 진땀을 빼더군요. 뉴욕에서 클린턴은 개찰구 통과하는 데 애를 먹었고, 샌더스는 아직도 토큰을 쓰는 줄 알았다 합니다. 미국의 진보적 리더라는 분들도 서민과는 어쩔 수 없는 거리감을 보여줍니다.



	"
총선 닷새 앞두고 격전지 충북 전북 찾은 박 대통령…도시락 강행군 ,http://news.joins.com/article/19860529,"
　박근혜 대통령이 8일 오전 충북창조경제혁신센터(청주)와 전북창조경제센터(전주)를 연이어 방문했다. 총선을 닷새 앞두고 펼친 ‘광포 경제 행보’로 미국·멕시코 순방에서 돌아온 지 이틀만이다. 박 대통령은 지난 2월 25일 취임 3주년을 맞아 대전 창조경제혁신센터를 방문한데 이어 3월 들어 대구(10일)→부산(16일)→충남 아산(18일)→판교 테크노밸리(22일)를 잇따라 찾았었다. 그러다 순방 후 지방 경제행보를 재개한 것이다. 박 대통령은 오전에 충북센터를 찾았는데, 전북센터로 갈 때는 기차로 이동하며 도시락으로 점심을 해결하는 강행군을 펼쳤다.박 대통령은 충북센터를 찾아 그 동안의 주요 성과를 점검하고 향후 운영 계획을 청취했다. 특히 지난 3월 17개 센터에 구축이 완료된 창조경제혁신센터 고용존 통합 발대식에 참석해 창조경제 성과를 바탕으로 추진될 청년일자리 창출 계획에 관심을 표했다. 지난 2015년 2월 출범한 충북창조경제혁신센터는 317건의 특허기술 이전, 금융·법률·생산기술(895건) 원스톱 상담서비스 등을 통해 101개 중소벤처기업을 육성·지원하고 54억원의 투자를 유치하는 등 성과를 거뒀다. 전북센터도 2014년 11월 출범해 102개 중소·벤처기업을 지원하면서 65억5천만원의 투자 유치 성과를 일궈냈다.하지만 박 대통령의 충북·전북 방문은 4·13 총선을 닷새 앞둔 가운데 이뤄져 논란을 낳고 있다. 특히 충북센터가 위치한 청주 4개 선거구에서 새누리당과 더불어민주당 후보가 박빙의 승부를 펼치고 있기 때문이다. 전북센터가 있는 전주는 야권의 텃밭이지만 이곳에서 농림식품부 장관을 지낸 정운천 후보가 새누리당가 야당 후보들과 접전을 펼치고 있다.박 대통령의 지역 방문에 대해 총선 개입이라고 비판해왔던 야권은 총선 공식 선거운동 기간 이뤄진 점을 들어 박 대통령의 행보를 비판했다. 창조경제 현장을 찾아 국정을 챙기는 것 자체가 총선 표심에 영향을 미칠 것이라는 우려에서다. 더민주 김성수 대변인은 이날 “선거가 5일밖에 남지 않았는데 박 대통령이 귀국하자마자 또다시 지방순회를 재개했다”며 “선거개입 논란을 불러일으키는 지방순회를 중단하라”고 말했다. 하지만 청와대 관계자는 “해외 순방을 통한 정상외교에 이어 창조경제 및 청년 일자리 창출을 위한 현장 행보일 뿐”라고 말했다. 신용호 기자 novae@joongang.co.kr 



	"
사전투표하는 AOA 설현 ,http://news.joins.com/article/19859963,"
AOA의 설현이 8일 오후 서울 청담동 주민센터에서 제20대 국회의원 선거 사전투표를 하고 있다. 이번 사전투표는 8·9일 이틀 동안 오전 6시부터 오후 6시까지 전국에 마련된 각 지역 사전투표 장소에서 실시된다.전민규 기자



	"
"[속보] 문재인, 광주에서""호남이 지지 거두면 정치 은퇴하고 대선에도 불출마""",http://news.joins.com/article/19859744,"
문재인 전 더불어민주당 대표가 8일 광주광역시에서 ""호남에서 저에 대한 지지를 거둔다면 미련 없이 정치일선에서 물러나고 대선에도 도전하지 않겠다""며 ""호남의 정신을 담지 못하는 야당 후보는, 이미 그 자격을 상실한 것과 같으므로 진정한 호남의 뜻이라면 저에 대한 심판조차 기쁜 마음으로 받아들이겠다""고 말했다. 문 전 대표는 충장로에서 발표한 '광주시민들께 드리는 글'에서 ""호남인에게 지역 정당이란 불명예를 안기면서까지 그들만의 영달을 쫓는 세력이 이 신성한 호남 땅에서 더 이상 발붙이지 못하도록, 더민주의 모든 호남 후보들은 끝까지 싸워 나갈 것이니 시민 여러분이 그들에게 힘을 달라""며 이같이 강조했다.문 전 대표는 또 ""총선이 끝나면 전당대회를 통해 더민주 지도부도 새로 선출되는데 저는 당권에 일체 관여하지 않을 것""이라며 ""국회의원도 아닌 만큼 시민 속으로 들어가 정권교체의 역량을 키워나갈 것""이라고 말했다. 자신이 노무현 정부 당시 호남을 차별했다는 주장과 관련해 문 전 대표는 ""저에게 덧씌워진 '호남홀대' '호남차별'이라는 오해는 부디 거두어 달라""며 ""그 말 만큼은, 제 인생을 송두리째 부정하는 치욕이고 아픔""이라고 강조했다. 이어 ""저와 당과 호남의 분열을 바라는 사람들의 거짓말에 휘둘리지 말아달라. 그것만은 절대 인정하지 않겠다""고 덧붙였다. 다음은 발표 내용. <광주시민들께 드리는 글>광주시민 여러분, 뵙고 싶었습니다.보고 싶은 마음이 커서, 언제라도 이곳으로 달려오고 싶었는데, 말리시는 분들이 참 많았습니다.정치인으로서, 당의 전 대표로서, 또 그 이전에는 대선주자로서 제가 얼마나 부족한 사람인지 잘 알고 있습니다.호남 분들의 전폭적 지지를 밑거름 삼았던 제가, 여러분에게 한 번도 제대로 승리의 기쁨을 돌려드리지 못했습니다.호남에 고립감과 상실감만 안겨드렸습니다. 강한 야당의 모습을 보여드리지 못했고, 정권교체의 희망도 드리지 못했습니다.당의 분열을 막지 못했고, 후보 단일화도 이루지 못했습니다. 반드시 이겨야 할 국면에서 분열로 인한 패배를 걱정하게 만들었습니다.얼마나 많은 실망을 하셨는지, 잘 알고 있습니다.광주시민 여러분.못난 문재인이 왔습니다. 여러분에게 직접 야단을 맞고,직접 질타를 듣기 위해서, 안 된다는 당을 설득해 이제야 왔습니다.늦어서 죄송합니다. 그리고 그간의 부족함에 대해서도 진심으로 용서를 구합니다. 여러분의 분이 풀릴 때까지, 제 얼굴 맞대고, 호되게 꾸짖어 주십시오.저와 당의 부족한 점을 메우느라 정신없었던 사이, 호남 분들에게 좀 더 가깝게 다가가지 못했습니다. 이렇게 오해와 불신의 골이 깊어졌습니다. 이제라도, 제가 할 수 있는 그 무엇이든 하겠습니다.광주시민 여러분, 죄송합니다.광주시민 여러분.그러나 이제, 제가 대표직에서 물러난 우리 더불어 민주당은 과거의 혼란을 딛고 새롭고 유능한 인재들로 넘쳐 납니다. 저에 대한 섭섭함 때문에, 이 유능한 인재들의 면면을 외면하지 말아 주십시오. 제가 다 담지 못했던 호남 분들의 요구와 열망을, 누구보다 열정적으로 국회에 퍼 나를 인재들입니다.차기, 차차기 이 나라를 이끌어가기에 충분한 인재들이 호남의 더불어 민주당 후보들 속에 있습니다. 정권을 탈환하고, 대권을 꿈꿀 만한 훌륭한 씨앗들이 뿌려졌습니다.더불어 민주당은 이렇게 새로운 인재들로 다시 태어났습니다. 호남 기득권 정치인의 물갈이를 바라는 호남의 민심에 우리당은 호응했습니다.이 분들에게 기회를 주십시오. 자신 있게 기대감을 가지고 힘을 주십시오. 더불어 민주당 기호 2번의 새롭고 활기찬 후보들이야 말로,호남의 정신과 열정을 한 지역에 가두어 두지 않고 전국적으로 확장시켜 갈 인재들입니다.호남 정신의 지평을 전국으로 넓히면서 지역 경제, 문화에 새 바람을 이끌 주역들입니다. 그런 전문성과 인적 인프라를 충분히 갖춘 인재들입니다.시민 여러분.호남을 볼모로 자신의 기득권에만 안주했던 구시대적 정치, 호남 민심을 왜곡해서 호남을 변방에 가두어 두려는 분열적 정치인. 여러분들은 그런 정치인들에 대한 강한 교체 의지를 가지고 계실 겁니다. 더불어 민주당의 후보들을 통해 바로 그런 구시대적, 분열적 정치인을 심판할 수 있습니다.호남인에게 지역 정당이란 불명예를 안기면서까지 그들만의 영달을 쫓는 세력이 이 신성한 호남 땅에서 더 이상은 발붙이지 못하도록, 더불어 민주당의 모든 호남 후보들은 끝까지 싸워 나갈 것입니다. 시민 여러분이 그들에게 힘을 주십시오.광주시민 여러분.저에 대한 여러분의 실망과 섭섭함에도 불구하고, 더불어 민주당에 대한 여러분의 애정을 믿어 의심치 않습니다.아무리 부족하고 서운한 점이 많아도, 그래도 새누리당과 맞서 정권교체 해낼 정당은 우리 더불어 민주당 밖에 없기 때문입니다.그 애정에도 불구하고 저에 대한 지지를 거두시겠다면, 저는 미련 없이 정치일선에서 물러나겠습니다. 대선에도 도전하지 않겠습니다.호남의 정신을 담지 못하는 야당 후보는, 이미 그 자격을 상실한 것과 같습니다.진정한 호남의 뜻이라면, 저는, 저에 대한 심판조차, 기쁜 마음으로 받아들이겠습니다.광주시민 여러분, 호남 유권자 여러분.저의 모든 과오를 짊어지겠습니다. 그러나 한 가지, 제가 가져갈 수 없는 짐이 있습니다.저에게 덧씌워진 “호남홀대” “호남차별”이라는 오해는 부디 거두어 주십시오. 그 말 만큼은, 제 인생을 송두리째 부정하는 치욕이고 아픔입니다.노무현 대통령과 참여정부에 대한 모욕입니다. 저와 당과 호남의 분열을 바라는 사람들의 거짓말에 휘둘리지 말아주십시오. 그것만은 절대 인정하지 않겠습니다.엄혹했던 5공 군부독재 정권 시절, 부산의 민주화 운동은‘5월의 광주’를 부산시민들에게 알리는 것이었습니다.87년 6월항쟁 전야 5월, 노무현과 제가 부산 가톨릭센터에서 연 광주 비디오 관람회를 보려는 부산 시민들이 줄을 이었습니다.그 열기는 6월항쟁으로 이어졌고, 부산 가톨릭센터는 명동성당처럼 부산 6월항쟁의 중심이 됐습니다.이렇게 대한민국의 민주화는, 호남과 호남 바깥 민주화 세력의 결합으로 이루어졌습니다. 3당 합당으로 호남이 고립됐을 때도, 그에 반대한 영남의 민주화 세력은 지역 내에서 전라도니 빨갱이니 핍박받고 고립되면서도 호남과 잡은 손을 놓지 않았습니다.저는 그 결합이 김대중 정부를 탄생시켰고, 노무현 정부를 탄생시켰다고 믿습니다.그것이 노무현과 제가 걸어온 길이었습니다. 영남에서 지지 받지 못했던 노무현 대통령이었고, 참여정부였습니다.그런데 정작 호남에서는 영남 패권주의라고 비난받는다면, 그야말로 서글픈 일이 아닐 수 없습니다.물론 참여정부가, 압도적인 지지로 출범시켜준 호남의 기대에 못 미친 점이 많았을 것입니다. 대북송금 특검도 있었고, 민주당과 열린우리당의 분당도 있었습니다.노무현 대통령이 ‘광주가 정치적인 고향’이라고 말할 정도로 호남을 사랑했어도, 호남사람처럼 호남의 정서를 알 수는 없었을 것입니다. 호남이 듣기에 섭섭한 말을 했을 수도 있습니다. 그러나 결단코 호남 홀대는 없었습니다. 오히려 역대 어느 정부보다 호남을 배려했다고 자부합니다.호남과 호남 바깥의 민주화 세력을 이간하여, 호남을 다시 고립화시키려는 사람들의 거짓말에 휘둘리지 말아주십시오. 호남과 호남 바깥의 민주화 세력이 다시 굳건하게 손을 잡을 때만이, 세 번째 민주정부를 만들어낼 수 있습니다. 호남만으로도 안 되고, 이른바 ‘친노’만으로도 안 됩니다.자신 있게 말할 수 있는 것은, 호남 바깥에서는 잘해가고 있다는 것입니다. 이번 총선에서도 부산에서, 경남에서,울산에서, 대구에서, 경북에서, 강원에서 더 늘어난 승리를 보여드릴 것입니다.호남이 손을 거둬들이지만 않는다면, 정권교체 반드시 해낼 수 있다고 광주시민, 전남북 도민들께 자신 있게 말씀드립니다.총선이 끝나면 곧바로 전당대회를 통해 더불어 민주당 지도부도 새롭게 선출됩니다. 물론 저는 앞으로 당권에는 일체 관여하지 않을 것입니다. 더 이상 국회의원도 아닌 만큼, 시민들 속으로 들어가서 정권교체의 역량을 키워나갈 것입니다.광주시민 여러분, 저를 믿고 더불어 민주당에게 다시 한 번 힘을 모아 주십시오.자주 오겠습니다. 총선이 끝나면, 더 여유로운 신분으로 자주 놀러 오겠습니다. 정치인 문재인이 아니라 미운 정 고운 정, 다 든 못난 아들놈처럼 맞아 주실 거라 믿습니다.광주시민 여러분, 사랑합니다.  광주=강태화 기자 thkang@joongang.co.kr



	"
김무성 “19대 국회 최악인 이유? 운동권 출신 많기 때문”,http://news.joins.com/article/19859718,"
 [새누리당 투표 독려 영상] ‘나의 자랑 대한민국’새누리당 김무성 대표가 8일 경기권 공략에 나섰다.총선 최대 승부처로 혼전세를 거듭하고 있는 수도권의 표심을 잡기 위해 접전 지역인 안양, 김포, 고양, 파주 등 경기권 13곳을 돌며 지원유세를 펼쳤다. 김 대표는 야당을 ‘운동권 정당·국정 발목잡기 정당’이라고 주장하면서 새누리당의 경제ㆍ안보 행보를 대비시켰다.김 대표는 이날 오전 경기 안양의 지하철 4호선 범계역 앞에서 한 심재철 후보(안양 동안을) 지원유세에서 “이 지역에서 야당 후보자들이 야권 연대를 한다는데 이건 참 못난 짓”이라면서 “야권 연대에 열을 올리고 있는 이런 후보자들은 국회의원 될 자격이 없다”고 말했다.또 “19대 국회가 역대 최악의 국회라고 얘기하는데 그건 운동권 출신들이 많이 활동했기 때문이다. 20대 국회에선 운동권 출신 국회의원을 줄여야 한다”고 주장했다. 김 대표는 이어 “현재 대한민국의 안보 장애물, 경제 장애물, 일자리 장애물은 제1야당 더불어민주당이란 사실을 알고 계시느냐”고 목소리를 높였다.김 대표는 또 심 후보가 활발한 의정활동을 펼친 점을 들면서 “항상 정의의 편에서 대통령이 듣기 싫어하는 바른 말을 가장 많이 한 정의의 사자 심 후보가 20대에서 국회의장이 돼 대한민국을 바로 잡는데 앞장설 수 있도록 해달라”고 지지를 호소했다.김 대표는 이날 ‘색깔론’도 다시 부각했다. 김 대표는 부천 역곡역에서 차명진 후보(부천 소사) 지원유세에서 “전국교직원노동조합가 아이들에게 부정적인 역사관과 패배주의자로 교육시키고 있는데 몰아내겠다”고 말했다.이어 이사철 후보(부천 원미을) 지원유세에선 “세계경제 위기를 해결하기 위해 박근혜 대통령이 경제활성화 정책을 국회에 보냈는데 사사건건 발목을 잡은 정당이 야당”이라며 “이제 운동권 출신들이 국회에 들어와서 반국민적인 정치활동을 하는 것을 허용해선 안된다”고 주장했다.새누리당 종합상황실 관계자는 “김 대표가 축구스타 리오넬 메시처럼 접전지역을 계속 휘저으면서 새누리당 지지층의 표를 끌어오는 전략을 집중적으로 구사하고 있다”고 말했다.▶관련 기사 [팩트체커 뉴스] ""더민주 30% 운동권"" 맞지만 ""국정 발목잡는 세력""은 거짓◇새누리, 장년층 투표독려 동영상 공개= 새누리당은 이날 당 주요 지지층인 50대 이상의 장년층을 겨냥한 투표 독려 동영상도 공개했다. 조동원 홍보본부장은 “아직 대한민국을 믿는 분들이 많다”며 “나라를 세우신 이 땅의 어르신들께 드리는 투표독려 영상”이라고 설명했다. 이 동영상은, 60대 농부가 “땅은 우리를 속이지 않습니다. 그리고 나는 대한민국을 믿습니다”라고 내레이션을 하는 내용 등을 담고 있다.새누리당 선대위 관계자는 “전국적으로 사전투표가 실시된 2014년 6·4지방선거 때를 보면 20대(15.97%)가 가장 사전투표율이 높았다”며 “50∼60대 장년층에 사전투표를 통한 결집을 호소하기 위해 이런 동영상을 제작하게 됐다”고 설명했다.현일훈 기자 hyun.ilhoon@joongang.co.kr



	"
"[긴급] 문재인 ""호남서 지지 거두면 대선 불출마 하겠다""",http://news.joins.com/article/19859588,"
4·13국회의원 선거 사전투표 첫날인 8일 오전 광주 북구 운정동 국립5·18민주묘지를 찾은 더불어민주당 문재인 전 대표와 김홍걸 국민통합위원장이 참배단 앞에서 무릎을 꿇고 참배를 하고 있다. [뉴시스]문재인 전 더불어민주당 대표가 8일 광주광역시에서 ""호남에서 저에 대한 지지를 거둔다면 미련 없이 정치일선에서 물러나고 대선에도 도전하지 않겠다""며 ""호남의 정신을 담지 못하는 야당 후보는, 이미 그 자격을 상실한 것과 같으므로 진정한 호남의 뜻이라면 저에 대한 심판조차 기쁜 마음으로 받아들이겠다""고 말했다.문 전 대표는 충장로에서 발표한 '광주시민들께 드리는 글'에서 ""호남인에게 지역 정당이란 불명예를 안기면서까지 그들만의 영달을 쫓는 세력이 이 신성한 호남 땅에서 더 이상 발붙이지 못하도록, 더민주의 모든 호남 후보들은 끝까지 싸워 나갈 것이니 시민 여러분이 그들에게 힘을 달라""며 이같이 강조했다.문 전 대표는 또 ""총선이 끝나면 전당대회를 통해 더민주 지도부도 새로 선출되는데 저는 당권에 일체 관여하지 않을 것""이라며 ""국회의원도 아닌 만큼 시민 속으로 들어가 정권교체의 역량을 키워나갈 것""이라고 말했다.자신이 노무현 정부 당시 호남을 차별했다는 주장과 관련해 문 전 대표는 ""저에게 덧씌워진 '호남홀대' '호남차별'이라는 오해는 부디 거두어 달라""며 ""그 말 만큼은, 제 인생을 송두리째 부정하는 치욕이고 아픔""이라고 강조했다. 이어 ""저와 당과 호남의 분열을 바라는 사람들의 거짓말에 휘둘리지 말아달라. 그것만은 절대 인정하지 않겠다""고 덧붙였다. ▶관련 기사① 광주행 문재인 ""거침없는 질타 듣겠다"" 정면돌파 의지② 문재인 ""호남의 지지 받아야 대선주자 자격 있다""③ [전영기의 시시각각] ‘문재인 진퇴’ 광주가 결정한다다음은 발표 내용.<광주시민들께 드리는 글>광주시민 여러분, 뵙고 싶었습니다.보고 싶은 마음이 커서, 언제라도 이곳으로 달려오고 싶었는데, 말리시는 분들이 참 많았습니다.정치인으로서, 당의 전 대표로서, 또 그 이전에는 대선주자로서 제가 얼마나 부족한 사람인지 잘 알고 있습니다.호남 분들의 전폭적 지지를 밑거름 삼았던 제가, 여러분에게 한 번도 제대로 승리의 기쁨을 돌려드리지 못했습니다.호남에 고립감과 상실감만 안겨드렸습니다. 강한 야당의 모습을 보여드리지 못했고, 정권교체의 희망도 드리지 못했습니다.당의 분열을 막지 못했고, 후보 단일화도 이루지 못했습니다. 반드시 이겨야 할 국면에서 분열로 인한 패배를 걱정하게 만들었습니다.얼마나 많은 실망을 하셨는지, 잘 알고 있습니다.광주시민 여러분.못난 문재인이 왔습니다. 여러분에게 직접 야단을 맞고,직접 질타를 듣기 위해서, 안 된다는 당을 설득해 이제야 왔습니다.늦어서 죄송합니다. 그리고 그간의 부족함에 대해서도 진심으로 용서를 구합니다. 여러분의 분이 풀릴 때까지, 제 얼굴 맞대고, 호되게 꾸짖어 주십시오.저와 당의 부족한 점을 메우느라 정신없었던 사이, 호남 분들에게 좀 더 가깝게 다가가지 못했습니다. 이렇게 오해와 불신의 골이 깊어졌습니다. 이제라도, 제가 할 수 있는 그 무엇이든 하겠습니다.광주시민 여러분, 죄송합니다.광주시민 여러분.그러나 이제, 제가 대표직에서 물러난 우리 더불어 민주당은 과거의 혼란을 딛고 새롭고 유능한 인재들로 넘쳐 납니다. 저에 대한 섭섭함 때문에, 이 유능한 인재들의 면면을 외면하지 말아 주십시오. 제가 다 담지 못했던 호남 분들의 요구와 열망을, 누구보다 열정적으로 국회에 퍼 나를 인재들입니다.차기, 차차기 이 나라를 이끌어가기에 충분한 인재들이 호남의 더불어 민주당 후보들 속에 있습니다. 정권을 탈환하고, 대권을 꿈꿀 만한 훌륭한 씨앗들이 뿌려졌습니다.더불어 민주당은 이렇게 새로운 인재들로 다시 태어났습니다. 호남 기득권 정치인의 물갈이를 바라는 호남의 민심에 우리당은 호응했습니다.이 분들에게 기회를 주십시오. 자신 있게 기대감을 가지고 힘을 주십시오. 더불어 민주당 기호 2번의 새롭고 활기찬 후보들이야 말로,호남의 정신과 열정을 한 지역에 가두어 두지 않고 전국적으로 확장시켜 갈 인재들입니다.호남 정신의 지평을 전국으로 넓히면서 지역 경제, 문화에 새 바람을 이끌 주역들입니다. 그런 전문성과 인적 인프라를 충분히 갖춘 인재들입니다.시민 여러분.호남을 볼모로 자신의 기득권에만 안주했던 구시대적 정치, 호남 민심을 왜곡해서 호남을 변방에 가두어 두려는 분열적 정치인. 여러분들은 그런 정치인들에 대한 강한 교체 의지를 가지고 계실 겁니다. 더불어 민주당의 후보들을 통해 바로 그런 구시대적, 분열적 정치인을 심판할 수 있습니다.호남인에게 지역 정당이란 불명예를 안기면서까지 그들만의 영달을 쫓는 세력이 이 신성한 호남 땅에서 더 이상은 발붙이지 못하도록, 더불어 민주당의 모든 호남 후보들은 끝까지 싸워 나갈 것입니다. 시민 여러분이 그들에게 힘을 주십시오.광주시민 여러분.저에 대한 여러분의 실망과 섭섭함에도 불구하고, 더불어 민주당에 대한 여러분의 애정을 믿어 의심치 않습니다.아무리 부족하고 서운한 점이 많아도, 그래도 새누리당과 맞서 정권교체 해낼 정당은 우리 더불어 민주당 밖에 없기 때문입니다.그 애정에도 불구하고 저에 대한 지지를 거두시겠다면, 저는 미련 없이 정치일선에서 물러나겠습니다. 대선에도 도전하지 않겠습니다.호남의 정신을 담지 못하는 야당 후보는, 이미 그 자격을 상실한 것과 같습니다.진정한 호남의 뜻이라면, 저는, 저에 대한 심판조차, 기쁜 마음으로 받아들이겠습니다.광주시민 여러분, 호남 유권자 여러분.저의 모든 과오를 짊어지겠습니다. 그러나 한 가지, 제가 가져갈 수 없는 짐이 있습니다.저에게 덧씌워진 “호남홀대” “호남차별”이라는 오해는 부디 거두어 주십시오. 그 말 만큼은, 제 인생을 송두리째 부정하는 치욕이고 아픔입니다.노무현 대통령과 참여정부에 대한 모욕입니다. 저와 당과 호남의 분열을 바라는 사람들의 거짓말에 휘둘리지 말아주십시오. 그것만은 절대 인정하지 않겠습니다.엄혹했던 5공 군부독재 정권 시절, 부산의 민주화 운동은‘5월의 광주’를 부산시민들에게 알리는 것이었습니다.87년 6월항쟁 전야 5월, 노무현과 제가 부산 가톨릭센터에서 연 광주 비디오 관람회를 보려는 부산 시민들이 줄을 이었습니다.그 열기는 6월항쟁으로 이어졌고, 부산 가톨릭센터는 명동성당처럼 부산 6월항쟁의 중심이 됐습니다.이렇게 대한민국의 민주화는, 호남과 호남 바깥 민주화 세력의 결합으로 이루어졌습니다. 3당 합당으로 호남이 고립됐을 때도, 그에 반대한 영남의 민주화 세력은 지역 내에서 전라도니 빨갱이니 핍박받고 고립되면서도 호남과 잡은 손을 놓지 않았습니다.저는 그 결합이 김대중 정부를 탄생시켰고, 노무현 정부를 탄생시켰다고 믿습니다.그것이 노무현과 제가 걸어온 길이었습니다. 영남에서 지지 받지 못했던 노무현 대통령이었고, 참여정부였습니다.그런데 정작 호남에서는 영남 패권주의라고 비난받는다면, 그야말로 서글픈 일이 아닐 수 없습니다.물론 참여정부가, 압도적인 지지로 출범시켜준 호남의 기대에 못 미친 점이 많았을 것입니다. 대북송금 특검도 있었고, 민주당과 열린우리당의 분당도 있었습니다.노무현 대통령이 ‘광주가 정치적인 고향’이라고 말할 정도로 호남을 사랑했어도, 호남사람처럼 호남의 정서를 알 수는 없었을 것입니다. 호남이 듣기에 섭섭한 말을 했을 수도 있습니다. 그러나 결단코 호남 홀대는 없었습니다. 오히려 역대 어느 정부보다 호남을 배려했다고 자부합니다.호남과 호남 바깥의 민주화 세력을 이간하여, 호남을 다시 고립화시키려는 사람들의 거짓말에 휘둘리지 말아주십시오. 호남과 호남 바깥의 민주화 세력이 다시 굳건하게 손을 잡을 때만이, 세 번째 민주정부를 만들어낼 수 있습니다. 호남만으로도 안 되고, 이른바 ‘친노’만으로도 안 됩니다.자신 있게 말할 수 있는 것은, 호남 바깥에서는 잘해가고 있다는 것입니다. 이번 총선에서도 부산에서, 경남에서,울산에서, 대구에서, 경북에서, 강원에서 더 늘어난 승리를 보여드릴 것입니다.호남이 손을 거둬들이지만 않는다면, 정권교체 반드시 해낼 수 있다고 광주시민, 전남북 도민들께 자신 있게 말씀드립니다.총선이 끝나면 곧바로 전당대회를 통해 더불어 민주당 지도부도 새롭게 선출됩니다. 물론 저는 앞으로 당권에는 일체 관여하지 않을 것입니다. 더 이상 국회의원도 아닌 만큼, 시민들 속으로 들어가서 정권교체의 역량을 키워나갈 것입니다.광주시민 여러분, 저를 믿고 더불어 민주당에게 다시 한 번 힘을 모아 주십시오.자주 오겠습니다. 총선이 끝나면, 더 여유로운 신분으로 자주 놀러 오겠습니다. 정치인 문재인이 아니라 미운 정 고운 정, 다 든 못난 아들놈처럼 맞아 주실 거라 믿습니다.광주시민 여러분, 사랑합니다.  광주=강태화 기자 thkang@joongang.co.kr



	"
총선 닷새 앞두고 격전지 충북 전북 찾은 박 대통령···도시락 강행군,http://news.joins.com/article/19858751,"
 박근혜 대통령이 8일 오전 청주시 오창읍 충북창조경제혁신센터를 방문해 바이오 벤처 금융지원 성공사례를 청취하고 있다. 앞줄 왼쪽부터 구본무 LG그룹 회장, 최양희 미래창조과학부 장관, 박 대통령, 윤준원 충북창조경제혁신센터장. 김성룡 기자박근혜 대통령이 8일 오전 충북창조경제혁신센터(청주)와 전북창조경제센터(전주)를 연이어 방문했다. 총선을 닷새 앞두고 펼친 ‘광포 경제 행보’로 미국·멕시코 순방에서 돌아온 지 이틀만이다.박 대통령은 지난 2월 25일 취임 3주년을 맞아 대전 창조경제혁신센터를 방문한데 이어 3월 들어 대구(10일)→부산(16일)→충남 아산(18일)→판교 테크노밸리(22일)를 잇따라 찾았었다. 그러다 순방 후 지방 경제행보를 재개한 것이다. 박 대통령은 오전에 충북센터를 찾은데 전북센터로 갈 때에는 기차로 이동하며 도시락을 점심을 해결하는 강행군을 펼쳤다.박 대통령은 충북센터를 찾아 그 동안의 주요 성과를 점검하고 향후 운영 계획을 청취했다. 특히 지난 3월 17개 센터에 구축이 완료된 창조경제혁신센터 고용존 통합 발대식에 참석해 창조경제 성과를 바탕으로 추진될 청년일자리 창출 계획에 관심을 표했다.지난 2015년 2월 출범한 충북창조경제혁신센터는 317건의 특허기술 이전, 금융·법률·생산기술(895건) 원스톱 상담서비스 등을 통해 101개 중소벤처기업을 육성·지원하고 54억원의 투자를 유치하는 등 성과를 거뒀다. 전북센터도 2014년 11월 출범해 102개 중소·벤처기업을 지원하면서 65억5천만원의 투자 유치 성과를 일궈냈다.하지만 박 대통령의 충북·전북 방문은 4·13 총선을 닷새 앞둔 가운데 이뤄져 논란을 낳고 있다. 특히 충북센터가 위치한 청주 4개 선거구에서 새누리당과 더불어민주당 후보가 박빙의 승부를 펼치고 있기 때문이다. 전북센터가 있는 전주는 야권의 텃밭이지만 이곳에서 농림식품부 장관을 지낸 정운천 후보가 새누리당가 야당 후보들과 접전을 펼치고 있다.박 대통령의 지역 방문에 대해 총선 개입이라고 비판해왔던 야권은 총선 공식 선거운동 기간 이뤄진 점을 들어 박 대통령의 행보를 비판했다. 창조경제 현장을 찾아 국정을 챙기는 것 자체가 총선 표심에 영향을 미칠 것이라는 우려에서다.더민주 김성수 대변인은 이날 “선거가 5일밖에 남지 않았는데 박 대통령이 귀국하자마자 또다시 지방순회를 재개했다”며 “선거개입 논란을 불러일으키는 지방순회를 중단하라”고 말했다.하지만 청와대 관계자는 “해외 순방을 통한 정상외교에 이어 창조경제 및 청년 일자리 창출을 위한 현장 행보일 뿐”라고 말했다.신용호 기자 novae@joongang.co.kr



	"
"에이핑크 오하영, 20대 총선 사전투표",http://news.joins.com/article/19858304,"
걸그룹 에이핑크 오하영양이 8일 서울 서교동 주민센터에서 20대 총선 사전투표를 하고 있다. 이날 사전투표에는 AOA의 설현, 배우 조보아, 솔비 등이 동참할 예정이다.신인섭 기자



	"
"김무성 대표, 이준석 지원유세에서 ""안철수를 선택해 주시기를…"" ",http://news.joins.com/article/19857245,"
김무성 대표가 이준석 새누리당 노원병 후보를 업고 있다. 이 후보가 손을 들고 활짝 웃고 있다. [뉴시스]김무성 새누리당 대표가 서울 노원병에 출마한 이준석 후보의 지원 유세에서 경쟁상대인 “안철수 국민의당 대표를 선택해달라”고 말해 후보자와 지지자들이 당황하는 해프닝이 벌어졌다.김무성 대표는 7일 오후 4시40분쯤 서울 노원역 롯데백화점 앞에서 이준석 후보 지원유세를 했다. 김 대표는 이 자리에서 이준석 후보에 대한 칭찬을 하며 “상계동에는 복을 많이 받았는지 안철수 대표도 참 명석한 사람이다. 그런데 이 면에 있어서는 이준석 후보가 한 수 위 아니겠나”라고 말문을 열었다.김 대표는 또 “우리 정치에 혁신적인 젊은 지도자가 많이 나와야 한다. 위대한 젊은 지도자의 전통을 이을 재목”이라며 이 후보를 극찬했다.한창 연설을 이어가던 김 대표는 “안 대표도 아깝고 이 후보도 아깝고. 둘 다 시켜야 되는데 그럴 순 없고”라며 안철수 대표를 언급했다.그러다가 돌연 “우리나라의 발전을 위해 안철수 의원을 선택해 주시기를 여러분의 애국심 앞에...” 라고 발언해 청중들을 당황하게 만들었다. 옆에서 김 대표의 지지연설을 듣던 이 후보도 당황했다.김무성 대표는 곧 자신의 말실수를 눈치채고 “제가 하루에 열 번 넘게 연설을 하다보니 여러분을 웃기려고...” 라며 상황을 수습했다.한편 김 대표의 말실수를 두고 진중권 동양대 교수는 자신의 트위터에 ““안철수를 꼭 뽑아주십시요.” 김무성의 말실수는 무의식적 욕망의 표출이겠죠”라며 “오세훈 유세차에서는 이렇게 외치지 않을까요? “여러분, 정세균을 꼭 뽑아주십시요.””라고 비꼬았다.채윤경 기자 pchae@joongang.co.kr



	"
"북 김정은, 군수공장 추정되는 신설 기계공장 시찰",http://news.joins.com/article/19857191,"
조선중앙통신이 8일 김정은 노동당 제1비서가 기계공장을 시찰했다고 전했다. 사진은 앞서 지난 2일 김정은이 룡성기계연합기업소 동흥산기계공장을 시찰하는 모습. 두 공장은 모 두 군수공장으로 추정된다. [사진 노동신문]북한 김정은 노동당 제1비서가 기계공장을 시찰했다고 조선중앙통신이 8일 보도했다.조선중앙통신은 이날 김정은 제1비서가 “지난 2013년 건설된 ‘리철호 동무가 사업하는 기계공장’을 현지지도 했다”고 전했다. 통신은 지난 2일 김 제1비서가 동흥산기계공장을 시찰했다고 보도하기도 했다.김 제1비서는 혁명사적 교양실과 가공 및 조립장, 전자도서관 등을 시찰한 후 “공장이 조업한지 얼마 되지 않지만 기계 제품의 가짓수를 늘이고 그 질을 개선하기 위한 투쟁에서 놀라운 성과를 이룩했다""고 치하했다고 한다.김정은 제1비서는 이어 “공장에서 만든 기계제품들이 인민경제 여러 부문에서 크게 은(성과)를 내고 있다”며 “비결은 당의 의도대로 과학기술을 중시하고 과학연구사업과 생산을 철저히 밀착시킨 데 있다”고 말했다.김정은 제1비서가 방문한 이들 공장은 정확히 무슨 제품을 생산하는 지 밝혀지지 않았다. 국내에선 군수공장으로 추정하고 있다.김 제1비서는 “공장을 돌아보니 7차 당대회를 전례없는 성과로 맞이하기 위한 노동계급의 열의가 대단히 높다는 것을 잘 알 수 있게 됐다”며 “그들의 정신력을 더욱 분발시켜 충정의 70일전투에서 영예로운 승리자가 되게 해야 한다”고 덧붙였다.이날 공장 시찰에는 조용원, 홍영칠, 김여정, 김창광 노동당 부부장이 동행했다.채윤경 기자 pchae@joongang.co.kr



	"
'사전선거운동' 강운태 전 광주시장 기소,http://news.joins.com/article/19855585,"
광주지검 공안부(부장 이문한)는 7일 제20대 국회의원 선거를 앞두고 산악회를 조직한 뒤 사전선거운동을 한 혐의(공직선거법 위반)로 강운태 전 광주광역시장을 구속 기소했다. 검찰은 사전선거운동과 기부행위에 가담한 산악회 회장 등 4명도 같은 혐의로 구속 기소하고 다른 관계자 6명도 불구속 기소했다.강 전 시장 등은 지난해 5월 사조직인 산악회를 설립한 뒤 11월까지 총 14차례에 걸쳐 광주 남구지역 선거구민 6000여 명을 대상으로 사전선거운동을 한 혐의다. 교도소에 수감 중인 강 전 시장은 광주 동남갑 선거구에 '옥중 출마'를 한 상태다.  ▶관련기사① 60여 명에게 돼지갈비찜 사주고 특정후보 지지 부탁해② 김밥+젓가락 주면 불법 식사, 이쑤시개로 먹으면 OK?이들은 산악회 행사를 여는 것처럼 선거구민들을 모은 뒤 강 전 시장에 대한 부정적인 의혹에 대해 해명하거나 남구 발전 공약에 대해 설명하는 등 인지도와 이미지를 끌어올리기 위한 선거운동을 벌인 것으로 조사됐다. 이 과정에서 술과 음식·기념품(스카프) 등 7200만원 상당을 제공하는 기부행위도 한 것으로 검찰은 보고 있다.광주광역시=김호 기자 kimho@joongang.co.kr 



	"
[단독] 영남 새누리 50 무소속 6 우세…호남선 국민의당 11 더민주 5,http://news.joins.com/article/19832483,"
새누리당은 수도권 다음으로 의석수가 많은 영남권(65곳)에서 50곳(무투표 당선 ‘통영-고성’ 포함), 충청·강원·제주(38곳)에서 22곳 우세한 것으로 나타났다. 더불어민주당은 영남 3곳, 충청·제주 5곳에서 우세했다. 중앙일보가 4월 3일까지 중앙선거여론조사공정심의위에 등록한 여론조사와 3당 선거상황실의 지역 판세를 종합한 결과다. 영남에선 대구 동을 유승민 후보를 포함한 무소속 후보(주로 새누리당 탈당 인사)들이 강세를 보였다.대구 수성을의 주호영, 경북 포항북의 박승호, 구미을 김태환, 부산 사상의 장제원 후보가 해당 지역 새누리당 후보보다 앞서 나갔다. 대구 수성갑의 더민주 김부겸 후보, 대구 북을의 홍의락 후보도 우세다. 홍 후보는 더민주를 탈당한 인사다.부산·경남에선 김해갑 민홍철(더민주) 후보와 김해을 김경수(더민주) 후보가 각각 새누리당 홍태용, 이만기 후보를 앞섰다. 창원 성산에선 정의당 노회찬 후보가 지난 2일 YTN 여론조사에서 적극 투표층에선 40.5% 지지율로 30.1%를 얻은 강기윤 후보를 오차범위 밖에서 앞섰다.영남권역 전체로 봐선 새누리당이 절대 우세한 상황이지만 지난 19대 총선과 비교할 때는 차이가 있다. 2012년 총선에서 새누리당은 영남(당시는 67곳)에서 63곳(94%)을 확보했다. 새누리당은 충청·강원·제주에선 여전히 강세를 보였다. 19대 총선 당시 충청·강원·제주(당시 37곳)에서 21곳(56.8%)을 얻어 승리한 것과 현 추세가 비슷하다. 충청에서 새누리당은 대전 동구 이장우, 공주-부여-청양 정진석, 보령-서천 김태흠, 아산갑 이명수, 서산-태안 성일종, 세종시 박종준 후보가 각각 우세에 있다. 강원에선 원주을(새누리당 이강후, 더민주 송기헌)과 동해-삼척(새누리당 박성덕, 무소속 이철규)만 경합 중이고 8개 선거구 중 6개에서 앞서 나갔다.더민주는 19대 총선 때 충청·제주에서 10명을 당선시켰으나 현재는 5곳에서만 앞서가고 있다. 더민주는 대전 서갑 박병석, 대전 서을 박범계 후보가 각각 평균 지지율과 적극 투표층 지지율에서 우세를 보였다. 호남 28개 선거구에선 국민의당이 11곳, 더민주가 5곳에서 우세했다. 12개 지역에선 두 당이 접전 중이었다. ▶관련 기사 ① [단독] 새누리 112 더민주 35 국민의당 11곳 우세② [단독] 서울 13대 8…경합 27곳 야권 단일화 땐 13대 35로 역전정치 신인들이 맞붙은 광주 서갑(더민주 송갑석, 국민의당 송기석)·광주 북을(더민주 이형석, 국민의당 최경환) 등에서 더민주와 국민의당이 모두 각각 경합과 우세를 주장했다. 전북 전주을에선 새누리당 정운천, 더민주 최형재, 국민의당 장세환 후보의 3파전이 벌어지고 있다. 전주병에서도 더민주 김성주-국민의당 정동영 후보가 최근까지 여론조사에서 오차범위 내 접전을 벌이는 중이다.한국갤럽 허진재 이사는 “갤럽 조사(4월 1일) 결과로는 국민의당이 호남지역 후보 지지율과 비례대표 정당 지지율이 동시에 상승하고 있는 추세”라고 전했다.<중앙선거여론조사공정심의위 홈페이지 참조>특별취재팀=정효식·남궁욱·박성우·이소아·최선욱·천권필 기자 jjpol@joongang.co.kr



	"
[단독] 서울 13대 8…경합 27곳 야권 단일화 땐 13대 35로 역전,http://news.joins.com/article/19832478,"
여론조사 + 3당 분석 종합…서울·인천·경기 어느 당이 우세하나새누리당은 지난달 31일 당 공식 페이스북에 “안철수 국민의당 대표를 응원합니다. 굳건한 신념으로 새정치를 실현해 내시기를 기원합니다”란 글을 올렸다. 끝까지 야권 후보 단일화를 거부하라는 기대를 담았다. 국민의당은 성명을 내 “어부지리(漁父之利)를 노리는 저급하고 치졸한 선거 전략”이라고 비판했다. 그러자 더불어민주당은 “국민의당은 새누리당의 응원가를 새겨듣고 단일화에 나서라”고 촉구했다.새누리당이 노골적으로 표현할 만큼 야권 후보 단일화는 남은 선거전의 최대 변수다. ▷여기를 누르면 크게 볼 수 있습니다중앙선거여론조사공정심의위에 등록된 139개 선거구 여론조사(4월 2일까지) 결과와 각 당 판세 분석을 종합한 결과 전국 경합지 86곳의 67%인 58곳이 수도권에 몰려 있었다. 수도권 의석이 122곳인 만큼 2곳 중 한 곳꼴로 혼전 중이란 의미다.수도권 판세가 선거일을 불과 열흘 남겨 놓고도 안갯속인 건 과거 총선의 예를 봐도 드문 일이다. 더민주와 국민의당 후보가 각각 출마하는 야권분열로 인한 현상이라고 여론조사 전문가들은 분석하고 있다. 한 예로 서울 노원병(본지 3월 28일자)의 경우 안철수 국민의당 대표는 35.3%로 새누리당 이준석 후보(32.0%)와 오차범위(±4.0%포인트) 내다. 더민주 황창화 후보가 11.4%나 가져갔기 때문이다. 2013년 4·24 보궐선거에서 안 대표는 다른 야당이 후보를 내지 않은 가운데 무소속으로 출마해 60.5%를 득표했다. 특히 여론조사에서 서울 49석 가운데 경합 지역은 27곳이나 된다. 반면 새누리당의 우세 지역은 13곳, 더민주는 8곳이다. 27곳 중 야권 단일화가 이뤄지면 더민주가 기존 8곳을 포함해 최대 35곳에서 앞설 수 있다. 서울 용산(조선일보 3월 28일자)의 경우 더민주 진영 후보가 34.7%, 새누리당 황춘자 후보가 30.9%로 오차범위(±4.3%포인트) 이내다. 이 지역 국민의당 곽태원 후보의 지지율은 5.3%였다. 두 야권 후보의 지지율을 단순 합산하면 ‘진영 대 황춘자’의 지지율은 ‘40.0% 대 30.9%’로 바뀐다. 여야의 우세 지역이 27대 14로 집계된 인천·경기도 지역도 야권 단일화를 전제로 지지율을 단순 합산하면 우세 지역이 27(여)대 37(야)로 바뀐다. 인천 서을의 경우 새누리당 황우여 후보와 더민주 신동근 후보가 32.7% 대 27.8%(YTN 4월 1일 보도)로 나타난 경합 지역(오차범위 ±4.3%포인트)이다. 여기에 국민의당 허영 후보 지지율(12.3%)과 신 후보의 지지율을 합하면 야당 우세 지역으로 변모한다. 수도권 지역엔 이런 선거구가 수두룩하다.수도권 선거구의 변수는 야권단일화 외에 하나가 더 있다. 새누리당의 경우 한국갤럽이 1일 발표한 서울 지역 당 지지율이 일주일 전보다 8%포인트(40%→32%) 하락했다. 공천 막바지 옥새 파동 등의 논란으로 중도 성향 지지층이 돌아선 결과라고 한다. 그 때문에 야권 후보 단일화까지 성사되면 서울에선 현 의석(15석)보다 적은 13석 당선에 그칠 수 있다는 위기감이 당내에 돈다. ▶관련 기사 ① [단독] 영남 새누리 50 무소속 6 우세…호남선 국민의당 11 더민주 5② [단독] 새누리 112 더민주 35 국민의당 11곳 우세반면 더민주 정장선 총선기획단장은 3일 기자간담회에서 “(당 차원의) 단일화는 어려워진 것 같다”며 “지역 단위에서 단일화를 충분히 뒷받침하고 단일화 때문에 갈등이 생기지 않는 상황에서 여당과 일대일 구도를 만드는 데 노력을 다할 것”이라고 말했다.새누리당은 투표용지 인쇄가 시작되는 4일이 지나면 단일화 논의가 점차 시들해질 것으로 기대하고 있다. 새누리당 이운룡 중앙선거대책위원회 종합상황실장은 “개별 후보들의 강력한 의지가 없는 한 야권 후보 단일화 가능성은 작다고 본다”며 “단일화라는 선거 전략의 효과를 떠나 서로 싫다고 갈라선 두 당이 국고보조금을 다 받은 뒤 이제 와서 합치는 것은 당위성이 없다”고 주장했다. <전국 판세 그래픽 보는 법(범례)>① 4·13 총선 253개 선거구(새누리당 무투표당선 ‘통영-고성’ 포함) 가운데 4월 2일까지 여론조사 결과가 공표된 139곳 취합▶지지율이 오차범위 밖일 경우 ‘우세’, 오차범위 내일 때 ‘경합’▶‘경합’ 지역 중 ‘적극투표층’의 지지율이 오차범위 밖일 때 ‘우세’로 분류▶여론조사 중복 지역은 가장 최신(2일 기준) 조사 사용②여론조사 결과가 없는 나머지 114개 지역▶각당 중앙선대위 총선상황실, 권역별 선대위 판세 분석 결과 일치 시 ‘우세’ 또는 ‘경합’으로▶각당 판세 분석이 엇갈리는 지역은 ‘경합’으로 분류특별취재팀=정효식·남궁욱·박성우·이소아·최선욱·천권필 기자 jjpol@joongang.co.kr



	"
[단독] 새누리 112 더민주 35 국민의당 11곳 우세,http://news.joins.com/article/19832451,"
4·13 총선을 열흘 남겨놓은 상황에서 새누리당의 과반 달성은 가능한 반면 더불어민주당의 현재 의석(107석) 유지가 쉽지 않은 것으로 집계됐다.중앙일보가 3일 전국 253개 지역구의 판세를 분석한 결과 새누리당이 112곳(이미 무투표 당선된 경남 통영-고성 포함), 더민주 35곳, 국민의당 11곳, 정의당 2곳, 그리고 무소속이 8곳에서 우세했다. 나머지 수도권의 57곳을 포함한 85개(33.7%) 선거구는 경합지역이었다.판세 분석은 3일까지 중앙선거여론조사공정심의위 홈페이지에 등록된 139개 선거구 여론조사 결과와 새누리당·더민주·국민의당 총선상황실의 분석을 종합했다. 여론조사의 경우 오차범위를 넘어설 경우에만 ‘우세’로 분류했으며, 각 당 총선상황실 분석의 경우 3당의 의견이 일치하면 ‘우세’ 지역으로, 일치하지 않으면 ‘경합’으로 분류했다. ▶관련 기사 ① [단독] 서울 13대 8…경합 27곳 야권 단일화 땐 13대 35로 역전② [단독] 영남 새누리 50 무소속 6 우세…호남선 국민의당 11 더민주 5새누리당은 수도권(122곳) 중 40개, 영남권(65곳) 49개, 충청·강원·제주에서 22개 선거구가 우세였다. 새누리당은 현재 우세로 분류된 111곳에 경합지 85개 중 3분의 1인 28개 지역에서만 승리해도 지역구 의석은 139석이 된다. 비례대표에서 18석(갤럽 4월 1일 공개한 37% 득표율 기준)을 얻는다면 157석으로 과반을 훌쩍 넘는다.반면 더민주가 우세한 선거구 수는 수도권 22개, 호남(28곳) 5개, 충청·강원·제주 5개, 그리고 영남권 3개였다. 더민주는 수도권 경합지인 57곳을 모두 승리하고 비례대표 15석을 얻어야만 현재 의석(107석)을 유지할 수 있다는 계산이다. 정장선 더민주 총괄선대본부장은 3일 기자간담회에서 “당초 130석을 목표로 삼았지만 최근 정치지형을 분석한 결과 많이 어렵다”며 “여당이 180~200석으로 갈 수 있지 않으냐는 위기감이 생겼다”고 말했다.국민의당은 서울 노원병 안철수 대표와 인천 부평갑 문병호 의원 등이 각각 새누리·더민주 후보와 경합하며 수도권에선 우세가 없었다. 광주를 포함한 호남권에서만 11곳에서 우세했다. 안 대표는 광주 5·18 국립묘지 참배 후 기자회견에서 “호남 전체 석권이 목표이며 보수적으로 잡아도 20석 이상을 예상한다”고 말했다.판세 분석 결과 무소속 후보들 중에선 대구 동을 유승민, 대구 북을 홍의락 후보 등 영남권 6명을 포함해 모두 8명이 우세했다. 19대 총선에선 무소속 당선자가 3명뿐이었다.허진재 한국갤럽 이사는 “1일 갤럽 조사에서 새누리당이 수도권 정당지지도에서 전주 대비 8%포인트 하락하는 등 여당의 지지율 감소세가 변수가 될 수 있다”며 “막판 부동층의 선택과 2030세대 투표율이 수도권에서 더민주 후보들의 당락에 영향을 줄 것”이라고 말했다.정효식·남궁욱 기자 jjpol@joongang.co.kr



	"
제15대 총선 고전하는 정치신인들 판세-왜 약세인가,http://news.joins.com/article/3247769,"
『자금이 없으니 조직도 없고,그러다보니 주변 사람들도 「당선되겠느냐」며 돈을 안갖다주고….』 서울양천을에서 국민회의 4선의원인 김영배(金令培)의원을 맞아 힘겨운 싸움을 벌이고 있는 민주당 이두엽(李枓燁)후보의 푸념이다.KBS PD출신으로 참신한 아이디어를 무기로 정치신인들 가운데 비교적 선전하고 있는 李후보인데도 이같은 악순환의 고리를 벗어나지 못하고 있다.이런현상은 신인들에 공통적으로 나타난다. 신인들의 얘기를 종합하면▶낮은 인지도▶자금열세▶조직구성미흡▶현역에 유리한 선거법 등을 원인으로 꼽는다. 처음 출마했으니 인지도가 낮은 것은 감수할 수 밖에 없다.민주당의 비자금스타 박계동(朴啓東)의원도 14대 총선에 처음 나섰을때 인지율이 4%에 불과했다고 한다. 벽보부착이나 유권자 가정에 선거공보가 배달되기 전인 지난주까지 신인들의 인지도는 대부분 10%미만이었다. 신인이 가장 많은 민주당측은 『양천갑의 서경석(徐京錫)후보같은 상품성있는 거물신인의 경우 인지도가 급상승중』이라며 『여론조사를 해보니 통상 2~3%,거물신인은 5%이상 인지도가 제고됐다』고 주장했다. 신인들의 가장 큰 고민은 자금문제.서대문을의 신한국당 백용호(白容鎬)후보는 『돈이 예상밖으로 많이 들더라』고 호소했고 동대문을의 자민련 권승욱(權承郁)후보는 자금열세를 제일의 고민으로 꼽으며 『아직 후원회조차 결성하지 못했다』고 토로했다. 과천-의왕의 김부겸(金富謙.민주)후보는 노량진 아파트를 1억5천만원에 팔아 과천에 6천만원짜리 세를 얻고 4천만원으로 선거사무실을 차렸다.그래서 그는 「선거비용 반쓰기운동」을 주창할정도.조직미비는 주로 야당과 무소속의 문제다.이 두엽후보는 『통책.반책을 조직적으로 구성하지 못해 애를 먹고 있다』고 밝혔다.국민회의후보들도 『유권자들로부터 운동원들이 보이지 않는다는말을 듣는다』(金槿泰.도봉갑),『조직관리가 쉽지 않다』(韓基贊.양천갑,鄭漢溶.구로갑)고 말했다. 유세전에는 현역의원의 무더기 의정보고회 때문에 신인들은 상당히 고전했다.그래서 『현행 선거법은 악법소지가 짙다』(許泰烈.신한국당.부천원미갑),『선거법을 지키면 병신된다』(趙誠俊.국민회의.성남중원)고 불만이 대단하다.결국 이같은 열 세요인들 때문에 신인들이 가장 큰 기대를 거는 것은 신인이기에 유권자들이갖는 호감 내지 호기심이다.중랑갑의 신형식(申亨植.민주)후보는그것을 『신비주의적 선거기법』이라고 규정했다.정선구 기자



	"
선거홍보도 '태후(태양의후예)앓이'…패러디물로 표심 공략,http://news.joins.com/article/19830660,"
전국적으로 인기몰이를 하고 있는 KBS 드라마 ‘태양의 후예’가 선거홍보물에도 활용되고 있다. ‘태후앓이’를 앓고 있는 시청자들의 팬심을 표심으로 바꿔보겠다는 전략이다. 새누리당 황진하(경기 파주을) 후보는 최근 선거사무소 외벽에 ‘파주의 후예’라는 글귀가 담긴 현수막을 걸었다.3성 장군 출신의 3선의원인 새누리당 황진하(경기 파주을) 후보는 최근 선거사무소 외벽에 ‘파주의 후예’라는 글귀가 담긴 현수막을 내걸었다. 하늘색 베레모와 군복을 착용한 젊은 시절 황 후보의 모습이 담겼다. 황 후보는 한국인 최초로 유엔 다국적 평화유지군(PKF) 키프로스 주둔 사령관과 주미 대사관 국방무관을 지냈다. 황 후보측 박진호 보좌관은 “지역구가 북한과 맞닿은 접경지역이라 군에 대해 관심이 높고, 최근 연고지복무병제도 활성화로 지역 근무 현역 유권자들의 표심이 중요하다고 보아 ‘파주의 후예’를 홍보 포인트로 착안하게 됐다”고 설명했다. 박 보좌관은 ""일부 젊은 유권자들은 아예 당시 군복을 입고 유세를 나와달라고 할 정도로 반응이 뜨겁다""고 전했다. 더불어민주당 소속 광주 광산갑에 출마한 이용빈 후보는 홈페이지를 통해 `태양의 후예`를 활용한 카드뉴스를 공개했다.더불어민주당 소속 광주 광산갑에 출마한 이용빈 후보는 홈페이지를 통해 '태양의 후예'를 활용한 카드뉴스를 공개했다. 제목은 ‘태양의 후예편-이용빈, 육사에서 의사로’. 이 후보가 육사를 자퇴하고 의대에 진학한 경력을 드라마 내용을 활용해 소개했다. 카드뉴스에는 “극중 '윤명주(배우 김지원)'라는 캐릭터는 태백부대 파병 군의관(중위, 정형외과 전문의)으로 의대를 졸업하고 군대에 입대한 여성으로선 특이한 사례”라며 “(이 후보는)사람을 살리는 일을 하고 싶어 육사를 자퇴하고 의대에 진학했다”고 했다.더민주의 이형석(광주 북을) 후보는 ‘광주의 후예’, 국민의당 최웅수(경기 오산) 후보는 ‘오산의 후예’ 등으로 패러디 홍보물을 내놨다. 새누리당 이장우(대구 동구) 후보는 블로그에 “태양의 후예 방송 시간에는 선거운동도 쉬지 말입니다”라고 적은 홍보물을 올려 드라마 본방사수를 독려했다.박유미 기자yumip@joongang.co.kr 



	"
"야권 분열 노원병, 안철수 35.3% 이준석 32.0% 황창화 11.4%",http://news.joins.com/article/19794667,"
중앙일보와 엠브레인이 실시한 4·13 총선 4차 여론조사(각 지역 유권자 600명 대상)에서 서울 강동을에 출마한 더불어민주당 현역 심재권 의원이 28.8%의 지지율로 새누리당 비례의원 출신인 이재영(33.1%) 후보와 접전을 벌이고 있는 것으로 나타났다. 서울 노원병에서도 현역인 안철수 국민의당 대표가 지지율 35.3%로 새누리당 이준석(32.0%) 후보와 박빙인 것으로 조사됐다. 두 지역 모두 1, 2위 후보 간 차이가 오차범위(±4.0%포인트) 내였다. 강동을, 노원병에선 각각 국민의당 강연재(8.8%) 후보, 더민주 황창화(11.4%) 후보가 야권 지지층을 잠식했다.안철수 국민의당 대표는 2013년 4·24 보궐선거에선 노원병에 무소속으로 출마해 60.5%의 득표율로 새누리당 허준영(32.8%) 후보를 눌렀다. 당시 민주통합당은 후보를 내지 않았고 정의당 김지선 후보가 5.7%를 득표했다. 하지만 20대 총선에선 더민주 황 후보 외에도 정의당 주희준(5.2%) 후보, 더민주를 탈당한 무소속 고애리시(1.0%) 후보까지 야권 표를 분산한 것으로 나타났다. ▶관련 기사4선 고지 앞둔 나경원·정우택·송영길 오차범위 밖 1위여권 분열 마포갑, 노웅래가 안대희·강승규 앞서유인태 빠진 도봉을, 김선동이 신인 오기형 앞서노원병의 정당 지지도는 새누리 34.6%, 국민의당 20.5%, 더민주 19.7%, 정의당 8.9% 순이었다. 안 후보는 연령대별로 20대(34.8%), 30대(37.0%), 40대(39.6%), 50대(40.4%)까지 이준석 후보에게 앞섰다. 하지만 60대 이상에선 52.1%의 지지율을 얻은 이 후보에게 뒤졌다.강동을의 심재권 의원은 19대 총선에서 새누리당 정옥임 후보를 7914표(8.3%포인트) 차이로 누르고 당선됐다. 그런 심 의원이 이번 조사에서 고전하는 건 국민의당 강 후보뿐 아니라 민주당 박용규(2.3%) 후보까지 출마해 지지율을 분산시키면서다. 심 의원은 연령대별로 20대(40.8%), 30대(45.0%)에선 1위였지만 40대부터 이재영(33.2%) 후보에게 근소하게 밀리는 것으로 조사됐다. 서울 관악갑에선 더민주 현역인 유기홍 의원이 31.2%의 지지율로 국민의당 김성식(21.4%) 후보를 9.8%포인트 차이로 앞섰다. 새누리당의 청년 우선 추천 후보인 원영섭 변호사는 18.3% 지지율을 얻었다. 연령대별 지지율은 유기홍 의원이 20~40대에서 1위, 50대 김성식 후보, 60대 이상에선 새누리 원영섭 후보가 1위를 차지했다. 서울 중-성동을에선 새누리당 지상욱 후보가 42.1%로 더민주 이지수(19.2%) 후보와 국민의당 현역인 정호준(18.4%) 의원을 20%포인트 이상 앞서 는 것으로 나타났다. 야권은 이 후보와 정 의원의 지지율을 합쳐야만 오차범위 내 접전이 가능한 상황이다.허진재 한국갤럽 이사는 “서울 노원병과 강동을처럼 야권 제2 후보가 10%포인트 안팎의 지지율을 잠식해 야권 후보가 고전하는 곳이 수도권에만 최소 30곳 이상 될 것”이라며 “선거가 진행될수록 지역별로 후보 단일화 압력이 거세질 수밖에 없을 것”이라고 말했다.정효식 기자 jjpol@joongang.co.kr



	"
4선 고지 앞둔 나경원·정우택·송영길 오차범위 밖 1위,http://news.joins.com/article/19794663,"
4선 고지 앞에 선 중진들이 여론조사에서 저력을 보였다. 새누리당 나경원·정우택 의원, 더불어민주당 송영길 전 의원은 모두 4선을 앞두고 있다는 공통점이 있다. 중앙일보-엠브레인이 공동으로 실시한 여론조사에서 서울 동작을 나경원 의원은 47.8%의 지지율을 보였다.더민주 허동준 후보는 19.4%, 국민의당 장진영 후보 6.9%, 정의당 김종철 후보 4.2%, 민중연합당 이상현 후보 0.6%였다. 이들의 지지율을 모두 합하면 31.1%로 나 의원은 야당 후보 모두의 지지율을 합한 것보다 16.7%포인트 높은 지지율을 기록했다.나 의원은 이 지역에서 당 지지율보다 높은 개인 지지율을 보였고, 야당 후보들은 당 지지율보다 낮은 지지를 기록했다. 이 지역의 새누리당 지지율은 41.5%, 더민주 23.2%, 국민의당 7.2%, 정의당 6.8%였다. 박근혜 대통령의 국정운영 지지도(‘매우 잘하고 있다’+‘잘하고 있다’)는 40.8%로 정당 지지율과 거의 같았다. ‘국정안정을 위해 여당 후보를 찍겠다’는 응답자와 ‘여당의 독주를 막기 위해 야당 후보를 찍겠다’는 유권자의 비율은 각각 42.5%, 40.6%로 팽팽했다. 인천 계양을에선 야권 분열 상황 속에서도 더민주 송영길 전 의원이 오차범위를 벗어나는 1위로 나타났다. 송 전 의원은 39.4%, 새누리당 윤형선 후보는 25.4%, 현역인 국민의당 최원식 의원은 9.7%의 지지율을 기록했다. 야권 주자인 송 전 의원과 최 의원의 지지율 격차는 30%포인트에 가까웠다. 송 전 의원 역시 나 의원처럼 당 지지율(28.5%)을 뛰어넘는 지지율을 보였다. 이 지역 현역인 최 의원은 당 지지율(10.7%)과 큰 차이가 없었다. 이 지역에선 ‘여당 독주를 막기 위해 야당 후보를 찍겠다’(46.5%)는 응답이 ‘국정 안정을 위해 여당 후보를 찍겠다’(34%)는 대답보다 많았다. 박 대통령의 국정운영 지지도는 41.8%로, 이 지역 새누리당 지지율(34.6%)과 후보 지지율을 앞질렀다. 충북 청주 상당에선 새누리당 정우택 의원이 더민주 한범덕 전 청주시장보다 높은 지지율을 보였다. 정 의원은 43.7%로, 29.4%의 한 전 시장을 오차범위 밖에서 이겼다. 새누리당 지지율(42.8%)은 정 의원 개인 지지율과 별 차이가 없었다. 수도권 지역에서 40% 안팎이었던 박 대통령의 국정지지도는 50.9%를 기록했다. 전북 전주병에선 4선에 도전하는 국민의당 정동영 전 의원이 더민주 김성주 의원과 오차범위 내에서 접전을 벌였다. 정 전 의원은 36.6%, 김 의원은 33.9%였다. 새누리당 김성진 후보는 5.7%의 지지율을 보였다. 하지만 지난 2월 20~21일 본지 조사에선 김 의원이 40.3%로 정 전 의원(31.4%)을 오차범위 밖에서 따돌렸었다. 한 달여 만에 격차가 좁혀지면서 판세가 초박빙으로 바뀌었다. ▶관련 기사격전 노원병, 안철수35.3% 이준석32.0% 황창화11.4%여권 분열 마포갑, 노웅래가 안대희·강승규 앞서유인태 빠진 도봉을, 김선동이 신인 오기형 앞서이 지역의 정당지지율은 더민주(33.3%)가 국민의당(24.2%)보다 높았다. 두 후보는 모든 연령대에서 엎치락뒤치락하며 오차범위 내에서 경합을 벌였다.이병일 엠브레인 상무는 “유권자들은 신선한 인물을 원하기도 하지만 중진 다선 의원이 탄생하면 지역을 위해 큰 힘을 쓸 수 있을 것이라고 기대한다”며 “이런 심리와 상대적으로 높은 인지도가 중량감 있는 중진들이 높은 지지율을 보이는 원인이 된 것 같다”고 분석했다.이가영 기자 ideal@joongang.co.kr



	"
"유인태 빠진 도봉을, 김선동이 신인 오기형 앞서…선거구 조정 강남을, 김종훈 44.2% 전현희 27.7%",http://news.joins.com/article/19794664,"
서울 도봉을에서는 새누리당 김선동 후보가 38.4%의 지지율로 더불어민주당 오기형 후보(21.2%)를 17.2%포인트 앞섰다. 중앙일보 조사연구팀과 엠브레인이 지난 25~26일 지역구 유권자 600명을 조사한 결과다.더민주 유인태 의원의 지역구인 서울 도봉을에서 김 후보는 17대 총선 이후 줄곧 지역을 지켜왔다. 18대 총선 때는 유 의원과 맞붙어 이겼지만 2012년 19대 총선 때 다시 유 의원에게 자리를 내줬다. 더민주는 유 의원이 공천 탈락으로 불출마하게 되자 중국·통상 전문 변호사인 오 후보를 전략공천했다. 오 후보는 이번이 첫 총선 출마인 정치 신인이다.이 지역에서 국민의당 손동호 후보는 9.7%의 지지율을 보였다. 야권이 분열돼 있는 상태로 두 후보의 지지율을 합해도 김 후보 지지율에 미치지 못했다. 서울 강남을은 이번 선거구 조정으로 지역이 지난 19대 총선 때와는 많이 달라졌다. 양재천 남쪽의 개포1·2·4동, 수서동, 세곡동, 일원1·2동, 일원본동 등이 해당된다. 더민주에선 강남구 지역 중 서울 강남을의 경우 야권 성향의 표가 많은 지역으로 기대하고 있으나 새누리당 후보가 강세였다.새누리당 김종훈 의원은 44.2%, 더민주 전현희 전 의원은 27.7%의 지지를 받았다. 국민의당은 이 지역에 후보를 내지 않았다. 국민의당을 지지한다고 밝힌 응답자는 고루 흩어졌다. 국민의당 지지자 중 43.2%는 더민주 전 후보를 지지했고 20.3%는 무소속 김광종 후보를 지지했다. 15.1%는 새누리당 김 후보에게 투표하겠다고 밝혔다. 경남 창원 성산에선 현역인 새누리당 강기윤 의원을 상대로 정의당 노회찬 전 의원이 오차범위 내 접전을 벌이고 있는 것으로 나타났다.강 의원 28.7%, 노 후보 23.6%, 더민주 허성무 후보 9.3%, 국민의당 이재환 후보는 2.6%였다. 더민주 허 후보와 정의당 노 후보는 지난 22일 기자회견을 열고 후보 단일화에 합의했다. 27~28일 전화 여론조사를 거쳐 29일 단일 후보를 발표한다. 두 후보의 지지율을 합하면 32.9%로 새누리당 강 의원의 지지율을 웃도는 수치가 나온다.  ▶관련 기사격전 노원병, 안철수35.3% 이준석32.0% 황창화11.4%4선 고지 앞둔 나경원·정우택·송영길 오차범위 밖 1위여권 분열 마포갑, 노웅래가 안대희·강승규 앞서창원공단 근로자가 많이 거주하는 이 지역구에선 18대 총선 때 민주노동당 권영길 후보(48.1%)가 강 의원(44.6%)에 3.5%포인트 차이로 승리했다. 19대 총선에선 강 의원(49.0%)이 통합진보당 손석형 후보(43.8%)를 5.2%포인트 차이로 따돌렸다.김성탁 기자 sunty@joongang.co.kr



	"
"[정효식 기자의 총선 풍향계 ②] 수도권  50석이냐 60석이냐, 새누리 과반 변수",http://news.joins.com/article/19862872,"
20대 총선을 나흘 남긴 상황에서 새누리당이 151석 이상을 얻지 못해 과반이 붕괴될 수 있다는 예측이 곳곳에서 나오고 있다. 새누리당뿐 아니라 여론조사 기관들의 조사 결과도 그렇다. 18대 총선(2008년) 153석, 19대(2012년) 152석에 이은 새누리당 과반이 8년 만에 붕괴되는 것일까. 적신호의 출발은 여론조사 수치다. 한국일보와 한국리서치가 8일 공개한 여론조사에서 새누리당 지지율은 28.4%였다. 한 달 전(2월 21~22일) 같은 기관의 조사는 38.3%였다. 무려 9.9%포인트 하락했다. 더불어민주당과 국민의당은 각각 같은 기간 15.9→21.7%로, 7.1→16.9%로 올랐다. 여론조사 기관 리얼미터의 조사도 마찬가지다. ‘3·15 공천학살’ 직전인 3월 2주차 조사 결과 새누리당 지지율은 44.1%였으나 7일 발표된 4월 1주차 조사에선 34.4%로 떨어졌다. 서울 종로, 영등포 갑·을 등 새누리당 우세에서 경합으로 판세가 바뀐 선거구도 속출하고 있다.<중앙선거여론조사공정심의위 홈페이지 참고>김춘석 한국리서치 이사는 “새누리당 공천 파동의 여파가 수도권과 대구·경북(TK)에서 지지율 폭락으로 이어졌고, 그 상당 부분을 국민의당이 흡수했다”며 “1여다야(一與多野) 구도였던 수도권에서 새누리당과 더민주 간 일대일 구도가 만들어진 이유”라고 분석했다. 새누리당 이운룡 총선상황실장은 “휴대전화 안심번호로 조사한 적극투표층에서 오차범위 밖의 확실한 우세를 보이는 선거구는 100곳이 안 된다” 고 주장했다. 권역별 판세를 종합해 청와대에 보고된 새누리당 의석 예상치가 ‘145석 안팎’이란 얘기도 당에선 나왔다. 구체적인 계산법은 이렇다.① 영남권(전체 65석)에서 유승민 의원 탈당 이후 무소속 후보가 10곳가량 우세다. 여기에 더민주의 대구 수성갑(김부겸), 경남 김해갑(민홍철)·김해을(김경수), 부산 북-강서갑(전재수), 사하갑(최인호) 후보가 오차범위 안에서 선전하고 있어 5석을 내주면 50석밖에 안 남는다.② 19대 때 싹쓸이했던 강원(8석)에서도 원주을과 동해-삼척에서 각각 더민주, 무소속 후보에게 뒤져 2석을 빼야 한다. 충청권(27석)에서도 6~7석은 경합열세다. 결국 26석 정도밖에 안 된다.③ 비례의석이 줄어 현재의 정당지지율로는 19대 25석보다 5석 적은 20석밖에 기대하기 힘들다고 새누리당은 주장한다.①②③을 합치면 96석 정도다. 반면 수도권에서 우세 또는 경합 우세를 합치면 50석 정도라고 한다. 합치면 새누리당이 얻을 수 있는 의석은 ‘145석 안팎’이다.결과적으로 새누리당은 영남에서 무소속 바람으로 잃게 된 10석 때문에 122석이 걸린 수도권에서 55석 이상을 얻지 못할 경우 과반이 붕괴될 수 있다. 새누리당 셈법으로 수도권에서 50석을 얻으면 145석 안팎, 60석을 얻으면 155석으로 겨우 과반 달성이 된다는 것이다. ▶[정효식 기자의 총선 풍향계 ①] 초반 고전 안철수·추미애…‘숨은 야권표 10%’ 있나더민주의 셈법은 다르다. 더민주 이재경 선대위 대변인은 “한마디로 부자(富者)의 탐욕”이라고 주장했다. 새누리당이 대전과 충남·북, 경기 남부와 북부 등 수도권에서도 강세를 보이며 19대 총선보다 우위를 보이고 있는 지역이 훨씬 많다는 것이다.김미현 알앤써치 소장은 “더민주도 위태로운 상황”이라며 “현재 판세로는 수도권에서 더민주가 60석 이상 얻기도 쉽지 않아 20~40대 지지층이 결집하느냐 여부가 관건”이라고 말했다. 수도권에 경합지가 몰려 있는 더민주는 70석을 얻어야 총선 목표(107석)를 달성할 수 있다.서울대 국제대학원 한정훈(정치학) 교수는 “새누리당 과반 붕괴는 이탈층이 2번, 3번을 찍는다는 전제 하의 가정”이라며 “그레이 보터(60대 이상 유권자)가 167만 명 늘어난 상황에서 과반 붕괴가 현실화될지는 두고 봐야 한다”고 말했다.정효식 jjpol@joongang.co.kr



	"
이성헌 “청년일자리센터 약속”  우상호 “은퇴지원센터 건립”,http://news.joins.com/article/19862859,"
서울 서대문갑에 출마한 새누리당 이성헌 후보(왼쪽 사진)와 더불어민주당 우상호 후보는 이번 총선에서 다섯 번째 맞대결을 벌이고 있다. 지금까지 전적은 2승2패로 동률이다. 8일 오후 이 후보는 홍제동 현대아이파크 아파트 입구에서, 우 후보는 홍제역 3번출구 부근에서 유권자들에게 지지를 호소했다. [사진 박종근 기자]“벚꽃 구경 잘하시고, 즐거운 시간 보내세요!” 8일 오후 벚꽃이 만개한 서울 서대문구 안산자락길. 양복에 어깨띠를 두른 더불어민주당 우상호(53) 후보가 지나가는 시민을 향해 허리를 굽혔다. 그러자 얼마 지나지 않아 빨간 점퍼를 입은 새누리당 이성헌(57) 후보가 선거운동원 7명과 함께 나타났다.▶이 후보=“왔어?”▶우 후보=“어? 어~.”둘은 어색하게 악수를 한 뒤 10m쯤 떨어져 선거운동을 이어갔다. 두 사람은 연세대 81학번 동기지만 나이는 군 복무 후에 입학한 이 후보가 네 살 더 많다.한 지지자가 우 후보에게 다가와 “저쪽에만 사람이 너무 많은 거 아니에요?”라고 말하자 그는 “시민들에게 불편을 끼치지 말아야죠”라며 대수롭지 않게 반응했다. 하지만 20분도 안 돼 이번엔 우 후보 쪽 운동원 8명이 팻말을 들고 나타났다. 우 후보는 “누가 불렀어? 이건 내 콘셉트가 아닌데”라면서도 옆에 서서 인사를 계속 했다. 이 후보는 요즘 주변 사람들에게 “유승민 의원도 지역의 심판을 받은 뒤 자신의 생각이 당의 정체성을 손상하지 않도록 하겠다는 마음이 있다면 받아들여도(복당해도) 문제 없다고 본다”며 당 공천 파동으로 인한 거부감을 불식시키는 데 온 신경을 쏟고 있다.서울 서대문갑은 이 후보와 우 후보가 다섯 번째 맞대결을 벌이는 곳이다. 역대 전적은 2승2패. 이 후보는 짝수인 16·18대, 우 후보는 홀수인 17·19대 의원을 지냈다. 사실상 이번이 결승전인 셈이다.두 후보 모두 선거에서 지면 지역구를 떠나겠다고 선언할 정도로 각오가 남다르다. 이 후보는 “다섯 번째 대결이라는 건 지역민들이 20년 동안이나 일할 기회를 줬다는 것”이라며 “이번에 실패한다면 말 그대로 보따리를 싸겠다”고 말했다. 우 후보는 “지금까지 둘 다 8년씩 국회의원을 했기 때문에 이번 선거는 누가 더 일을 많이 했느냐는 평가가 될 것”이라며 “냉정한 평가를 받으면 미련 없이 (지역구를) 떠나겠다”고 강조했다.지난 네 번의 선거 모두 한 자릿수 득표율로 승패가 갈린 것처럼 이번 선거도 치열한 승부가 예상된다. 각종 여론조사에서도 두 후보는 오차범위 내의 팽팽한 접전을 벌이고 있다. 사석에서는 서로 호형호제할 정도로 친한 사이지만 선거전만큼은 양보가 없다. ▶관련 기사 ① 박민식 ‘3선 총력전’ 전재수 ‘세번째 도전’ ② 오신환 “한 번 더 기적을” 정태호 “이번엔 2번을”서로의 장단점을 누구보다 잘 알기에 선거 전략 또한 철저하게 상대편의 표를 가져오는 데 초점을 맞췄다. 이 후보는 청년층을 공략하기 위해 “신촌에 청년일자리센터를 세우겠다”는 공약을 내세운 반면 우 후보는 50~60대를 겨냥해 “은퇴 후반전을 준비하기 위한 은퇴지원센터를 건립하겠다”고 약속했다.지역 민심은 역대 전적처럼 정확히 반으로 갈렸다. 홍제동에 사는 김현순(71)씨는 “홀수 선거 땐 우상호 후보가 국회의원이 됐으니 짝수인 20대 선거는 이성헌 후보에게 기회를 줘야 하지 않겠느냐”며 이 후보의 손을 들어줬다. 반면 김동식(51)씨는 “민주당이 하는 일은 탐탁지 않지만 지역구에서 성실하게 일한 우 후보에게 마음이 쏠린다”고 말했다.글=천권필 기자 feeling@joongang.co.kr사진=박종근 기자



	"
사전투표 첫날 5.45% 참여   지방선거보다 0.7%P 높다,http://news.joins.com/article/19862814,"
4·13 총선 첫날 사전투표율이 5.45%로 나타났다. 2014년 지방선거 당시 첫날 사전투표율(4.75%)보다 0.7%포인트 높았다. ▶관련 기사   300m 투표줄…오세훈·정세균 맞붙은 종로 6.19% 서울 1위



	"
"“호남, 지지 거두면 정계은퇴” 문재인, 광주 찾아 승부수",http://news.joins.com/article/19862813,"
더불어민주당 문재인 전 대표가 8일 광주에서 총선 승부수를 던졌다. “호남이 지지를 거두면 정치에서 은퇴한다”는 카드였다. ▶관련 기사   광주서 무릎 꿇은 문재인 “호남이 지지 거두면 정계 은퇴”



	"
“20대 국회는 확 변모해야” 충북창조센터 간 박 대통령,http://news.joins.com/article/19862811,"
박근혜 대통령이 8일 충북을 찾아 “20대 국회가 확 변모하기를 기원한다”고 말했다. 해외순방에서 돌아온 지 이틀 만이다. ▶관련 기사   박 대통령 “20대 국회 확 변모해 경제 활성화 도움 되길”



	"
중국 내 북한식당 직원 13명 집단 귀순 ,http://news.joins.com/article/19862807,"
중국의 지방 도시에 있는 북한 식당에서 일하던 북한 종업원 13명이 집단 탈출해 국내에 입국했다. 통일부 정준희 대변인은 8일 정부서울청사에서 기자회견을 열고 “ 귀순한 사람은 남성 지배인 1명과 여성 종업원 12명으로 어제(7일) 국내에 들어왔다”며 “그동안 한두 명이 개별적으로 귀순한 사례는 있지만 같은 식당에서 일하는 종업원들이 한꺼번에 입국한 것은 처음”이라고 말했다.정 대변인은 “국제사회가 대북제재를 강력하게 이행하고 있어 해외에 있는 북한 식당들이 큰 타격을 받고 있다”며 “무리한 상납 요구 등으로 인해 상당한 부담감을 느꼈다는 (일부 탈북자의) 언급이 있었다”고 설명했다. 이어 “이들은 한국 TV드라마· 인터넷 등을 통해 우리 실상과 북한 체제 선전의 허구성을 깨닫고 탈북을 결심했다”고 전했다. 정 대변인은 “관례상 탈출 경로를 밝히기는 어렵다”며 “제3국과의 외교 마찰 등이 우려되기 때문”이라고 설명했다.▶관련 기사   출신 성분 좋은데 집단 탈북…북 외화벌이 최전선에 구멍하지만 정보 당국의 핵심 인사는 “탈북자들이 중국 지방 도시에 있는 북한 식당에서 근무한 것으로 알고 있다”며 “이들이 중국에서 탈출해 동남아시아의 인근 국가를 통해 한국에 왔으며 이는 중국 정부의 허가 없이는 불가능하다”고 전했다. 고려대 남성욱(통일외교안보학부) 교수는 “중국이 북한 식당 종업원들의 탈출을 허용했을 경우 이는 매우 이례적인 일”이라며 “ 중국이 북한에 대해 취하는 압박 중 하나로 볼 수 있다. 향후 북·중 관계가 더 악화될 수도 있다”고 말했다.전수진 기자 chun.sujin@joongang.co.kr



	"
출신 성분 좋은데 집단 탈북…북 외화벌이 최전선에 구멍,http://news.joins.com/article/19862806,"
해외의 북한식당에서 근무하던 종업원 13명이 집단 탈출한 뒤 지난 7일 국내에 입국했다. 신분 노출을 우려해 마스크 등으로 얼굴을 가렸으며 옷·신발 등도 대부분 새것으로 교체해 착용한 것으로 보인다. [사진 통일부]지난 7일 집단 탈북한 북한 식당 종업원들이 근무했던 곳이 중국인 것으로 정부 관계자가 확인하면서 미묘한 파장이 일고 있다. 북·중 간의 심각한 외교적 마찰로 비화할 수 있기 때문이다. 익명을 원한 정보당국 출신 북한 전문가는 8일 “중국 지방 도시에서 일하던 13명의 북한 식당 종업원들이 36년 만에 치르는 5월 노동당 대회를 앞두고 충성자금 상납 압박에 시달려오다 육로를 통해 동남아 제3국을 거쳐 탈북한 것으로 안다”고 말했다.통일부 정책자문위원인 한 대북 소식통도 “중국의 지방 도시에 있는 북한 식당 종업원들이 집단 탈북한 것으로 보인다는 소식을 중국에서 근무하는 한 외신 지국장을 통해 들었다”고 했다.만일 중국이 북한 식당 종업원의 한국행에 협조했다면 지난 3월 한·중 정상회담 때 ‘대북제재 전면적 이행’ 방침을 강조한 중국의 ‘의지’를 재확인하게 된다. 이는 북·중 간 균열이 더욱 깊어질 것임을 뜻한다.통일부 정준희 대변인은 이날 긴급 브리핑을 하면서 이들이 어느 나라에 소재한 식당에서 근무했는지와 구체적인 탈북·입국 경위는 공개하지 않았다. “구체적으로 밝힐 경우 제3국과의 외교적 마찰이 우려되고 이들의 신변 보호, 또 향후 있을지도 모르는 (추가 탈북) 사례 등을 종합적으로 고려했기 때문”이라고 말했다.정부는 이번 집단 탈북을 ‘고강도 대북제재의 효과’라고 설명했다. 정 대변인은 브리핑에서 “(탈북 인원이) 대규모이고 해외 북한 식당 종업원들은 우리로 치면 중산층 이상으로 출신 성분도 비교적 좋은 사람들인데 이렇게 한꺼번에 마음을 합쳐 탈북했다는 것은 상당한 의미가 있다”고 했다.해외 북한 식당의 실제 운영 주체는 최고인민회의 상임위원회, 대외봉사총국 등으로 각기 다르다. 따라서 해당 배후 기관으로 불똥이 튈 가능성이 크다. 고위 탈북자 출신인 고영환 국가안보전략연구원 부원장은 “폐업이 속출하고 있는 북한 식당에는 6~7명당 한 명씩 국가안전보위부가 심어둔 ‘밀고자’가 있다”며 “그런데도 한 직장에서 일하는 종업원들이 한꺼번에 탈북한 것은 ‘사변’ 같은 일이기에 김정은이 책임 추궁을 할 것”이라고 말했다. 북한은 외화벌이를 위해 중국·동남아·중동 등 12개국에서 모두 130여 개의 식당을 운영하고 있다. 이 중 90% 이상이 중국에 있다. 동남아엔 캄보디아·베트남·태국·라오스 등에 북한 식당이 있다. 정부는 북한 식당들이 연 1000만 달러(약 115억원) 정도를 벌어들이는 것으로 파악하고 있다.김형구 기자 kim.hyounggu@joongang.co.kr



	"
안철수 “광주 시민들이 판단해 결정할 것” 김종인 “너그럽게 봐 주셨으면,http://news.joins.com/article/19862805,"
8일 ‘광주 민심’은 미묘하고 복잡했다. 문재인 전 더불어민주당 대표가 광주천을 걸어 충장로로 향할 때 한 시민이 먼 발치서 “여기 뭐 하러 와! 무슨 염치로 와!”라고 소리쳤다. 반면 노인 50여 명이 모여 있던 광주공원에선 한 할머니가 눈물을 흘리며 문 전 대표의 손을 잡았다. 충장로에는 지지자 500여 명이 나와 ‘문재인’을 연호했다. 연설 뒤에는 지지자들이 몰려 사인과 사진 촬영을 요구하면서 70여m의 도로를 빠져나가는 데 10분 이상이 걸렸다. 광주 민심은 월곡시장의 한 식당에서 열린 문 전 대표와 4050세대의 만찬 간담회에서 분출했다.한 시민은 “친노 패권 없다는 말 정도로는 안 된다. 대권 욕심 없이 정말 분열된 야당을 통합하는 리더이자 희생양이 될 생각은 없느냐”고 물었다. 몇몇 시민은 “호남인들은 큰 배신감이 있다. ‘왜 그럴까요’라고 우리한테 물어보면 안 된다”거나 “호남 민심을 정리하면 ‘친노가 대권도 당권도 갖고 다 해 먹으려 한다’는 것”이라고 지적했다.간담회 말미 한 시민이 “늦었지만 잘 오셨다. 표 떨어지니까 오지 말라고 한 사람은 정치인 자격이 없다고 생각했다. (선거 전날인) 12일 밤까지 광주에 있으라. 이제 (더민주는) 더 떨어질 게 없고 바닥이다”고 말했다. 문 전 대표는 말없이 고개를 끄덕였다.더민주는 이날 문 전 대표의 광주 방문이 호남에서 지지율이 반등하는 계기가 될 것으로 기대했다. 이철희 선대위 상황실장은 “호남에서 국민의당이 ‘반문 정서’를 프레임으로 내세워서 그렇지 당 자체 조사에선 문 전 대표에 대한 호감이 훨씬 높은 것으로 나타났다”며 “호남 여론이 나아지면 수도권에 거주하는 호남 출신 표에도 좋은 영향을 미칠 것”이라고 말했다. ▶관련 기사  안철수 “광주 시민들이 판단해 결정할 것” 김종인 “너그럽게 봐 주셨으면하지만 국민의당 안철수 대표는 이날 경기도 광명 합동유세가 끝난 뒤 기자들과 만나 문 전 대표의 호남 사과 발언과 관련해 “광주 시민들이 판단하고 결정할 것”이라고 말했다. 국민의당 박지원 의원은 페이스북에 “광주에서 문 전 대표에 대한 지지를 거둔 것은 오래전 일”이라고 적었다. 김한길 의원도 “선거를 며칠 앞두고 일회성 방문으로 말 몇 마디 한다고 해서 계파 패권주의를 막무가내로 밀어붙인 책임, 야권을 분열시킨 책임에서 결코 벗어날 수 없다”고 주장했다. 반면 더민주 김종인 대표는 ＂광주 시민들이 너그럽게 봐 주셨으면 한다”고 말했다.8일 현재 각종 여론조사와 각 당의 판세 분석을 종합하면 호남 지역구는 28곳 중 국민의당이 11곳에서, 더민주가 3곳에서 앞서고 있다. 절반인 14곳이 혼전 중이다. 결국 14곳의 혼전 지역에서 어떤 성적을 거두느냐가 문 전 대표의 정치생명을 좌우하게 됐다.　김성탁 기자, 광주=강태화 기자 sunty@joongang.co.kr



	"
광주서 무릎 꿇은 문재인 “호남이 지지 거두면 정계 은퇴”,http://news.joins.com/article/19862804,"
더불어민주당 문재인 전 대표가 8일 “호남에서 지지를 거두면 정치 일선에서 물러나고 대선에도 도전하지 않겠다”고 말했다. 문 전 대표는 이날 광주광역시 충장로에서 발표한 ‘광주시민들께 드리는 글’에서 “호남의 정신을 담지 못하는 야당 후보는 자격을 상실한 것”이라며 이처럼 호남 지지를 조건부로 정치생명을 거는 승부수를 다시 띄웠다. 그런 뒤 “진정한 호남의 뜻이라면 저에 대한 심판조차 기쁜 마음으로 받아들이겠다”고 밝혔다. 문 전 대표는 발표문 낭독이 끝난 뒤 ‘호남 지지의 기준이 뭐냐’고 기자들이 묻자 “상황이 엄중한데 구체적으로 말씀드릴 수 있겠느냐”고만 답했다.이날 문 전 대표는 발표문에서 “(광주에 가선) ‘안 된다’는 당을 설득해 이제야 왔다. 그간의 부족함에 대해 진심으로 용서를 구한다. 분이 풀릴 때까지 제 얼굴 맞대고 호되게 꾸짖어 달라”고 말했다. 이어 “호남의 전폭적 지지를 밑거름 삼았던 제가 한 번도 승리의 기쁨을 돌려 드리지 못했다. 죄송하다”고 고개를 숙였다. “참여정부 때 대북송금 특검도 있었고 열린우리당의 분당도 있었다. 노무현 전 대통령이 호남을 정치적 고향이라고 할 만큼 호남을 사랑했어도 호남 사람처럼 호남의 정서를 알 수는 없었을 것”이라는 말도 했다. 하지만 이 지역 반(反)문재인 정서의 뿌리인 ‘호남 홀대론’에 대해선 강하게 부인했다. 그는 “결단코 호남 홀대는 없었다”며 “그것만은 절대 인정하지 않겠다”고 말했다. 그러면서 “저에게 덧씌워진 ‘호남 홀대’ ‘호남 차별’이라는 오해는 부디 거두어 달라. 그 말만큼은 제 인생을 송두리째 부정하는 치욕이고 아픔”이라고 강조했다.1987년 6월 항쟁 당시 얘기도 꺼냈다. “노무현과 제가 부산 가톨릭센터에서 개최한 광주(민주화운동) 비디오 관람회를 보려는 부산 시민들이 줄을 이었고 부산 가톨릭센터는 명동성당처럼 부산 6월항쟁의 중심이 됐다. (1990년) 3당 합당으로 호남이 고립됐을 때도 그에 반대한 영남의 민주화 세력은 지역 내에서 전라도니 빨갱이니 핍박받고 고립되면서도 호남과 잡은 손을 놓지 않았다”면서다. 발언의 핵심은 ‘호남+영남 민주화운동’ 세력의 재결합 요구였다. 더불어민주당 문재인 전 대표(오른쪽)가 8일 오전 1박2일 일정으로 광주를 방문했다. 첫 일정으로 국립 5·18 민주묘지를 찾은 문 전 대표와 김홍걸 국민통합위원장이 무릎을 꿇은 채 참배하고 있다. 이날 문 전 대표는 방명록에 ‘광주정신이 이기는 역사를 만들겠습니다’는 글을 남겼다. [광주=프리랜서 오종찬]문 전 대표는 “호남과 호남 바깥 민주화운동 세력의 결합이 김대중 정부를 탄생시켰고 노무현 정부를 탄생시켰다”며 “호남과 호남 바깥의 민주화 세력이 다시 굳건하게 손을 잡을 때만이 세 번째 민주정부를 만들어낼 수 있다”고 주장했다. 그러곤 “호남과 호남 바깥의 민주화 세력을 이간하여 호남을 다시 고립화시키려는 사람들의 거짓말에 휘둘리지 말아 달라. 호남인에게 지역 정당이라는 불명예를 안기면서까지 그들만의 영달을 좇는 세력이 발붙이지 못하도록 시민 여러분이 더민주 호남 후보들에게 힘을 달라”고 국민의당을 겨냥했다. 마지막으론 “저는 앞으로 당권에는 일절 관여하지 않겠다. 시민들 속으로 들어가서 정권교체의 역량을 키워나갈 것”이라고 약속했다. ▶관련 기사  광주서 무릎 꿇은 문재인 “호남이 지지 거두면 정계 은퇴”문 전 대표는 광주에서의 첫 일정으로 국립 5·18 민주묘지를 김대중 전 대통령의 셋째아들 김홍걸 당 국민통합위원장과 함께 참배했다. 문 전 대표는 방명록에 “광주정신이 이기는 역사를 만들겠습니다”고 적고는 희생영령 앞에 무릎을 꿇어 묵념했다.그의 광주 방문은 지난해 11월 18일 조선대 역사 교과서 국정화 특강 이후 142일 만이다. 문 전 대표는 이날 광주에서 1박을 했다. 9일에는 전북 정읍과 익산을 찾는다.광주=강태화 기자 thkang@joongang.co.kr



	"
"서청원 “새누리 리더, 당 대표 아닌 박 대통령”",http://news.joins.com/article/19862803,"
서청원새누리당 공동중앙선거대책위원장인 서청원 최고위원은 8일 대구 지원유세에서 표심 공략을 위해 ‘박근혜 마케팅’에 집중했다. “우리 당에선 대표가 아닌 박근혜 대통령이 최고지도자”라는 말까지 했다. 그는 이날 조윤선 전 청와대 정무수석 등과 함께 대구를 찾아 양명모(북을) 후보에 대한 지지연설 중 이같이 말했다. 대구 지역 새누리당 후보 11명이 달서구 두류공원 내 문화예술회관에 모여 무릎을 꿇고 “시민들의 압도적인 지지만이 박 대통령을 지킬 수 있다”고 호소한 지 이틀 만이다.서 최고위원은 8일 대구 유세에서 관음동 금요시장에 마련된 연단에 올라 박 대통령과의 인연을 강조했다. 최근 여론조사에서 무소속 홍의락 후보에게 밀리는 양 후보를 위한 지지연설을 하면서다. 서 최고의원은 “1998년 박 대통령이 당시 한나라당 소속으로 대구(달성) 보궐선거에 나갔는데 그때 내가 사무총장이었다”며 “감옥에 갔다 온 뒤 모든 걸 잊고 살던 나에게 화성 보궐선거(2013년) 공천을 해 준 분이 박 대통령”이라고 말했다. 박 대통령과 그만큼 인연이 깊은 자신이 양 후보를 응원하러 왔다는 것을 강조하기 위한 발언이었다.서 최고위원은 이어 “친박연대 시절에도 31.3%의 지지도를 보여 준 대구시민께 감사하다”며 “우리 당의 최고지도자가 누군지 아십니까? 대표도 아닙니다. 박근혜 대통령이 최고지도자이십니다”고 강조했다. 이어 “대구는 박 대통령을 만든 전초기지”라며 박 대통령과 대구, 양 후보를 연계해 지지를 호소했다.하지만 이로 인해 당 안팎에선 논란이 일었다. 공식 당 대표인 김무성 대표를 친박계 좌장인 서 최고위원이 끌어내린 발언으로 읽힐 수 있어서다. 김 대표는 지난달 대구 지역 ‘진박’ 후보 3인(정종섭·이재만·추경호)의 공천 최종 승인을 거부하며 친박계와 갈등을 빚은 바 있다.새누리당 중앙선대위 관계자는 “대구만의 특성을 감안한 지지 호소 발언 정도로 해석하는 게 맞다”며 “대구·경북(TK) 이외 지역에선 당 지지율에 악영향을 줄 수도 있지만 선대위원장의 이 정도 발언을 당 차원에서 제재하는 건 어렵지 않겠느냐”고 말했다. 더불어민주당 김성수 대변인은 “정당 민주주의에 대한 천박한 인식을 드러냈다”고 비판했다. 정작 김 대표는 말을 아꼈다. 그는 이날 경기도 고양 화정역 광장에서 손범규(고양갑)·김태원(고양을) 후보 지원유세를 마친 뒤 서 최고의원의 발언과 관련된 기자들의 질문에 손사래를 치며 답변을 피했다.최선욱·김경희 기자 isotope@joongang.co.kr



	"
"더민주 ""與 180석 가져갈 상황…우린 100석도 어려워""",http://news.joins.com/article/19866426,"
""호남, 어려운 것이 사실""【서울=뉴시스】박주연 기자 = 더불어민주당 정장선 선거대책본부장은 10일 ""새누리당이 180석을 가져갈 수 있는 상황""이라며 ""우리는 비례대표를 합해도 100석도 어렵다""고 밝혔다. 정 본부장은 이날 국회에서 기자간담회를 갖고 ""솔직한 상황을 말하겠다""며 ""종합해보면 여당은 지역구에서 (경합우세를 포함해) 130곳이 우세지역이고 우리 당은 60곳""이라고 밝혔다. 그는 이어 ""경합지역이 40곳인데 대개 수도권""이라며 ""반반 정도 여야로 나뉜다고 보면 여당은 지역구에서만 150석""이라고 말했다.  그는 ""무소속 후보들이 당선되면 여당에 들어갈 것이고, 비례대표까지 따지면 여당은 180석 정도를 가져갈 수 있는 상황""이라며 ""엄살을 부리거나 과장하는 것이 아니라 판단해볼 때 그렇다""고 말했다. 그는 ""우리는 우세 지역이 60곳인데 경합지역이 수도권에 주로 몰려 100석도 어려운 상황""이라며 ""국민의당이 지지도가 올라가고 있다고 하지만 지역구 당선에는 큰 변화가 없어서 여당이 180석을 넘을 수 있다""고 재차 강조했다. 그는 이어 ""여당이 엄살을 부리고 쇼하는 것은 적절치 않다""며 ""거대 여당의 출현이 얼마 남지 않았다""고 말했다. 이어 ""우리 당이 안심번호로 여론조사를 하고, 분석팀에서 분석한 결과""라고 설명했다. 정 본부장은 수도권 판세와 관련, ""수도권에서는 경합우세와 우세를 합해 45개 정도의 지역구에서 우리 당이 유리하다""고 설명했다. 그는 서울의 경우 18~19곳, 경기의 경우 20곳 이상, 인천의 경우 5~6곳 정도가 우세 또는 경합 우세라고 소개했다. 그는 ""서울에서도 야권 분열 때문에 과반을 넘기는 것도 버거운 상황""이라며 ""내부 문제도 있지만 가장 큰 문제는 일여다야""라고 우려했다. 이어 ""분열되서 유권자들이 '내가 투표하면 뭐하느냐'는 생각을 갖는 경향도 있다""고 덧붙였다.  그는 그러면서 ""수도권에서 어떻게든 과반수를 한다고 해도 100석이 어려운 상황""이라며 ""일여다야 악몽이 현실화될 것으로 본다""고 우려했다.  그는 충청·영남지역에 대해서는 ""사정이 좋지 않다""며 ""새누리당이 충청과 영남에서 절대우세를 보이고 있다""고 분석했다.  그는 비례대표 예상의석에 대해 ""30%는 획득하지 않을까 생각한다""며 ""우리당이 20%를 하려면 여당이 50%를 넘겨야 하는데 그렇지는 않을 것""이라며 ""원래 예상대로 13~14석까지는 갈 것으로 본다""고 말했다.  정 본부장은 호남 판세에 대해서는 ""호남이 어려운 것이 사실""이라고 밝혔다. 또 문재인 전 대표의 호남 추가 유세 가능성에 대해 ""여러 곳에서 요청이 있었기 때문에 갈 수 있다고 생각한다""며 ""김종인 대표가 못가는 곳에 갈 수 있다고 본다""고 말했다. 정 본부장은 남은 사흘간의 유세에 대해 ""결국 수도권""이라며 ""국민들이 어디에 투표해야 여당을 견제할 수 있을 지를 알리기 위해 수도권에서 모든 노력을 다할 것""이라고 말했다. 이어 ""수도권 판세가 지방까지 가지 않겠느냐""고 덧붙였다. 그는 ""김종인 대표는 체력이 받쳐주는데까지 하겠다는 각오""라고 말했다. pjy@newsis.com



	"
"유일호 부총리, IDB 연차총회 연설",http://news.joins.com/article/19865948,"
【서울=뉴시스】김선웅 기자 = 유일호 부총리 겸 기획재정부 장관이 10일(현지시각) 바하마 낫쏘 ICC에서 열린 미주개발은행(IDB) 연차총회 개회식에서 의장 연설을 하고 있다. 2016.04.10. (사진=기획재정부 제공) photo@newsis.com 



	"
"北 국가과학원 레이저 연구소, ""광석빛선별기 개발""",http://news.joins.com/article/19866109,"
[CBS노컷뉴스 안윤석 대기자]국가과학원 레이자(레이저)연구소에서 실용성있는 광석빛선별기를 개발해 도입했다고 북한 매체가 보도했다.북한 대외용 선전 매체인 '메아리'는 9일 ""최근 국가과학원 레이자연구소의 과학자들이 성능높은 광석빛 선별기를 개발하고 현장에 도입하는 성과를 거뒀다""고 전했다.연구집단은 빛전자응용기술을 이용해 빛을 쪼여주고 측정하는 수감계통과 버럭(폐석)과 광석을 갈라내는 선별계통 등을 합리적으로 구성하고 과학기술적문제들을 높은 수준에서 훌륭히 해결했다고 소개했다.새로 개발한 광석빛선별기는 처리능력이 시간당 30t, 선별정확도가 90%이상이며' 전력소비도 매우 적은 우점(이점)을 갖고 있다고 덧붙였다.ysan@cbs.co.kr저작권자 ⓒ CBS 노컷뉴스(www.nocutnews.co.kr) 무단전재 및 재배포 금지



	"
[정밀연구] 핵실험 강행 김정은 리더십의 실체(實體) ,http://news.joins.com/article/19865485,"
핵탄두 소형화·경량화·표준화에 성공했다고 주장하는 北, 사진 통한 ‘공식 인증’은 예삿일 아닌 듯... “핵 개발을 대미 협상용으로 내세워 체제 보장받는 데 더는 얽매이지 않기로 한 것 아니냐”는 관측도 북한 노동신문이 3월 11일 김정은 국방위원회 제1위원장의 탄도 로켓(미사일) 발사훈련 참관 소식을 전하면서 공개한 사진. 김정은 앞 탁자 위에는 ‘전략군 화력 타격 계획’이라는 문구가 적힌 한반도 지도가 놓였다. 김정은은 “핵 공격 능력을 높이기 위한 필요한 시험들을 계속해야 한다”고 말했다.[사진 노동신문]북한이 핵탄두 사진을 관영매체(노동신문)에 노출한 지난 3월 9일 오전. 각 언론사의 외교안보 담당 기자들이 출입하는 통일부 기자실은 갑자기 분주해졌다. 북한 최고 지도자인 김정은 국방위원회 제1위원장 앞에 핵탄두 기폭장치가 모습을 드러내는 초유의 일이 벌어졌기 때문이다.기자들은 노동신문에 등장한 핵탄두 사진이 실물인지를 확인하기 위해 바쁘게 움직였다. 북한이 하필 이 시점에 핵탄두를 백일하에 공개한 의도가 뭔지를 파악하는 일도 급했다.특히 핵탄두의 소형화·경량화·표준화에 성공했다고 주장해온 북한이 김정은의 핵무기 연구현장 방문 소식을 전하며 사진을 통해 ‘공식 인증’한 것은 예삿일이 아니다. 이미 한반도는 새해 벽두를 뒤흔든 북한의 4차 핵실험(1월 6일)과 2월 7일 장거리 로켓(미사일) 발사 이후 일촉즉발의 긴장감에 휩싸이고 있는 상황이었다. 북한 조선중앙 TV가 3월 9일 국방위원회 제1위원장인 김정은 최고사령관이 핵무기병기화사업을 지도했다고 보도했다. 시찰에는 우리 정부가 3월 8일 독자 제재 대상에 이름을 올린 전략군 사령관 김락겸과 노동당 부부장 홍영칠, 그리고 김 제1위원장의 누이동생인 김여정 등이 동행했다.[중앙포토]국제사회는 경고를 무시하고 정면으로 도전한 북한을 향해 칼을 빼들기 시작했다. 유엔 안전보장이사회(안보리)는 3월 2일(현지시간) ‘역대급’ 수위의 대북제재 결의안(2270호)을 만장일치로 채택했다.미국은 북한 권력서열 2위인 황병서 인민군 총정치국장 등 주요 인사 11명을 특별제재 대상으로 지명하는 등 추가 제재안을 발표했다. 우리 정부도 천안함 폭침과 연평도 폭격 등 각종 대남 도발의 배후로 지목된 김영철 전 정찰총국장을 비롯한 북한 인사 40명과 단체 30곳을 금융제재 대상자로 지정하고, 북한에 머문 외국 선박의 국내 입항을 금지하는 등 ‘3·8 독자 제재조치’를 내놨다. 북한 도발을 응징하기 위해 정부와 국제사회가 전방위로 ‘김정은 정권 옥죄기’에 들어간 형국이다.그렇다면 이제 초점은 33세에 불과한 북한 최고 지도자 김정은이 과연 어떤 선택을 할지에 모아진다. 핵을 버리고 협상 테이블에 나올 것인지, 아니면 핵무기와 경제개혁이라는 두 마리 토끼를 안고 간다는 ‘핵·경제 병진(竝進) 노선’을 끝까지 포기하지 않을 것인지 등이다. 이와 관련해 김정은의 ‘흉중’(胸中)을 읽는 데 참고가 될 만한 흥미로운 연구 결과물이 나왔다. 통일부가 의뢰해 이화여대 통일학연구원 이상근 연구위원이 작성한 <김정은 리더십 연구: 김정일과의 비교를 중심으로(이하 ‘김정은 리더십 연구’)>라는 제목의 보고서다.이 보고서는 태어날 때부터 왕자로 대접받고 자라 시쳇말로 금수저를 물고 태어났다는 김정은이 자유분방하면서도 적극적이며 승부욕이 강해 지는 것을 몹시 싫어하는 ‘무인(武人)적 리더십’을 보이고 있다고 분석했다. 그런 김정은의 성향을 토대로 내린 보고서의 결론은 이렇다. “강대국들의 압력에 굴복하는 것을 극도로 싫어하는 김정은의 리더십을 감안할 때 그가 핵을 포기하는 결단을 내리기를 기대하기는 어렵다.”보고서는 또 일관성이 강하고 실리를 계산적으로 추구하는 김정은 스타일에 비춰보면 북한은 앞으로 경제개혁을 지속적으로 추진할 가능성이 높다고 예상했다. 대외 개방도 점진적으로 추진할 것이라고 내다봤다. 다음의 서술내용은 이상근 연구위원의 연구보고서를 토대로 ‘김정은 리더십’의 원형을 탐구한 것이다.l 어려서부터 남다른 승부욕… 폭력적 성향도김정은의 리더십을 정확히 이해하려면 그가 태어나 거쳐온 성장 환경을 살펴볼 필요가 있다. 김정은의 개인사에서 두드러지는 특징은 그가 북한의 일반 주민들은 물론 파워엘리트와도 따로 떨어진 채 성장했고, 성인이 된 뒤에도 이름 등 신분을 드러내지 않고 살아왔다는 점이다. 세종연구소 정성장 통일전략연구실장은 “김정은은 태어날 때부터 왕자로 태어나 일반 사회와 격리됐기 때문에 누구를 의식할 필요없이 자유롭고 행복한 어린 시절을 보냈다”고 설명했다.김정은의 이 같은 유년기 성장환경은 부친 김정일과도 상당한 차이를 보이는 부분이다. 김정일은 처음부터 왕자로 성장했던 것은 아니기 때문이다. 1942년생인 김정일은 1945년 해방 이후 수상의 아들로 상당한 특권을 누리긴 했지만 늘 다른 사람들의 눈을 의식하며 살았다. 1947년 한 살 어린 남동생이 익사했고 2년 뒤인 1949년에는 생모 김정숙을 잃는 아픔도 겪었다. 또 해방, 한국전쟁, 권력투쟁 등 정치적 소용돌이를 눈으로 지켜보며 자랐다.그에 비하면 김정은은 걱정거리 없는 어린 시절을 보냈다. ‘김정은 리더십 연구’ 보고서에 따르면, 김정은은 늘 형과 함께 지냈고 수행원을 겸하는 10대 미소녀 두어 명과 어울려 다녔다. 운전기사·영화기사·경호원·요리사 등도 간혹 김정은 형제의 놀이상대가 돼줬다.김정은은 13세가 된 1996년 여름부터 4~5년간 스위스에서 지낸 것으로 파악된다. 김정은은 이때 형 김정철이 다니던 베른 국제학교에 다니다가 몇 달 뒤 그만둔 것으로 알려졌다. 이후 베른 인근의 리베펠트 슈타인횔츨리학교에 편입해 2000년 가을까지 학교를 다녔다.김정은은 공립학교에 다닐 당시 북한 외교관 아들로 신분을 위장했다. 이름도 ‘박은(Un Park)’이라는 가명을 썼다. 이 당시 김정은은 프로농구에 흠뻑 빠졌다. 함께 어울렸던 동급생들의 증언에 따르면 김정은은 방과후 친구들과 농구를 즐겨 했고, 친구들을 집으로 데려가 미국프로농구(NBA) 경기를 자주 시청했다.김정은의 승부욕이 남달랐던 것은 농구 경기 등을 통해 청소년기부터 드러났다는 게 북한 전문가들의 일반적 견해다. 동국대 김용현(북한학과) 교수는 “김정은이 농구를 할 때만은 격렬한 플레이를 했고 지는 것을 몹시 싫어했다는 동급생들의 증언이 있다”고 말했다. l 北 최고지도자, ‘능력’보다 ‘백두혈통’이 결정적1. 김정일 국방위원장이 후계자인 김정은(당 중앙군사위 부위원장)과 함께 자강도 희천발전소 건설장을 현지지도했다. 조선중앙통신은 이 사진을 2010년 11월 4일 보도하며 촬영 날짜와 시각은 밝히지 않았다. 2. 북한 김정일 사망 2주기인 17일 평양 만수대 언덕에 있는 김일성(왼쪽)·김정일의 대형 동상 앞에 김정은이 헌화한 꽃이 놓여 있다. [중앙포토]김정은의 강한 승부욕은 때로 폭력적 성향으로 드러나기도 했다. 커트 캠벨 전 미 국무부 동아시아태평양 차관보는 김정은의 고모부인 장성택이 처형된 직후인 2013년 12월 14일 미국 매체 CNN과의 인터뷰에서 “미 정부가 김정은의 성격을 알아보기 위해 스위스 학교 동급생 등 많은 사람을 접촉했다. 김정은은 매우 위험하고 예측불가능하며 과대망상증이 있고 폭력지향적이라고 결론내렸다”고 전했다.김정은은 나이가 조금씩 들면서는 학창 시절에 경험한 서방 세계에 비해 훨씬 낙후된 북한 경제난의 실상을 조금씩 깨우치기 시작한 것으로 보인다. 김정일의 일본인 전속 요리사 후지모토 겐지는 자신이 쓴 책 <북한의 후계자 왜 김정은인가>에서 2000년 8월쯤 김정은과 나눈 대화를 이렇게 기억했다.“김정은은 북한의 공업기술이 다른 아시아 국가들에게 비해 많이 뒤처져 있으며 김정일과 가족이 머무르는 초대소마저도 자주 정전이 될 정도로 전력 부족이 심각하다는 현실을 거론했다. 또 중국이 공업·상업·농업 등 여러 면에서 성공을 거두고 있다는 이야기를 김정일에게 들었다면서 북한이 본보기로 삼아야 할 것이라고 말했다.”북한의 후계자 선정 과정은 수령이 살아 있는 동안 진행된다. 김일성이 김정일에게, 또 김정일이 김정은에게 권력을 넘겨주는 과정은 모두 수령 생존 기간에 후계 구도가 짜였다.다만 김정일은 1974년 후계자 내정 이후 김일성이 사망한 1994년까지 20년이라는 장기간의 후계체제 구축 과정이 있었던 반면, 김정은의 권력 세습은 2009년 1월 후계자 내정 이후 2011년 12월 김정일이 사망하기까지 만 3년이 채 안 되는 기간 동안 ‘속성’으로 진행됐다는 점이 대비된다.김정일은 김일성이 1971년 제6차 조선사회주의노동청년 동맹 대회에서 후계자 문제를 거론한 이후 1974년 제5기 8차 전원회의에서 정치위원으로 추대되면서 김일성의 후계자로 공식 내정됐다. 이때부터 북한의 주요 매체들은 김정일을 ‘당 중앙’으로 부르기 시작했다.이처럼 차곡차곡 후계 구도를 완성해간 김정일과는 달리 김정은은 당의 공식 절차 없이 김정일의 지명에 의해 후계자 권력을 넘겨받았다. 정성장 연구실장은 “2008년 8월 뇌졸중으로 쓰러진 뒤 한동안 공식석상에서 모습을 감춘 김정일이 이듬해인 2009년 1월 대외활동을 재개하면서 가장 먼저 한 일은 셋째 아들인 김정은을 후계자로 지명한 것이었다. 그만큼 김정은 후계체제 구축은 상당히 급박하게 이뤄졌다”고 말했다.김정일의 후계자 정통성으로 능력과 자질 등 지도자 리더십이 부각된 반면 김정은이 ‘백두 혈통’이라는 핏줄이 유독 강조된 것도 이런 배경에서다. 이때부터 김정은 선전 벽보에는 “만경대 혈통, 백두의 혈통을 이은 청년 대장 김정은 동지”라고 실렸고, 김정은의 찬양 가요인 ‘발걸음’이 조선중앙 방송에 반복해서 방영됐다.김정은의 후계자 지위를 강화하기 위해선 파워엘리트 후견 그룹도 필요했다. 이를 위해 후견인으로 등장한 인물이 당의 장성택(김정은 고모부), 군의 이영호 총참모장이었다. 김정일은 2010년 6월 장성택을 국방위원회 부위원장에 임명해 ‘백두혈통의 후견인’을 맡겼고, 이영호를 중앙군사위원회 부위원장에 앉혀 ‘선군(先軍) 후견인’으로 내세웠다.하지만 공교롭게도 이들 양대 후견인은 김정은 집권 2년이 채 안 돼 형장의 이슬로 사라졌다. 이영호는 2012년 7월 정치국 확대회의에서 모든 직위를 박탈당하며 숙청됐다. 장성택은 2013년 12월 8일 정치국 확대회의에서 ‘반당 반혁명 종파행위’로 낙인찍혀 회의장에서 끌려나간 뒤 나흘 만에 사형을 선고받고 그 자리에서 처형됐다. 이후 2015년 5월 현영철 인민무력부장, 올 2월 이영길 총참모장 등 고위 간부들의 숙청이 줄줄이 이어졌다.김정은은 한쪽으로 공포정치를 통해 집권 체제 강화를 시도하면서도 또 다른 한쪽으로는 ‘인민 속으로’ 들어가는 대중정치도 적극 활용하는 양면 전략을 구사하고 있다. 북한 노동당 기관지 <노동신문>은 지난 1월 15일 김정은이 직접 기타를 치며 노래를 부르는 사진을 내보냈고, 사흘 후(1월 18일)에는 대남 선전매체 <우리민족끼리>가 2012년 5월 김정은이 한 이발소를 찾아 여성 이발사들에게 “누가 (내) 머리를 깎아주겠는가”라고 물어보는 등 화기애애한 분위기를 자아냈다고 소개했다. 동국대 김용현(북한학과) 교수는 “친근한 지도자 이미지로 주민들의 충성심을 한껏 고취시키려는 의도”라며 “이는 ‘은둔형 지도자’라고 불렸던 김정일 때와는 확실히 달라진 모습”이라고 말했다.l “인민이 ‘노동당 만세’ 부를 수 있도록 해야”김정일 사망 후 김정은 집권 첫해인 2012년 1월 17일 양형섭 최고인민회의 상임위원회 부위원장은 AP통신과의 인터뷰에서 김정은 시대 경제운용 방식의 단서가 될 만한 얘기를 했다. 당시 양형섭은 김정은이 지식기반 경제에 초점을 맞추고 있으며 중국 등 다른 나라들에서 시행된 경제개혁을 연구하고 있다고 전했다.김정은은 그해 1월 28일 조선노동당 간부들을 만난 자리에서 “공장과 기업이 충분히 가동되지 않아 생필품이 제대로 공급되지 않으니 인민들의 생활이 불편하다”고 지적했다. “인민들이 어려운 생활을 하면서도 변함 없이 노동당을 따르고 있다. 이런 훌륭한 인민들에게 더 나은 물질과 문화생활을 보장해주어 인민이 언제나 노동당 만세를 부를 수 있도록 해야 한다”고도 했다.2012년 4월 15일 김일성 탄생 100주년 기념 열병식 연설에서도 김정은은 인민들의 먹고 사는 문제를 비중 있게 언급했다. 김정은은 “인민이 다시는 허리띠를 졸라매지 않게 하고 사회주의 부귀영화를 마음껏 누리게 하자는 것이 확고한 결심”이라며 “경제 강국을 전면적으로 건설하는 길에 들어서야 할 것”이라고 강조했다.김정은이 북한 경제를 성장시킬 비책으로 삼는 것은 과학기술과 지식경제 비전이다. 실제로 김정은은 집권 후 뚜렷하게 과학기술 우대정책을 펴고 있다.지난해 11월 과학기술정책연구원 이춘근 선임연구위원이 쓴 ‘북한 김정은 시대의 과학기술정책 변화와 시사점’이라는 제목의 보고서에 따르면, 과학기술계에 대한 김정은의 특혜는 북한 곳곳에서 확인된다. 김정은 집권 후 평양을 중심으로 조성된 ‘은하과학자거리’, ‘위성과학자주택지구’, ‘미래과학자거리’ 등이 그 예다. 북한 국가과학원이 김정은 집권 1년 뒤인 2012년 12월 창립 60주년을 전후해 대대적인 체제 개편을 벌여 ‘먹는 문제’를 해결하기 위한 생명공학과 에너지, 정보·나노, 자동화 등 첨단기술에 집중하고 있다는 분석도 나온다. 이 선임연구위원은 “김정은 시대 들어 지식경제 구현과 강성국가 건설을 목표로 과학기술의 중요성과 역할이 매우 커졌다”고 진단했다.김정은은 북한 경제에 대한 처방에서도 기술적 실용성을 앞세우고 있다. 이 부분도 아버지 김정일과는 확연히 대비되는 대목이다. 김정일은 웅장한 시설물을 세우는 것을 국가적 목표로 정하고 이를 통해 주민들의 인정을 받으려 했다. 그 결과로 세워진 것들이 거대한 비날론 공장, 희천발전소 등이다. 하지만 이런 대형사업들은 재정과 기술 부족으로 여러 차례 중단됐고 완공 이후에도 원래 목표에 턱없이 미치지 못하는 성과를 내는 데 그쳤다.이에 반해 김정은은 초대형 사업보다는 관광, 주택건설, 소프트웨어 개발 등 자원투입 규모가 상대적으로 작고 실질적인 성과를 거둘 가능성이 높은 사업을 선호하는 경향이 뚜렷하다.문화·예술·스포츠 정책 면에서도 김정일이 기념비적 건축물이나 이데올로기를 반영한 예술작품 창작에 힘쓴 반면, 김정은은 순수 오락을 제공하는 것으로도 만족하는 모습이다. 선전선동 목적과는 다소 동떨어진 순수한 오락거리를 제공해 엘리트 계층과 일반 주민들의 욕구를 충족시키려 하는 것으로 보인다. 스키장, 빙상장, 인라인스케이트장, 민속공원 건설 등이 그런 사례다. l 핵·경제, 두 마리 토끼 잡을 수 있을까김정은이 그려나가는 북한의 모습은 어떤 것일까. 김정은이 새해 첫날 육성으로 발표한 ‘2016년 신년사’를 보면, 그 대강을 짐작할 수 있다. 김정은의 올 신년사 주요 대목이다.“동지들! 올해는 조선노동당 제7차 대회가 열리는 뜻 깊은 해입니다. 우리는 주체혁명 위업 수행에서 역사적인 분수령으로 될 당 제7차 대회를 승리자의 대회, 영광의 대회로 빛내어야 합니다. ‘조선노동당 제7차 대회가 열리는 올해에 강성국가 건설의 최전성기를 열어나가자!’ 이것이 우리 당과 인민이 들고나가야 할 전투적 구호입니다. (…) 경제강국 건설에 총력을 집중하여 나라의 경제발전과 인민생활 향상에서 새로운 전환을 일으켜야 하겠습니다.”김정은은 신년사에서 “‘자강력 제일주의’를 높이 들고 나가야 한다”면서 구체적인 실천 지침을 제시하기도 했다. 분야별 과제가 제시됐는데 경제가 정치·군사·사회·문화를 제치고 맨 앞에 올랐다. 36년 만에 치르게 되는 5월 당대회에서 명실상부한 자신의 시대를 열어젖히려는 김정은에게는 경제 강국 건설이 가장 시급한 화두임을 보여주는 부분이다.하지만 그러면서도 김정은은 핵을 내려놓지 않는 ‘핵·경제 병진 노선’을 끝까지 고수하고 있다. 올해 신년사에서는 핵 관련 언급을 자제했지만, 신년사 이후 5일 만에 4차 핵실험을 감행해 국제사회를 충격에 빠뜨렸다.김정은은 김정일 사망 후 집권 2년차인 2013년 2월 이미 3차 핵실험을 강행한 바 있다. 북한대학원대학교 양무진 교수는 “이미 그때부터 김정은은 핵 보유를 기정사실화하고 독자적인 생존을 추구하겠다는 판단을 했던 것으로 보인다”며 “핵 개발을 미국과의 협상용으로 내세워 체제 보장을 약속받는 데 더 이상 얽매이지 않기로 한 것”이라고 분석했다.핵·경제 병진 노선이 일시적 선택이 아니라 항구적 노선이라는 점은 최근 공개된 북한의 대외 선전용 책자 <조선에 대한 이해>에서도 드러난다. 세종연구소 정성장 실장이 지난 3월 13일 공개한 이 책자는 북한을 방문한 외국인에게 팔기 위해 제작된 것으로 자연·역사·정치·군사·경제·문화 등 각 권별 주제에 대한 질문과 답변 형식으로 북한을 소개하고 있다.이 책의 4권 ‘군사’ 편에서는 “2013년 3월 조선노동당 중앙위원회 전원회의에서 제시된 경제건설과 핵무력건설의 병진 노선은 핵무력을 강화·발전시켜 나라의 방위력을 완벽하게 다지면서 경제건설에 더 큰 힘을 넣어 사회주의 강성국가 건설 위업을 완성하기 위한 전략적 노선이다”라고 정의했다. 그러면서 “경제건설과 핵무력건설의 병진 노선은 급변하는 정세에 따르는 일시적인 대응책이 아니라 항구적으로 틀어쥐고 나가야 할 전략적 노선”이라고 못박았다.- 글 김형구 기자 kim.hyounggu@jtbc.co.kr [박스기사] 인터뷰  '김정은 리더십 연구’ 낸 이상근 이화여대 통일학연구원 연구위원 - “김정일이 예술가형이면 김정은은 무사형 가까워”北 체제는 핵·경제 병진 노선에 따라 ‘방향성’을 갖고 변화해가는 것으로 파악 통일부 의뢰로 지난해 6개월간의 연구 끝에 ‘김정은 리더십 연구’를 내놓은 이상근 이화여대 통일학연구원 연구위원은 “김정일은 ‘예술가형 리더십’, 김정은은 ‘무사형 리더십에 가깝다”고 분석했다. 예술가적 리더십을 발휘한 김정일이 장엄함을 중시하면서 겉으로 보이는 것을 우선시하는 ‘극장정치’에 주력했다면, 김정은은 효율성을 우선시하면서 모험을 무릅쓰는 경향도 드러낸다. 다음은 이 연구위원과의 일문일답.김정은 리더십 연구에 오랫동안 공을 들인 이유는?“럭비공처럼 튀고 예측하기 어려운 북한 정권과 지도자의 행태 때문에 ‘김정은의 리더십이 위태로운 것 아니냐’는 주장을 펴는 사람이 많았다. 하지만 북한 체제는 김정은이 제시한 핵·경제 병진 노선에 따라 분명히 ‘방향성’을 갖고 변화해가고 있다는 생각을 했다. 북한은 최고지도자의 권력 집중이 어느 나라보다 심하기 때문에 김정은 리더십이 어떤 특징을 갖고 있는지를 정밀하게 살펴보는 것이 북한의 현재를 파악하고 미래를 예측하는 데 제일 중요하다.”김정은이 핵 개발을 포기하지 않는 이유는 뭔가?“더 이상 핵 개발을 협상수단으로 삼아 미국으로부터 안전에 대한 보장과 체제 인정을 얻어내려 하지는 않겠다는 결정 때문으로 보인다. 미국으로부터의 안전 보장과 체제 인정을 추구하되 핵 보유국으로도 인정받겠다는 것이다.”왜 핵과 경제라는 두 마리 토끼를 다 잡으려 한다고 보나?“핵·경제 병진 노선은 한마디로 국방비를 늘리지 않고도 적은 비용으로 나라의 방위력을 강화하면서 경제건설과 인민생활 향상에 큰 힘을 돌릴 수 있게 한다는 전략이다. 김정은으로서는 어차피 핵을 포기하기 어렵다면 핵 보유를 명분으로 군사비 지출을 줄이고 경제건설에 자원을 더 배분하겠다는 계산이 선 것으로 보인다.”보고서에서는 김정일이라면 달랐을 것으로 분석했는데, 어떤 차이가 있나?“김정일은 장거리 미사일을 쏘고 대북제제에 맞서 다시 핵실험을 하고서도 미국을 결국 협상 테이블로 이끌어내는 리더십을 보였다. 김정일이라면 핵·경제 병진 노선을 발표해 미국과의 협상 여지를 스스로 막아버리진 않았을 것이다. 반면에, 김정은은 미국의 압력에 대해 미국의 예상을 뛰어넘는 초강경 정책으로 대응하는 한편 과거와 다른 협상조건을 제시했다. 또 미국이 이를 받아들일 수 없다면 대화를 못해도 그만이라는 입장을 취하고 있다.”김정은은 지난 1월 4차 핵실험을 할 때 중국에 알리지 않았다. 대중 관계에서도 강경한 자세를 취하는 것인가?“북한의 핵 정책에 대한 중국의 비판적 입장, 그리고 뒤 이은 대북 압박은 북한 지도부의 예상보다 훨씬 강했다. 그럼에도 김정은은 중국과의 관계 개선에 적극적으로 나서지 않고 있다. 이는 북·중관계가 다소간 악화되더라도 혈맹 관계의 근간을 무너뜨릴 정도는 아니라고 판단했기 때문일 것이다. 북한의 경제상황이 이전보다 개선된 데 따른 김정은의 자신감과 지기 싫어하는 특유의 개인적 기질이 작용한 결과이기도 하다.” 



	"
